celltype,sample,n_cells,group,_lib,SLC5A10,CYFIP2,RELB,ACAT1,ARMC7,PAX8,ENPEP,IL1RL1,DCN,ALDH8A1,SLC2A9,SLC9A3,UMOD,PPARA,AMN,ACTA2,KCNJ15,PEPD,TNF,EFHD1,SOST,SLC17A3,ALDOB,MME,LGALS2,BDH2,FN1,BICC1,ICAM1,HAVCR1,TDGF1,TM7SF3,CD24,VCAM1,VIM,HOXA9,RGL3,COL1A1,JUN,DPEP1,TCN2,OCIAD2,SOX9,TWIST1,SNAI1,BCAM,CRB2,CCL2,CUBN,FOS,ACSF2,SHMT1,AOC1,HNF4A,PROM1,ACY1
Podo,HK2893,46,Control,145436.0,0.0,4.424972613038352,3.0739716649756206,3.5661292598454395,2.063804502233255,4.930996913178168,6.7889583318454845,0.0,5.025650577280048,2.6913619468094883,4.33904923843601,3.0739716649756206,5.937993137836812,5.300317482751406,3.0739716649756206,4.141274108713661,4.504093777818368,3.7437288441759664,0.0,4.709656560791842,0.0,0.0,0.0,7.526979617510844,0.0,0.0,3.0739716649756206,5.229228080799725,0.0,2.063804502233255,0.0,4.245043100871631,3.3500271217092035,0.0,4.979443241925128,3.0739716649756206,3.3500271217092035,0.0,3.7437288441759664,0.0,0.0,0.0,0.0,0.0,0.0,5.334052686944996,3.7437288441759664,0.0,5.937993137836812,2.6913619468094883,3.894492982895026,0.0,0.0,3.5661292598454395,2.063804502233255,3.3500271217092035
Podo,HK2774,648,HKD,3789613.0,0.8413067803613726,1.836985153780605,3.1426792876187193,3.2087902112101343,1.955750334700759,3.428110233582389,7.473829061057313,0.23418571177672382,5.43137803487619,1.836985153780605,2.8233264683911052,0.0,0.0,3.571451237550455,0.720527276510144,1.5463508445841316,2.4240314831558996,3.2505544617937616,0.0,2.9956973485336325,0.5831300413018286,1.2916517245343275,0.0,7.626120499417555,1.7021895839153223,2.7751550324989904,1.878160831728994,4.018596638196917,1.4884965183268917,2.02775075930359,0.5831300413018286,4.533607979026518,2.6340505448120357,2.9689540733807025,4.740295750829455,4.1049002611563035,2.02775075930359,2.0618958726415233,0.0,1.4884965183268917,1.5463508445841316,2.2170549621530773,0.8413067803613726,0.0,0.23418571177672382,4.879920486548785,4.374147157166739,1.6528933010295626,0.8413067803613726,0.5831300413018286,1.7021895839153223,1.878160831728994,0.720527276510144,1.2163694540561663,2.4471327400773633,1.0463200090209994
Podo,HK2899,70,Control,40821.0,0.0,0.0,0.0,3.2385684489050024,0.0,0.0,6.665569370196895,0.0,3.2385684489050024,0.0,0.0,3.2385684489050024,0.0,0.0,0.0,0.0,0.0,0.0,0.0,0.0,0.0,0.0,0.0,7.4618132795918095,0.0,0.0,0.0,0.0,0.0,0.0,0.0,0.0,0.0,0.0,4.595006513254202,4.816127589747733,0.0,0.0,4.816127589747733,0.0,0.0,3.2385684489050024,0.0,0.0,0.0,5.283089816510718,4.310686168851709,0.0,0.0,6.335826092978688,0.0,0.0,0.0,0.0,3.2385684489050024,0.0
Podo,HK2895,81,Control,287396.0,2.4369899853410466,3.3616300297321824,3.0854412178521393,3.0854412178521393,1.4995157969126605,3.5778136799146223,6.78141901990931,0.0,6.435884305864809,2.074308275971673,2.074308275971673,0.0,1.4995157969126605,4.515983808086569,1.4995157969126605,2.074308275971673,2.4369899853410466,4.305009383799238,0.0,3.3616300297321824,3.2330405038813206,3.2330405038813206,5.568206960316025,7.512741667073067,2.9122200984667743,3.7554682448699515,1.4995157969126605,5.16464869248394,1.4995157969126605,1.4995157969126605,0.0,4.206346048899966,1.4995157969126605,2.9122200984667743,5.6448851971034975,3.475552435453162,2.4369899853410466,0.0,3.7554682448699515,1.4995157969126605,0.0,2.702573778956645,2.074308275971673,0.0,0.0,5.7932417454882765,4.62405147614317,1.4995157969126605,5.362468433374207,5.294974857747387,3.475552435453162,2.074308275971673,2.4369899853410466,3.6705809282872015,0.0,3.973922921365118
Podo,HK2868,27,HKD,60044.0,0.0,4.767128935964555,4.614394712965144,3.931106947130086,2.870988068880653,4.213871463177548,6.784101830143363,2.870988068880653,4.434052831097948,0.0,5.121249190603691,2.870988068880653,2.870988068880653,5.382235145092667,0.0,0.0,4.614394712965144,3.5354049939808934,0.0,4.614394712965144,0.0,3.931106947130086,0.0,7.356610996487519,0.0,2.870988068880653,0.0,5.589012100425098,0.0,0.0,0.0,3.931106947130086,5.216016626570664,3.931106947130086,4.899596667744916,3.931106947130086,4.899596667744916,2.870988068880653,3.5354049939808934,2.870988068880653,2.870988068880653,2.870988068880653,0.0,0.0,0.0,5.382235145092667,2.870988068880653,2.870988068880653,5.906445660567865,4.434052831097948,4.213871463177548,3.5354049939808934,3.5354049939808934,4.434052831097948,3.931106947130086,0.0
Podo,HK2663,106,Control,413517.0,2.5719556269701194,3.1252032880068623,3.012896232103344,2.7414644473218512,1.7641416727148838,4.330294930901098,6.905083180945149,0.0,4.582220961124713,2.886361608496058,4.036370158069842,1.2291375778716371,0.0,4.392017171621087,2.110799790998201,0.0,3.681161855583722,3.899253932377055,0.0,3.849026228936045,0.0,3.4793195827814,4.118337850737885,7.670240218108684,1.2291375778716371,3.1252032880068623,1.2291375778716371,4.762835704500397,1.2291375778716371,1.2291375778716371,1.7641416727148838,4.07819360723009,3.012896232103344,2.3677285301978466,4.531466055771546,4.118337850737885,3.681161855583722,0.0,0.0,3.55122309976125,0.0,2.7414644473218512,1.2291375778716371,0.0,0.0,5.179164726888143,4.07819360723009,0.0,5.492353482578558,4.392017171621087,3.3178550076745013,3.3178550076745013,0.0,2.886361608496058,1.2291375778716371,2.886361608496058
Podo,HK2867,102,Control,665640.0,1.7060092400499354,3.48273389061645,2.9458991102687486,3.2786278051148208,2.566372075924782,3.2786278051148208,7.291150657274905,0.9172157290870332,5.652269027565292,2.8636540640760706,2.6755836239084543,0.0,3.952755289777097,3.923484027785655,2.141426157630072,0.0,3.8622384764812194,3.3858792456121285,0.0,2.9458991102687486,3.4354787128506565,2.9458991102687486,2.141426157630072,7.482532481793276,0.9172157290870332,2.8636540640760706,1.7060092400499354,4.160400207588994,0.9172157290870332,0.9172157290870332,0.0,4.112389804971818,1.387450474007192,0.0,5.586909651996399,3.7969957688506235,0.9172157290870332,0.0,1.7060092400499354,1.9472313118705924,0.0,2.8636540640760706,0.0,0.0,0.0,5.68851132300604,5.401956823883913,0.0,4.833834674599045,0.9172157290870332,3.220355409989672,2.6755836239084543,0.0,3.1584760741067393,0.0,1.9472313118705924
Podo,HK2891,192,HKD,1364882.0,0.0,2.599372275971809,2.6523932414668256,1.9258987576961606,1.1625231776936469,3.4813802325157246,7.6047783811153735,0.5496601483936512,5.513056867737431,0.902324917603321,3.2546513158363943,0.0,2.4210165377474953,3.1660059680633026,0.5496601483936512,1.1625231776936469,2.8401661478370146,2.543381912881363,0.0,2.119460096482807,0.0,0.902324917603321,2.203792379849012,7.588220888372463,0.902324917603321,1.3688064034188512,0.0,3.8057697391136625,0.902324917603321,1.6856550500481435,0.0,4.336825261536254,2.9981925344953844,1.3688064034188512,5.028222805189653,3.899055865541097,1.1625231776936469,0.5496601483936512,3.7726348613988594,1.1625231776936469,1.9258987576961606,0.0,0.902324917603321,0.0,0.0,5.227701801470672,4.487733583639992,1.1625231776936469,4.1358668204089755,2.7964239827561133,2.281562542507126,1.5397277149392692,0.902324917603321,0.902324917603321,1.5397277149392692,0.902324917603321
Podo,HK2770,166,HKD,728274.0,2.0624921916796723,0.0,2.779080435733475,3.9474877148090544,0.0,0.0,7.178504698121366,0.0,4.182601896590679,0.0,2.4836455692251085,0.0,0.0,4.048256860586849,1.870638159017146,0.0,3.4837452608375403,2.779080435733475,0.0,1.6330233199464508,0.864201150596471,2.0624921916796723,4.6573481994453365,7.491594156434464,0.0,2.361963479738092,0.864201150596471,0.0,0.0,1.870638159017146,0.0,3.9474877148090544,0.864201150596471,0.0,4.223651592674126,4.117683757592096,2.936535429723747,0.0,0.864201150596471,2.4836455692251085,0.0,3.0068469757471425,0.0,0.0,0.0,4.337565558319866,3.920624795137269,0.0,4.2033373645386405,0.864201150596471,2.5921144189154384,0.864201150596471,0.864201150596471,0.0,0.0,1.6330233199464508
Podo,HK2711,42,HKD,216911.0,0.0,4.182700319343053,3.504695169840414,2.324382933309393,1.7245838285022976,3.8523124364196573,6.954173264115587,0.0,7.229436913045232,0.0,1.7245838285022976,3.7493080967148233,6.063197301549833,3.504695169840414,0.0,0.0,0.0,1.7245838285022976,1.7245838285022976,4.182700319343053,4.374160246291792,1.7245838285022976,2.696689730167524,7.805319281507227,0.0,2.696689730167524,2.967371017310945,5.658894991641344,1.7245838285022976,0.0,0.0,3.6344624955070115,4.109765293821233,2.967371017310945,7.074292542130248,2.696689730167524,3.7493080967148233,0.0,4.903015833291004,0.0,0.0,0.0,0.0,0.0,0.0,5.117794312265295,5.4643379182997185,0.0,2.324382933309393,4.484058820443765,2.324382933309393,2.324382933309393,0.0,0.0,3.504695169840414,0.0
Podo,HK2713,26,Control,20807.0,0.0,0.0,0.0,0.0,0.0,0.0,5.667687113922247,0.0,4.575962747012446,0.0,3.8930593013813404,3.8930593013813404,0.0,0.0,0.0,0.0,0.0,0.0,0.0,0.0,0.0,0.0,0.0,6.646354125332986,0.0,0.0,0.0,0.0,0.0,0.0,0.0,0.0,0.0,0.0,5.486056488185424,4.575962747012446,0.0,0.0,0.0,0.0,0.0,0.0,0.0,0.0,0.0,5.954504850687313,5.2639484391824425,0.0,5.2639484391824425,4.575962747012446,0.0,0.0,0.0,0.0,0.0,0.0
Podo,HK2662,691,Control,2988049.0,0.0,2.5426509441957297,2.6186598703434427,2.965616271525549,1.67722083957782,3.530234973687895,6.237740723613604,0.0,5.927345095933222,0.0,0.0,0.6951449834914738,0.8495807382026733,2.7969557043383393,0.0,0.2886814728195313,0.0,4.029272173902988,0.0,2.5426509441957297,7.187353368759565,0.0,0.2886814728195313,7.640581002551049,0.0,4.2524299535090915,1.795086926877839,2.8563931991789366,0.2886814728195313,0.0,0.0,3.5203815170422668,2.7552726267153798,0.0,8.213843020502312,5.444948019172164,0.8495807382026733,1.67722083957782,6.829809195006975,1.6126324841430297,1.849189115197789,4.503757028990618,1.1012751399564584,0.0,1.206768612227398,7.3863209142407,5.474843992637832,0.2886814728195313,1.206768612227398,7.117401895405122,0.2886814728195313,1.206768612227398,0.0,0.0,0.0,1.9958784124190379
Podo,HK1650,35,HKD,38500.0,0.0,0.0,0.0,3.2948744020224283,0.0,3.2948744020224283,6.394263767230054,0.0,7.447334942975405,0.0,0.0,0.0,0.0,3.2948744020224283,0.0,0.0,0.0,3.9693112809655697,3.9693112809655697,0.0,6.869054949886102,0.0,0.0,7.400842688538686,3.9693112809655697,3.9693112809655697,0.0,0.0,0.0,0.0,0.0,4.652970373588612,0.0,0.0,6.516673249682975,5.055252674421691,0.0,0.0,7.614299332346232,0.0,0.0,3.2948744020224283,0.0,0.0,0.0,7.019192101633491,5.2084921169742815,0.0,0.0,8.387223537317453,0.0,0.0,0.0,0.0,0.0,0.0
PEC,HK2893,30,Control,76886.0,2.639505016650493,4.369923867381926,3.6893495202406745,4.654437875870137,2.639505016650493,6.815024484370245,4.771162655910899,0.0,2.639505016650493,2.639505016650493,5.460065579277566,0.0,5.659962652515042,5.136277717951465,0.0,2.639505016650493,5.209965635157511,4.771162655910899,0.0,4.970292068547517,0.0,2.639505016650493,0.0,3.9707649353704855,0.0,3.9707649353704855,2.639505016650493,7.8691188259917535,0.0,3.296301130192471,0.0,5.209965635157511,4.654437875870137,4.190129555168795,4.369923867381926,3.9707649353704855,4.369923867381926,0.0,5.787378019037347,2.639505016650493,2.639505016650493,2.639505016650493,0.0,0.0,0.0,5.565000676777033,3.296301130192471,3.6893495202406745,5.403157326898091,0.0,5.403157326898091,4.970292068547517,0.0,4.87567576000441,5.613608463461776,4.654437875870137
PEC,HK2898,23,Control,34466.0,4.477817409871961,4.7626558990792525,4.078015324719935,4.7626558990792525,0.0,6.460389811950143,5.935379028040753,0.0,3.4016672996672117,3.4016672996672117,5.935379028040753,0.0,3.4016672996672117,4.984089411071951,4.477817409871961,3.4016672996672117,5.165269314913078,5.165269314913078,0.0,4.078015324719935,0.0,3.4016672996672117,5.318603729624715,4.078015324719935,4.078015324719935,4.078015324719935,0.0,7.75023931501819,0.0,0.0,0.0,4.477817409871961,3.4016672996672117,5.8555566477875916,4.984089411071951,4.078015324719935,4.477817409871961,0.0,6.009298109474965,4.7626558990792525,0.0,3.4016672996672117,4.078015324719935,0.0,0.0,4.477817409871961,4.078015324719935,0.0,5.568828766933822,6.3652360384990265,5.318603729624715,5.568828766933822,0.0,4.078015324719935,5.451522485862893,4.078015324719935
PEC,HK2774,115,HKD,653946.0,1.4007780887977181,3.70766770693442,4.388471683281091,3.8795933167053698,3.1094401504715696,6.698840606084649,5.5285764742649235,0.0,3.038759063844522,2.157084208206536,5.920479464261841,0.0,0.0,5.0163487314099156,0.0,0.9278944476840516,5.327438624176606,3.9106962057414187,0.0,3.5882604506556075,0.0,2.3199405618853275,0.0,1.7205381792627608,2.3199405618853275,3.4526368904813993,2.459951831585322,8.167416312013897,2.5827459016354255,4.388471683281091,0.0,5.122059961189744,4.77699286581684,6.006925006659276,4.15412660576315,3.9985903277132206,4.461692140570546,3.403008632145421,3.5882604506556075,2.7906608397043655,3.038759063844522,3.3507882052202653,2.6920972434275687,0.9278944476840516,0.0,4.02625158939966,3.2373776850853675,2.157084208206536,2.5827459016354255,2.6920972434275687,4.5462677337915345,4.639136182294801,0.0,3.8474918977192525,6.473647456634823,1.9624459616318375
PEC,HK2899,28,Control,21135.0,0.0,0.0,0.0,0.0,0.0,6.748370080731655,3.8777395987156607,0.0,0.0,0.0,4.962457433559148,0.0,0.0,0.0,0.0,0.0,0.0,0.0,0.0,5.652100624719,0.0,0.0,0.0,0.0,0.0,0.0,0.0,8.79861822046444,0.0,0.0,0.0,0.0,3.8777395987156607,3.8777395987156607,4.560484079768487,3.8777395987156607,4.560484079768487,0.0,7.07654571268228,0.0,0.0,3.8777395987156607,0.0,0.0,0.0,5.805749730843835,3.8777395987156607,0.0,3.8777395987156607,6.161521207658243,3.8777395987156607,5.47048084872879,0.0,3.8777395987156607,5.652100624719,0.0
PEC,HK2844,39,DKD,90169.0,3.5342953736655485,4.61326309157059,3.5342953736655485,4.364778768344078,2.4924023217890867,7.022082472637036,5.184278056062247,2.4924023217890867,0.0,2.4924023217890867,5.842961251582189,0.0,2.4924023217890867,5.0515469118557155,2.4924023217890867,0.0,4.81212863189502,3.8146558811892928,0.0,4.81212863189502,0.0,3.1433145156464883,2.4924023217890867,4.61326309157059,0.0,3.5342953736655485,0.0,8.322514667898767,0.0,3.1433145156464883,0.0,4.977931082152104,4.81212863189502,4.81212863189502,4.0333806240636525,3.5342953736655485,4.81212863189502,2.4924023217890867,5.184278056062247,3.1433145156464883,3.1433145156464883,3.1433145156464883,0.0,0.0,0.0,5.355243082195829,4.212745423442122,4.364778768344078,5.9350786352978995,4.364778768344078,4.212745423442122,5.244572977597323,0.0,3.8146558811892928,5.587873423656086,3.5342953736655485
PEC,HK2895,31,Control,114193.0,2.918538459012787,3.9804780694769493,3.3058353292652547,3.9804780694769493,2.918538459012787,6.577976155671422,6.000986056416503,0.0,3.5843079827213353,3.3058353292652547,5.266084899195946,0.0,0.0,5.066561054249065,3.9804780694769493,3.801884895306279,5.541091066844519,2.918538459012787,0.0,4.743560358440247,0.0,3.9804780694769493,0.0,4.263480030161057,0.0,3.5843079827213353,0.0,7.957112884918098,0.0,2.27799565566117,0.0,5.836350673063791,4.664243020022251,5.2198107479910165,3.3058353292652547,3.3058353292652547,3.9804780694769493,0.0,4.379698148440779,2.918538459012787,2.918538459012787,3.3058353292652547,0.0,0.0,0.0,4.664243020022251,4.131957082372742,3.801884895306279,5.266084899195946,6.488874808540963,4.483804964546561,5.393298424104722,0.0,4.379698148440779,5.066561054249065,0.0
PEC,HK2663,39,Control,96102.0,3.472489052489139,3.0824245809647963,4.8352284035092294,3.472489052489139,0.0,6.865177770372171,5.565057686840772,0.0,0.0,3.472489052489139,5.056781716368103,0.0,0.0,4.8352284035092294,3.0824245809647963,3.970821085336061,4.748939027040005,2.4341054014568346,0.0,4.748939027040005,0.0,2.4341054014568346,5.291829382022947,4.433727862847897,0.0,2.4341054014568346,3.0824245809647963,8.59250590171628,2.4341054014568346,0.0,0.0,3.970821085336061,4.988243456830912,5.604131106083946,3.7523809413388216,3.7523809413388216,3.7523809413388216,0.0,6.563265123731265,3.0824245809647963,0.0,3.472489052489139,0.0,0.0,0.0,4.914659780244178,4.14999470209575,3.7523809413388216,5.841760662665721,5.871528218472971,3.472489052489139,4.433727862847897,2.4341054014568346,4.14999470209575,5.900435221741723,2.4341054014568346
PEC,HK2867,52,Control,180787.0,1.8766169015824194,4.494260287008156,4.124632595073419,3.3553927114971005,0.0,5.856435988033973,5.298963968343982,0.0,3.927548667069348,3.1409352425906882,4.554227460851279,1.8766169015824194,5.2420994388473305,4.43046635141993,1.8766169015824194,1.8766169015824194,4.124632595073419,3.8122240925197413,0.0,4.895994128481001,0.0,3.927548667069348,3.3553927114971005,4.936517019356081,1.8766169015824194,3.1409352425906882,0.0,7.42146120698032,3.5318813459041154,2.4901215570912245,0.0,5.270935845988391,4.43046635141993,5.807788884814801,4.763530233442918,4.210295610579907,4.289195975240108,0.0,5.083946249522748,3.681844723345296,0.0,3.3553927114971005,0.0,0.0,0.0,4.763530233442918,3.681844723345296,1.8766169015824194,6.317412160022115,4.030938052846218,4.554227460851279,4.6108011134053575,0.0,2.8675643867136813,4.809662199973374,1.8766169015824194
PEC,HK2711,100,HKD,293967.0,0.0,4.130859096203769,4.6352363466209665,4.454853671641048,2.681498777126344,6.456967161414908,5.403187405881639,0.0,3.063879318381159,0.0,4.234611412600531,2.8908556331549713,5.200110898113296,3.7333964170863467,1.4820004562764713,2.0545703960919584,3.88412532297549,2.8908556331549713,0.0,4.493627284075798,2.0545703960919584,2.0545703960919584,2.681498777126344,2.0545703960919584,1.4820004562764713,3.7333964170863467,3.211335330951078,7.949674244313702,2.681498777126344,1.4820004562764713,0.0,4.234611412600531,4.945004174656137,5.8618667345508815,5.491099472375852,3.063879318381159,4.28271155600024,0.0,6.295039107100451,0.0,0.0,3.063879318381159,3.063879318381159,0.0,0.0,4.945004174656137,4.184080219211961,3.5558457583158463,4.530953451599601,6.269607644849263,2.0545703960919584,4.37248216284698,0.0,1.4820004562764713,5.881043886892649,0.0
Mes,HK2893,28,Control,109872.0,2.9550665092445776,3.3430207948916935,0.0,4.5219515993241,2.9550665092445776,4.5219515993241,3.3430207948916935,4.417797887783012,2.3126839204634217,0.0,3.3430207948916935,3.3430207948916935,5.158644287269725,4.61627330953687,0.0,6.513987975903266,3.6218311115746777,3.6218311115746777,2.3126839204634217,5.470752707466568,0.0,0.0,0.0,3.839613582082021,0.0,2.3126839204634217,4.923787532141465,4.702460214835913,0.0,0.0,0.0,4.018345050804379,2.9550665092445776,3.839613582082021,6.9007946016421,3.6218311115746777,4.702460214835913,4.169923467943974,5.995122839380136,0.0,2.3126839204634217,2.3126839204634217,0.0,2.3126839204634217,0.0,6.039466297348072,0.0,2.3126839204634217,5.304463432720774,5.1048964310558835,4.417797887783012,2.9550665092445776,0.0,3.6218311115746777,2.9550665092445776,0.0
Mes,HK2898,28,Control,37239.0,0.0,0.0,4.0019941395483185,4.401347558829114,0.0,0.0,4.0019941395483185,4.9072567942963685,3.326961054989772,3.326961054989772,3.326961054989772,0.0,0.0,5.491752387180024,0.0,3.326961054989772,3.326961054989772,3.326961054989772,0.0,5.374484296032876,0.0,4.0019941395483185,5.374484296032876,4.9072567942963685,0.0,4.685959722276632,4.685959722276632,4.9072567942963685,0.0,0.0,0.0,4.0019941395483185,0.0,4.0019941395483185,5.241614585524537,0.0,5.691673598771592,0.0,4.685959722276632,3.326961054989772,0.0,4.401347558829114,0.0,0.0,0.0,5.088345468010807,0.0,0.0,5.596700756224366,5.088345468010807,4.401347558829114,4.0019941395483185,0.0,3.326961054989772,4.685959722276632,0.0
Mes,HK2774,131,HKD,460635.0,0.0,2.270440439219526,4.1915845009027315,4.050807463527671,2.640876916817815,3.4465794366531495,3.972214397314837,5.470714293545402,3.51344642269499,2.016601404882892,3.972214397314837,0.0,0.0,5.12491917847304,0.0,4.050807463527671,2.91057353654353,3.9304732168482306,0.0,4.956598276247028,1.154020579312339,2.4727143900012876,0.0,2.270440439219526,2.016601404882892,3.690789933823513,6.7997116170561975,4.7540948953204225,2.640876916817815,2.4727143900012876,0.0,4.314966964732469,3.7435430139040418,5.015909495866881,4.1915845009027315,3.5761210795171445,5.223205167205595,2.91057353654353,0.0,2.640876916817815,2.4727143900012876,0.0,1.6755687533562715,2.4727143900012876,0.0,3.1227684708916694,1.6755687533562715,2.4727143900012876,2.640876916817815,3.0222888121872886,3.3749188065645352,2.640876916817815,0.0,2.016601404882892,2.640876916817815,2.270440439219526
Mes,HK2663,76,Control,240252.0,3.0824364952842145,2.6017180110620557,4.329697706844796,3.7523931351881306,2.2326552660438725,4.481964967214711,4.481964967214711,6.720578299515121,0.0,2.870689607944577,4.213559758359095,2.6017180110620557,0.0,5.120934694701897,3.0824364952842145,3.6496360645135457,4.273313788802665,3.405722918926297,0.0,5.145481676206924,1.6413814912804048,3.8455681706476224,4.730762638844417,4.527970706758013,0.0,2.2326552660438725,5.950463514465115,4.730762638844417,2.2326552660438725,0.0,0.0,4.009328490064935,3.7523931351881306,3.0824364952842145,3.9307967716121137,3.6496360645135457,5.798551308541882,0.0,3.535097832482591,2.2326552660438725,0.0,2.870689607944577,0.0,3.2570874726858587,0.0,3.6496360645135457,1.6413814912804048,1.6413814912804048,6.2877399973196955,5.649101502529948,4.329697706844796,2.2326552660438725,0.0,3.8455681706476224,2.2326552660438725,1.6413814912804048
Mes,HK2867,28,Control,112243.0,0.0,4.280463517127539,3.322432803206659,3.81872736626281,2.2934678122411682,2.9348395311497395,3.6010577368436136,7.129532952211259,3.81872736626281,0.0,4.396708009025302,0.0,4.902594325112473,4.500835983076266,0.0,0.0,3.81872736626281,3.322432803206659,0.0,4.396708009025302,0.0,3.6010577368436136,4.83413183361001,4.148906780338025,0.0,2.9348395311497395,5.487074512191546,5.327451592233425,0.0,0.0,2.2934678122411682,3.9973829240333707,4.148906780338025,3.6010577368436136,4.595136588569547,3.322432803206659,6.214443139118981,0.0,4.83413183361001,0.0,0.0,2.9348395311497395,0.0,2.9348395311497395,0.0,3.6010577368436136,0.0,0.0,4.83413183361001,5.369808834908904,4.148906780338025,3.9973829240333707,0.0,2.9348395311497395,2.9348395311497395,0.0
Mes,HK2558,88,HKD,229743.0,0.0,3.3001290660524414,1.6775991905736345,2.9129352208216415,2.6431965536158986,4.912164928104784,3.4489974753145587,1.6775991905736345,3.796093443568717,2.2726803183042397,2.2726803183042397,2.2726803183042397,4.427252181087189,3.796093443568717,2.9129352208216415,5.984174959408009,2.6431965536158986,3.6932251902504984,0.0,5.693674570259074,0.0,0.0,0.0,0.0,0.0,3.9746649216884284,4.053261538500577,5.445411305178946,1.6775991905736345,0.0,0.0,4.126128337613358,3.8893598694697524,2.2726803183042397,3.4489974753145587,3.1251561234004805,5.407114267457075,5.367291959472802,3.1251561234004805,0.0,0.0,1.6775991905736345,0.0,0.0,0.0,4.811170124544052,2.6431965536158986,2.6431965536158986,4.477947933304255,2.9129352208216415,3.796093443568717,1.6775991905736345,0.0,0.0,3.8893598694697524,2.2726803183042397
Endo_GC,HK2893,1448,Control,8223641.0,0.7392698617988235,3.0927187991571836,3.07602611674548,4.480844957806816,2.25255886140516,3.1464305833350625,1.3656873206731794,1.3016113776745781,1.3962486457919578,1.1970726951814736,1.9743077483544285,0.7957066521768971,3.3145110168892633,2.905112068712452,0.994143577137546,3.4735603433445794,2.549074944355213,4.546138501721304,3.8825087085894356,2.361462351519667,4.57912705530959,0.7957066521768971,3.4390376057352037,1.8291881087221291,2.1865052782700727,3.5105709521298287,6.266823177098334,2.8218599053434135,5.709494066068248,0.39635880850113975,2.7999169527539185,3.6270517173570367,3.226785546330786,4.464183080948408,8.061190749298481,1.2331469050360173,2.1010119312207562,1.0803160020957447,7.758524605842775,1.120768634628205,3.9121241501563273,4.911588939748926,0.3110093022202876,0.21768972852389212,2.25255886140516,5.8662194398768746,0.21768972852389212,5.684188903139956,3.5497604117494115,8.229075528152443,1.9910519278302414,2.5201499169221093,0.8998392115839178,1.1970726951814736,1.0803160020957447,3.130617780591507
Endo_GC,HK2898,183,Control,238792.0,2.2380988335481975,2.6073628196385124,3.5410161300948944,4.389091056266036,0.0,4.279324592037366,4.279324592037366,3.8515337642426433,4.15600668088737,3.088253336267054,5.265981498317772,0.0,3.088253336267054,4.9655216691397195,2.2380988335481975,2.2380988335481975,3.8515337642426433,3.088253336267054,0.0,3.6555735400385467,4.534000550222799,3.26294897275921,5.530478929032098,5.10182824817232,2.6073628196385124,3.936772978265643,4.015313706538043,5.988549736654274,3.936772978265643,2.2380988335481975,0.0,4.439763557706026,4.6994013252931826,3.758346042764878,4.219565346592811,1.6462991100959876,4.5779853501491585,0.0,4.9655216691397195,2.8764407218525374,3.26294897275921,3.26294897275921,1.6462991100959876,0.0,2.2380988335481975,4.5779853501491585,0.0,0.0,6.286056487281503,3.5410161300948944,4.015313706538043,4.279324592037366,1.6462991100959876,3.5410161300948944,1.6462991100959876,3.088253336267054
Endo_GC,HK2862,169,DKD,128030.0,0.0,4.01952556643791,3.690212237359315,4.370797495006791,3.690212237359315,0.0,0.0,0.0,4.150809249298246,2.810687336648436,4.836049419530325,0.0,0.0,0.0,0.0,4.150809249298246,0.0,3.868363995511714,0.0,0.0,0.0,2.1759634159909367,0.0,0.0,0.0,3.868363995511714,6.305813238989597,5.196535969366274,2.1759634159909367,0.0,0.0,4.836049419530325,4.703651434826208,4.89620697032788,5.392257255579148,0.0,4.01952556643791,0.0,4.551009970035781,2.1759634159909367,3.690212237359315,0.0,0.0,0.0,3.1958940809539613,3.868363995511714,0.0,2.810687336648436,4.150809249298246,4.836049419530325,0.0,0.0,0.0,0.0,2.810687336648436,0.0
Endo_GC,HK2596,552,DKD,555901.0,0.0,0.0,5.136356262719122,1.5255698615104434,1.855773535133784,4.938164037710601,0.0,1.0292198571930407,0.0,0.0,0.0,0.0,0.0,2.9438500981842566,0.0,0.0,0.0,3.4525551908519834,0.0,3.117355812411614,0.0,0.0,0.0,0.0,0.0,2.3020256642984704,6.149982487482495,3.117355812411614,4.912037851021944,0.0,0.0,3.331605110309007,2.8443239275662813,5.387539305646025,6.138401845944668,0.0,3.034361273728739,0.0,4.604554797206281,0.0,3.034361273728739,3.5079529098133526,0.0,0.0,1.0292198571930407,3.117355812411614,0.0,1.0292198571930407,0.0,5.1572871837379015,0.0,0.0,0.0,0.0,1.0292198571930407,0.0
Endo_GC,HK2774,402,HKD,1398429.0,1.9051930839586253,1.6659182166841906,4.413041276772762,3.697091839815762,2.8173194196673714,4.076216907509321,3.2591761506802697,4.989602185284084,3.8297397747124466,1.1458979680233905,4.519788692288143,0.0,0.0,3.6792017722600625,1.6659182166841906,3.045591773852391,3.2026614310414843,3.6235271462711545,1.1458979680233905,0.8879638023261388,2.521030451097638,2.0981260751962716,0.0,2.331769639717823,2.0981260751962716,3.231317976933524,4.273797096034474,4.273797096034474,4.5654592753422625,3.045591773852391,0.0,4.447116579727631,3.9740853623343364,4.843048750452544,4.754703290345092,2.2597879975875146,4.076216907509321,2.5769158168446658,4.488140087917599,0.0,3.5645691583783865,2.461836073868439,1.9051930839586253,0.8879638023261388,1.7926952008582357,3.932926402611978,1.6659182166841906,2.8173194196673714,2.2597879975875146,4.7850273096136755,2.773641358782549,2.8993378580276006,0.0,2.331769639717823,3.6609858110780547,0.8879638023261388
Endo_GC,HK2899,130,Control,82292.0,2.5765623959959014,3.230950591488698,3.230950591488698,0.0,0.0,3.230950591488698,2.5765623959959014,2.5765623959959014,0.0,0.0,4.902829900502652,2.5765623959959014,0.0,3.230950591488698,0.0,3.230950591488698,2.5765623959959014,0.0,2.5765623959959014,3.623154857453118,4.989222290978732,0.0,0.0,0.0,0.0,2.5765623959959014,4.123243722311316,3.9041399767613822,4.123243722311316,0.0,0.0,4.703807965037542,0.0,3.230950591488698,5.7196434805190925,0.0,5.335523752765101,0.0,7.020164036872778,2.5765623959959014,3.230950591488698,3.230950591488698,0.0,0.0,3.623154857453118,4.4550789655004746,0.0,2.5765623959959014,5.758737998002665,6.718198531343546,2.5765623959959014,2.5765623959959014,0.0,0.0,0.0,0.0
Endo_GC,HK2844,132,DKD,230506.0,1.6749038534191796,4.2543709443889925,3.9714117090299688,4.370574731266243,2.269706852077844,3.7928524276213587,4.771816275474303,1.6749038534191796,2.269706852077844,3.1219864094343412,5.839839787941983,2.640117167827445,2.269706852077844,4.050003610320618,0.0,2.269706852077844,3.7928524276213587,3.5753258816959996,0.0,3.689992254762689,2.640117167827445,4.314159804006552,3.8861122121314073,4.695532204456809,0.0,3.9714117090299688,3.1219864094343412,4.908873760048701,3.29693593592035,0.0,0.0,4.612944715238762,3.1219864094343412,3.1219864094343412,3.5753258816959996,0.0,4.314159804006552,0.0,3.9714117090299688,2.269706852077844,3.29693593592035,2.909799994168939,0.0,0.0,1.6749038534191796,3.9714117090299688,0.0,1.6749038534191796,6.054795205364777,3.4457874064059513,4.314159804006552,4.050003610320618,2.269706852077844,2.909799994168939,2.909799994168939,2.640117167827445
Endo_GC,HK2895,291,Control,870953.0,3.075791126099812,3.4657522999335724,3.021343921902038,4.761874110168576,2.9026578476949303,4.161211885330375,3.8963617749104587,1.491667994506303,2.7679642059611878,2.693140331590641,4.230358727182509,1.1928112949523377,2.065470080232059,4.355775416717096,2.9026578476949303,2.7679642059611878,4.907757671934368,4.384817276637759,0.0,3.501003267725042,6.161302346214718,3.021343921902038,6.481820876820619,4.370401771676022,3.075791126099812,4.263218077239166,4.9493019065644415,5.562548631393475,3.6307566448085655,0.7646151912698745,0.0,4.325864834989232,3.3912880981057576,3.535053801190381,4.9411299871628165,2.6122617563851755,4.161211885330375,0.7646151912698745,5.134507218764822,3.075791126099812,3.021343921902038,3.8238153283413094,0.0,0.0,1.1928112949523377,4.413039455995299,0.0,2.6122617563851755,6.119255546432635,5.772495879337562,4.355775416717096,3.8963617749104587,2.6122617563851755,3.021343921902038,1.491667994506303,4.047605993610613
Endo_GC,HK2868,125,HKD,297748.0,2.4047475990863845,4.002534726572398,4.442223167727764,3.327491940499766,1.4721382424089244,4.655053933889661,3.720923943998349,2.4047475990863845,3.799102485396415,2.4047475990863845,4.979608412231829,0.0,3.1990735952236475,4.222017731747089,1.4721382424089244,3.0516998969896454,3.6361112016353876,2.669598952393364,0.0,3.799102485396415,3.6361112016353876,4.1714961929787036,0.0,4.1714961929787036,0.0,2.0434373006527786,4.932315758449041,5.277071252636855,4.118285779979357,0.0,0.0,4.270109127240069,4.359864491353787,3.327491940499766,3.8716098301604926,3.720923943998349,4.1714961929787036,1.4721382424089244,1.4721382424089244,3.0516998969896454,2.8787896124134966,1.4721382424089244,1.4721382424089244,0.0,2.4047475990863845,5.046601108414191,1.4721382424089244,0.0,5.4056637176112226,4.589018440814663,4.002534726572398,0.0,0.0,3.1990735952236475,3.720923943998349,0.0
Endo_GC,HK2833,143,Control,195751.0,3.604402548500069,4.475574153984984,3.849653365111792,2.4174359648076797,4.131999447955018,5.792848860272488,3.604402548500069,2.7927339505489766,1.8096862754405723,0.0,5.247106369892784,0.0,3.7345276848090925,4.933972583431539,4.532099940855342,1.8096862754405723,5.133333721371787,2.4174359648076797,0.0,4.857587204757255,0.0,5.677391447977275,5.373231364336318,4.817088874801973,0.0,4.131999447955018,4.210806719401397,4.857587204757255,4.210806719401397,2.4174359648076797,0.0,4.131999447955018,5.463799659728692,2.7927339505489766,3.7345276848090925,3.454775570096975,5.485215702920359,0.0,5.219853571819493,5.219853571819493,3.2787530117494628,2.7927339505489766,0.0,0.0,0.0,5.102746322889036,2.4174359648076797,0.0,6.1656139660909695,6.791091508184347,5.349246955536586,3.9528829004414012,0.0,4.475574153984984,3.0649841821099755,3.2787530117494628
Endo_GC,HK2663,467,Control,1432185.0,2.751295507826819,2.9525157089482663,4.279714930427109,3.6377543648054274,2.4991169601140797,3.990201270898746,4.052774705175098,3.340424876080781,0.0,2.6077294618950235,5.781614301762904,1.6466186434208154,0.0,4.57837710389185,2.077231373003549,2.705692514018988,3.8369804027637104,3.8666420047562204,0.0,3.3153811108748035,4.534392121109635,4.015702388626452,4.712417409261402,4.592619094113679,2.1610874243286666,3.0886311178221098,4.4066597678952,5.171941388247178,3.5414004801283596,2.077231373003549,0.0,4.5711793165876236,2.4400406615045007,2.751295507826819,3.5614283123962376,2.1610874243286666,4.7371968835156855,0.0,4.052774705175098,2.4400406615045007,2.2384524426213197,2.836700070345996,0.5295887801514765,0.0,0.873995834463543,4.123034736953328,0.0,1.7728546816477415,6.023345777510477,4.526869452947115,4.1672739903699725,3.4347628440833162,1.1296914403127851,3.340424876080781,2.836700070345996,2.79490925454205
Endo_GC,HK2867,277,Control,484663.0,1.9726728143156556,4.108171704769107,3.464151525114301,4.6259642581033775,1.119489285396251,3.1653139680121494,4.32119345542472,4.000867285654437,2.9739775478943113,3.3258544404713795,4.979696614974748,1.119489285396251,5.4200859504421475,4.108171704769107,3.0742149976057167,0.0,4.000867285654437,4.374561273211904,1.9726728143156556,3.0742149976057167,5.697474838433504,4.073667276996641,5.874609797296147,4.758270624897782,2.2249648282566574,3.464151525114301,4.890728887503544,4.979696614974748,3.7439779347241626,1.119489285396251,0.0,4.758270624897782,4.235388988025916,2.5937413252649657,5.074381494923358,2.737157468400316,3.1653139680121494,0.0,6.068952003967552,3.2488024058989673,3.8806490447135613,3.5267319084103255,0.0,0.0,3.2488024058989673,4.722220724143538,1.119489285396251,2.5937413252649657,5.941867807576437,5.5801110180488065,4.000867285654437,4.348233337574242,2.2249648282566574,3.0742149976057167,1.119489285396251,3.5267319084103255
Endo_GC,HK2739,201,HKD,304974.0,2.3829573583143278,3.3043833643261706,3.775666702185172,4.4945976353071115,0.0,3.9157066255146913,4.457286798687039,3.775666702185172,2.3829573583143278,3.0288675976070434,5.253216158951319,1.4537118691145394,3.3043833643261706,4.2923384548316275,1.4537118691145394,1.4537118691145394,4.631305750568679,4.2923384548316275,0.0,3.1760842379003087,2.856173622927182,4.418529729110588,4.955796253300266,4.4945976353071115,0.0,4.147891534823949,3.9157066255146913,4.751552612438444,3.3043833643261706,0.0,0.0,4.72281911014556,3.520155443202178,4.457286798687039,3.978998966547132,0.0,4.246469318490329,0.0,4.147891534823949,2.3829573583143278,2.647299850282493,3.612771557769976,1.4537118691145394,0.0,0.0,4.4945976353071115,0.0,3.3043833643261706,5.853840828261026,4.378209772668113,4.378209772668113,4.246469318490329,3.0288675976070434,4.246469318490329,2.647299850282493,2.022598148468533
Endo_GC,HK2558,837,HKD,3961843.0,1.0177111032774602,3.520845684629603,4.466724489874806,3.864835784748525,2.0560462543336295,4.788628368213665,0.0,0.2250679232615623,1.9541315097470542,1.0177111032774602,2.5738003397254383,1.0177111032774602,4.443260377382657,3.4981966849233217,1.259618787637729,2.4726260998767575,2.311215752798004,3.7470275075665467,0.4086703404240724,2.749809439063143,0.0,1.1050125126008072,0.0,0.0,0.6979511846801343,2.8994266991652475,5.363764934712257,4.780188820176119,4.752257754846117,0.2250679232615623,0.2250679232615623,4.665832874330655,3.3851384323613365,4.525819752828246,4.512062933645582,1.3287938391056697,4.179971405481996,1.4542569708727837,4.805296745792067,0.5637349171039518,3.1337307898505666,3.2957628423457805,0.6979511846801343,0.0,0.2250679232615623,4.517588391997405,0.0,2.4726260998767575,4.563361513480874,3.585868441446115,2.7001811848329473,3.088760115200702,0.0,0.0,3.5574900636144173,1.61711328025015
Endo_GC,HK2891,643,HKD,2177545.0,1.438561644240689,2.9871224730126316,2.7533707540465913,4.779315233348664,2.5603272887194723,2.8899056556007947,2.6930707536009066,2.7822098574739873,1.5419857274710296,1.0427228479220516,2.4867038867792766,0.651525657989966,5.45263278911752,2.7236751962369943,2.8102405270640345,2.065404912193426,3.0100185328853826,4.651925936628224,3.285301360113361,2.6615000287280455,5.295255444875465,2.447754430416417,5.408375780685574,3.137369520435164,2.9151101620380815,3.923895014643262,6.388976766695835,3.267963155947688,4.727854907822244,0.3779107906260485,0.3779107906260485,4.075218277706478,4.448502666005231,3.905575717094812,7.531276354517038,2.065404912193426,3.1764541344918573,0.3779107906260485,7.202912361536891,3.1571027661926636,4.185887338139318,5.206185301908079,0.3779107906260485,0.3779107906260485,3.3023440670700204,5.761644395196578,0.0,4.010772095573091,4.404582401563513,7.652167893669527,2.837506854557244,2.7236751962369943,2.4867038867792766,1.5419857274710296,1.7213955865992518,3.414143110573818
Endo_GC,HK2770,135,HKD,464600.0,2.009175644508532,3.7351758897925014,2.6329195973391255,5.532715470241386,1.668607981167714,2.262758083294962,3.438282743736167,4.21544156300618,2.464869384548928,3.205842485555092,3.9638056333656597,0.0,0.0,3.114576591166369,2.6329195973391255,1.1481606262906605,3.922071361081667,4.932694694571982,3.438282743736167,2.902471219718112,7.00970520688806,3.289471085254875,7.431579905517801,4.115239668605153,3.8785191955342486,4.8519596361564865,4.687850559019694,3.7852750228335776,4.042386449539649,0.0,0.0,4.079476361343823,4.0038677110247445,2.464869384548928,5.881361132848449,2.464869384548928,3.8329835251615303,1.1481606262906605,6.481843423133274,3.5051319995922334,3.626754433693592,4.389974945773584,1.1481606262906605,0.0,2.6329195973391255,4.687850559019694,1.1481606262906605,3.366642477821277,4.764129407987291,5.166747028704607,3.014136981452658,4.042386449539649,1.1481606262906605,3.289471085254875,1.1481606262906605,4.467005976458759
Endo_GC,HK2711,389,HKD,942628.0,2.2499130655818833,4.00922336165975,5.014506507653488,4.101127794493602,1.8412350196388432,4.06537307338646,3.695158789234717,1.6569807334148927,3.3527932761984873,2.3559149319051,4.00922336165975,3.0004983919549786,5.8995584242570684,3.949732314841643,0.0,1.4309310658995786,3.583755247431252,3.908009735083886,2.763301627712516,3.721173045973184,3.424399085512557,2.6940344696650707,4.292358240329219,3.7712553295353266,1.8412350196388432,3.424399085512557,5.947802580357789,5.551908876562028,5.833456915619121,0.0,0.0,4.135648123894481,4.878902340980072,5.212043469301181,5.311056565823696,2.1313277627268357,4.489217125355169,0.7231252554172284,6.067755772224007,0.7231252554172284,2.451749547386821,2.3559149319051,0.7231252554172284,0.0,0.7231252554172284,4.334952527904906,0.7231252554172284,3.949732314841643,5.6498564428293605,6.359764079259841,3.6684496744962773,3.5538510628505042,2.3559149319051,2.763301627712516,3.6684496744962773,1.9967639370538741
Endo_GC,HK2896,598,Control,1739778.0,1.4926154861400232,1.6141272700074525,2.570358206862026,5.328839754408367,2.5253861511696596,0.45411937633998867,2.8387279574304047,3.885827606537108,1.002232780287405,2.1367923067096983,2.9348332723438753,0.0,0.0,3.103109408571602,2.7691098930910116,2.8717999973438757,2.7691098930910116,4.84322701375643,2.202433619816925,2.2640302844449183,7.222248752927755,1.9909717056807528,6.320171837980533,3.050102518428462,3.20137253680031,4.53223121621374,4.1534255878174,0.45411937633998867,4.441694950579961,0.0,0.0,4.038730365619516,1.193663014745624,2.8717999973438757,6.121737500100502,2.6133945189522567,3.128595131917317,0.0,6.728137153458089,2.5253861511696596,4.018267153701642,4.116636372203784,0.7652687324961689,0.0,3.647043628096942,5.334399342960461,0.0,3.601051307204118,4.334633136394284,6.187635900705131,2.654654874721798,3.4669365203889626,2.570358206862026,2.1367923067096983,0.0,3.799609550867516
Endo_GC,HK2923,603,Control,1133688.0,1.8393523165752848,2.086493520914156,2.7155705487932646,4.576218938137911,2.591447217053319,1.5103482740992977,3.015813874964628,3.137749174850133,1.016734550516937,1.9705384140630853,2.7722953886514454,0.0,2.3705096811420057,2.591447217053319,2.4497044971726902,2.9253923197940335,3.4336844070902597,4.110566102122779,3.0987330624774714,2.3705096811420057,7.456821260705462,1.5103482740992977,5.931621015703681,2.9716247566076794,3.2801677133976606,4.520199500006906,5.3557197664152465,1.2936939515387313,4.3758179552296,0.0,0.0,4.306931022346366,3.246419132657722,2.4497044971726902,6.040222636766693,2.5230851324199675,2.5230851324199675,0.6323759027049167,6.952134828908924,3.1753000203334283,3.7485062710099224,4.419239949474662,0.6323759027049167,0.0,4.035493744519135,4.663129154162365,0.0,4.353378808332473,3.489048554771828,6.645466688909913,3.015813874964628,3.3444289150572777,2.4497044971726902,1.688320165187323,0.6323759027049167,3.0581326715735706
Endo_GC,HK2924,878,Control,1807167.0,0.9783475035983028,2.394283416189462,2.342477594880209,4.266556030819328,2.443537068952512,1.5838053961199394,1.7884490994360263,3.210607678591676,0.9783475035983028,2.033427379462068,2.898886571905908,0.0,0.9783475035983028,2.802988442237997,2.168703019066263,2.5353144029577592,2.7688637846367343,4.430850651572975,3.092286545742881,2.2878405909967934,7.351953835376803,1.4632817322559037,5.818097246408199,3.11709730203533,2.9289123957187164,4.160166028702654,5.466912123950882,1.4632817322559037,4.021449028587404,0.0,0.0,3.9494808346299903,3.3748864944241537,3.2754151397836693,7.050191442648974,2.490478251519953,1.8769462942639488,0.44041536401910797,7.566986873704357,2.9863876431881593,3.9705770685743174,4.622126776919755,0.0,0.0,3.336277001597606,4.871253956330635,0.0,3.1880370084206655,3.4120605443611627,6.624807470209602,2.443537068952512,2.802988442237997,2.168703019066263,1.4632817322559037,0.44041536401910797,2.9863876431881593
Endo_GC,HK2662,29,Control,84226.0,0.0,2.555117985172582,3.6005523512694557,3.2086491801095276,3.2086491801095276,2.555117985172582,0.0,0.0,2.555117985172582,0.0,2.555117985172582,0.0,0.0,2.555117985172582,0.0,0.0,0.0,3.881383853476018,0.0,0.0,4.279951137121866,0.0,0.0,4.879774633344525,0.0,4.10039442232633,7.93844024798676,0.0,3.881383853476018,0.0,2.555117985172582,3.2086491801095276,0.0,0.0,7.334716722834934,3.881383853476018,0.0,0.0,6.832039681416266,0.0,3.881383853476018,3.881383853476018,0.0,0.0,3.2086491801095276,6.032003244551874,2.555117985172582,0.0,0.0,6.326189657271419,0.0,0.0,0.0,0.0,2.555117985172582,2.555117985172582
Endo_GC,HK1650,3123,HKD,2426818.0,0.0,0.9738986137215099,2.6227775777018496,4.535840859144124,2.3877983936426967,0.9738986137215099,2.0272261692593676,4.628567372961326,0.6011001073094334,0.9738986137215099,2.5924048622462674,0.0,0.6011001073094334,1.9714293498260078,1.9123343089436768,2.6522549194444327,2.3091006928600417,4.050958927225651,1.633275944953337,2.2673005002713293,6.7130341059399115,2.130267711119591,4.319768161107992,1.8495264892289391,2.5610806705982077,4.591666874337498,2.46075206114165,0.0,4.01443901264095,0.0,0.6011001073094334,3.661244187555493,1.5493821146143698,1.1185165689697345,5.230252950745446,2.349223509569704,2.6227775777018496,0.0,6.18705042799447,2.46075206114165,3.8533545403164453,4.462557000484774,0.0,0.0,1.244838305076669,4.972570957288301,0.0,3.0139122171513755,2.5924048622462674,3.5842211434669626,2.349223509569704,1.8495264892289391,1.1185165689697345,0.9738986137215099,0.0,3.163930472525899
Endo_GC,HK1585,83,Control,103171.0,0.0,2.3695562331635185,3.4037919650845834,4.479990287539334,3.0148136790024185,2.3695562331635185,0.0,0.0,0.0,0.0,0.0,0.0,0.0,2.3695562331635185,0.0,2.3695562331635185,0.0,4.2319087772373685,0.0,2.3695562331635185,5.167454589474069,0.0,0.0,0.0,0.0,3.4037919650845834,5.82965894144827,0.0,3.6831275625901214,0.0,0.0,4.0801759453535675,2.3695562331635185,3.0148136790024185,7.609401444326593,3.0148136790024185,2.3695562331635185,0.0,7.29592652035085,0.0,4.764834957561761,5.571018205287194,0.0,0.0,3.0148136790024185,5.8850699108356945,0.0,2.3695562331635185,2.3695562331635185,6.280574737588881,0.0,0.0,0.0,0.0,0.0,3.0148136790024185
Endo_GC,HK1635,148,DKD,221310.0,1.708114898575598,2.677978954538449,1.708114898575598,4.464210404805875,1.708114898575598,0.0,1.708114898575598,3.6149204091848643,0.0,0.0,5.177411066954059,0.0,0.0,0.0,1.708114898575598,3.926005494490166,1.708114898575598,3.8326656020181544,0.0,0.0,6.898272612919681,1.708114898575598,4.563196710911182,0.0,0.0,3.8326656020181544,3.3361713409260116,0.0,3.3361713409260116,0.0,0.0,3.4852272223074383,0.0,1.708114898575598,4.848268211743094,1.708114898575598,3.7297079553230676,0.0,5.7161811557724285,2.948336351833672,4.354338415856068,4.162932389319116,0.0,1.708114898575598,0.0,4.883089083042072,0.0,0.0,0.0,2.677978954538449,2.306287957357398,1.708114898575598,2.677978954538449,1.708114898575598,0.0,3.160939173682115
Endo_GC,HK1997,684,Control,670469.0,0.0,2.2974679837809906,2.7672578308445788,4.850285991938976,2.668854620289006,0.0,0.9128822368071687,2.2974679837809906,0.9128822368071687,0.0,2.668854620289006,0.0,0.0,1.3820319239001129,2.668854620289006,1.3820319239001129,1.3820319239001129,4.401101503098161,3.37889628701594,1.3820319239001129,6.054616751709004,2.2974679837809906,4.105280063177147,2.135049641851112,3.0150157703353737,4.242889420676277,5.639779754525089,1.7000972583000433,4.199090446008239,0.0,0.0,3.475728269621098,2.856839445491346,2.2974679837809906,6.769114369642481,2.5597006953912516,2.2974679837809906,0.0,8.340956146417552,1.7000972583000433,3.755645449807288,5.217398331580237,0.0,0.0,4.850285991938976,5.579708348252516,0.0,3.886249392670781,1.941037306386602,7.691209519300731,2.2974679837809906,2.135049641851112,0.0,0.0,0.9128822368071687,2.2974679837809906
Endo_GC,HK1770,1027,HKD,1688634.0,0.0,2.290807970834156,3.022492164790525,5.265087609600657,2.5056645492712737,1.9346969985723321,1.7470335278195692,2.163154079360941,0.0,0.0,2.349002368348854,0.0,1.214550230944331,2.0926459353863214,2.552868426450885,2.0167867140446067,1.7470335278195692,4.517494365571578,3.319580833681034,2.456121596853384,5.843733050136038,2.456121596853384,4.235589221445664,1.6380958166727504,3.0509123446696105,4.145994711598508,5.65752146344323,0.46511333987116266,4.49129576334751,0.0,0.46511333987116266,3.676114615529778,3.1571449313993982,1.9346969985723321,6.911334388111421,2.5979441761733604,3.206308607631013,0.0,8.271009342982833,1.9346969985723321,3.9268002732969784,5.227663768407712,0.0,0.0,4.895236405598314,5.792682578183194,0.46511333987116266,4.269294038238726,2.8325810983776103,7.7632784641689385,2.229016583058372,1.8452610158236196,0.7813362817397644,1.021221363964953,0.46511333987116266,3.022492164790525
Endo_GC,HK1634,1901,DKD,1796964.0,0.9818846435895657,0.7481032258236051,3.6737175442125407,4.396116422100718,3.0193167675598036,0.9818846435895657,0.44243596899207954,3.046130207727835,1.1712357580178667,0.0,5.022629222663351,0.7481032258236051,0.0,3.2160417950556823,0.44243596899207954,3.0722434219332886,0.0,4.036881706277222,4.436445290549758,1.3303774676843876,7.0828348775597,1.1712357580178667,2.873272239318536,0.44243596899207954,1.5883080877462,3.7807758939910627,4.0563381475373586,0.0,5.589346494513419,0.7481032258236051,0.44243596899207954,3.259719754812694,1.1712357580178667,1.5883080877462,5.593497626673692,2.540528794987589,3.659491938908586,0.0,7.384571680002535,0.44243596899207954,4.248570636218042,4.402951860555877,0.7481032258236051,0.0,3.9334806509723634,5.033566383110049,0.0,3.715219018337076,2.1083234503800754,6.169433956621261,1.695973967549721,0.7481032258236051,0.0,0.7481032258236051,0.44243596899207954,2.540528794987589
Endo_GC,HK1588,31,Control,20994.0,0.0,0.0,4.567108065958295,4.567108065958295,0.0,0.0,0.0,0.0,0.0,0.0,3.8842952589422155,0.0,0.0,0.0,0.0,0.0,0.0,4.969104512673775,0.0,3.8842952589422155,7.1964726113091375,0.0,0.0,0.0,0.0,4.567108065958295,4.969104512673775,0.0,4.567108065958295,0.0,0.0,0.0,0.0,0.0,6.430081574320914,0.0,0.0,0.0,7.834206544696075,0.0,4.567108065958295,3.8842952589422155,0.0,0.0,0.0,5.945580950716634,0.0,5.255047732116427,0.0,6.350173217563995,0.0,0.0,0.0,0.0,0.0,3.8842952589422155
Endo_GC,HK1597,156,HKD,140210.0,2.0958264362171413,0.0,3.6017079149127142,4.281122688256856,2.7255179353094623,3.38536049143755,0.0,3.38536049143755,0.0,0.0,2.0958264362171413,0.0,0.0,0.0,2.0958264362171413,0.0,0.0,4.540290974913015,0.0,0.0,3.930356167932778,0.0,4.177297341381191,0.0,2.7255179353094623,3.6017079149127142,5.370474140908243,0.0,3.779472923777672,0.0,0.0,3.38536049143755,2.7255179353094623,4.061429958456568,6.794048768938412,0.0,2.7255179353094623,0.0,6.817739035291156,3.38536049143755,3.779472923777672,5.062009392579455,0.0,0.0,2.0958264362171413,5.228088722077785,0.0,0.0,2.0958264362171413,5.495089848738828,0.0,3.108903656913851,0.0,0.0,2.0958264362171413,3.108903656913851
Endo_GC,HK1632,273,DKD,206605.0,0.0,0.0,3.013602430300682,4.916502691611206,3.22687453311745,1.764757152125462,0.0,3.6818858390780527,0.0,0.0,3.7968676824798804,0.0,3.013602430300682,2.742159266289532,0.0,3.5519444878487465,0.0,4.763572051041432,1.764757152125462,2.742159266289532,5.691201629765587,0.0,3.899981580974604,0.0,2.368401656505157,3.7968676824798804,5.109365275310763,0.0,3.9934498578544133,0.0,0.0,3.899981580974604,3.402560568812456,1.764757152125462,6.5619672453679385,2.368401656505157,4.298676394175151,0.0,6.52717062281967,1.764757152125462,4.362365396428289,5.0491180769730395,0.0,0.0,0.0,4.9850071303110255,0.0,4.157663604466655,1.764757152125462,4.677336288383879,2.368401656505157,1.764757152125462,0.0,0.0,1.764757152125462,3.22687453311745
Endo_GC,HK1593,46,HKD,54486.0,0.0,0.0,0.0,4.99604069434197,2.9628649354606216,0.0,0.0,0.0,0.0,0.0,2.9628649354606216,0.0,2.9628649354606216,0.0,0.0,0.0,2.9628649354606216,2.9628649354606216,0.0,2.9628649354606216,6.437773262394232,0.0,4.026422820742033,0.0,0.0,4.530087656845449,5.552753124120725,0.0,3.6298371860544494,0.0,0.0,2.9628649354606216,4.309635413489396,0.0,7.42126956563837,0.0,0.0,0.0,7.746525733099007,2.9628649354606216,2.9628649354606216,5.6857998031267645,0.0,0.0,0.0,5.746224768673343,0.0,0.0,0.0,6.437773262394232,0.0,0.0,0.0,0.0,0.0,3.6298371860544494
Endo_GC,HK1594,109,HKD,117309.0,0.0,0.0,0.0,4.457191519331631,2.253866915594934,0.0,0.0,3.775572514868524,0.0,0.0,2.253866915594934,0.0,2.253866915594934,0.0,2.253866915594934,0.0,0.0,3.954066093866215,2.893089742690673,2.253866915594934,6.65509158614151,2.253866915594934,4.23694249522959,0.0,2.253866915594934,3.775572514868524,5.6727486507377805,0.0,4.551447063057016,0.0,0.0,3.954066093866215,0.0,3.558143594546065,6.980156297550464,2.253866915594934,2.893089742690673,0.0,7.504786560506429,2.893089742690673,4.23694249522959,5.325873598394038,0.0,0.0,3.775572514868524,5.405542074521856,0.0,4.983033973702677,0.0,6.880170745548948,0.0,3.279913929577566,0.0,0.0,0.0,2.893089742690673
PT_S1,HK2893,1045,Control,3256027.0,5.100367434881797,5.257653468566328,0.9304357385934918,5.7414029039016095,1.8761327381970831,5.861127893847878,5.847033923437749,0.0,2.087387822194382,4.591730656633732,6.198660191473327,4.329916605854036,5.529108779084841,6.3251253532656495,4.867469520233642,2.756325470614975,6.729075771635319,6.1467838656781435,0.0,4.853192266526009,0.267828355514978,5.211838136917367,8.618743998507819,6.689755996080622,5.957768630307353,5.176044312769128,2.382128752877281,7.10507012197843,0.8013246933751421,1.6079559918306843,1.2403959780406886,4.981239576732252,4.801552794681251,2.7366227395562253,3.3655070307439985,3.7485994938997167,3.7485994938997167,0.267828355514978,2.6750724608715846,5.759962545936677,3.726661738166899,5.560314205720782,1.0447671664247098,0.267828355514978,0.0,3.7117645523030998,0.8013246933751421,0.6530375786012695,8.1071876715694,2.6750724608715846,6.1388643705535495,5.292234189802449,4.209732379552884,5.353653160487542,2.831469679932066,5.668830007945191
PT_S1,HK2898,2558,Control,5028605.0,5.589771152173394,5.501274752505263,0.33484564119148985,4.808150789480865,2.023196030037383,7.09482211435919,6.600142086598494,0.18137303102871025,3.3050470899909747,4.7967226273873536,7.522415069051039,3.9833852881682863,2.392710531278344,6.713556881610644,4.405950166888236,1.3820188920578453,7.594300220142872,5.83669622858453,0.0,4.7199623586342305,0.0,6.410383130935482,6.9454986173675435,7.757404074376403,3.66311798279648,4.55661770412788,0.33484564119148985,7.528847318501567,1.6440535158983345,2.67570860404775,0.18137303102871025,5.749422520324871,3.853038220391646,2.75466726587354,2.7672415236008288,3.9533110675279577,3.7177143624612117,0.0,1.6817531399707584,5.746250992592853,3.7225329846213993,4.912857127260733,0.6902988998863802,0.18137303102871025,0.0,3.13003822690042,1.2768170535108625,0.0,8.898545979583998,1.5641023859659964,6.52518127011254,5.857942731078214,2.7159670413886836,5.987273006979411,0.8721449535001283,4.855701173325206
PT_S1,HK2774,101,HKD,535438.0,4.3018676096949715,3.824788696873121,4.375007739219475,4.711241907335462,2.8796853494650314,7.086974623898214,6.385259603294709,0.0,2.97941479753446,4.043558086209912,6.805794782375884,2.3358408712635996,0.0,5.690648327364968,3.7831774607024236,2.3358408712635996,6.654238076113056,5.311746912606653,0.0,3.1532298486042456,0.0,5.433070453386981,4.852021130000591,5.59125213485772,3.2299814585319098,3.3012598431582467,4.375007739219475,7.321130725242501,3.9758169288840763,4.852021130000591,0.0,5.533903316623281,4.837322642960226,6.299831745027409,5.555796338376845,3.7831774607024236,4.276248460898252,2.501909543991141,4.880785425632827,4.776268004413283,3.7397592678284486,3.8647373883223577,3.903151298086981,1.5550365786258116,3.0700940377387447,2.1365918364847705,1.0534858577989183,4.527358508061171,7.375228149344172,4.807261209943271,5.703184891148182,4.880785425632827,1.5550365786258116,5.013367486599527,5.311746912606653,3.7831774607024236
PT_S1,HK2899,581,Control,373655.0,5.697313176587923,5.510264186134468,0.0,3.948336520663549,0.0,5.963729726049989,6.43706320577733,0.0,0.0,4.218133798219644,7.287725458689811,4.550389701227775,2.8365954555814508,6.8232415945960145,4.707066692804586,1.8488533284683886,6.766318474664716,5.4431050775198955,0.0,4.605388411629855,0.0,4.799354017461019,6.017299500825083,7.670749691129315,4.294003421698148,4.218133798219644,1.3018974377569132,7.3359599743434405,1.8488533284683886,2.200419093564978,0.0,5.101403038602886,3.222325462086093,1.3018974377569132,0.0,4.364520551370625,4.218133798219644,1.3018974377569132,4.294003421698148,6.110608013765483,2.4600214111609104,4.754274596329324,1.3018974377569132,0.0,0.0,3.109512834987735,0.0,0.0,8.7059365933082,2.6659306773308082,6.7693965968029035,5.870051010529763,1.8488533284683886,5.749784845652449,0.0,4.631793523621813
PT_S1,HK2844,1515,DKD,2762756.0,5.608848939047721,6.012648673430458,2.739438804605884,4.6389332098649545,2.47306365019696,6.418479083583804,6.938060234862213,0.5445977600554441,2.307466678016062,4.763782280776199,7.534353345627994,4.791201059393292,3.5029777750101014,6.853464511238764,4.683421068008581,1.967570424044823,6.066960065381254,5.235217928888541,0.0,4.573872617416064,0.0,6.083602669360388,6.901949585370506,7.484176884268543,2.968352227548288,4.229545907079104,0.0,7.136764920928683,1.033108693548263,2.342852623566369,0.0,5.440168414405326,4.290863799683571,3.4809414131692873,1.8029307884425556,3.8723350136675827,4.320168100339073,0.3089229353939377,4.076064923663918,5.860822727905651,3.0048774591091876,4.566375283836535,2.9495768307941095,0.0,0.3089229353939377,3.169824927611836,0.8952017670450779,0.0,8.691411973109231,3.663703374894141,6.669824637869938,5.438596736358139,2.715776205331755,5.580593255598958,3.257136890576599,4.305623288925332
PT_S1,HK2895,3666,Control,18538172.0,4.721990814139101,4.566522449779564,0.9204409214124573,6.447899965879469,1.8210761896983323,5.30608288164579,5.777436631833459,0.19537844740674182,1.9363939609380423,4.944026196046046,4.898412525642585,2.959410173609321,2.335255162699597,5.798265421021713,5.345184821169396,1.7006028489497722,6.543640824675919,6.561949678823467,0.0,4.418756047984134,0.782412091089438,5.50755428123057,9.25024317313195,6.557595215580701,6.127228980659693,6.01337559195361,0.6507754287509758,6.3414427706432805,0.28039798823076334,1.4048061602418027,0.052538132899670506,5.410920365526924,4.548417678641118,3.963157332349893,2.6916092230291193,3.804647115405778,2.910695267383171,0.0,1.7392407497304068,6.3229308960103685,4.525899902457044,6.055613355228216,1.650106537246772,0.19537844740674182,0.1499948451103234,3.435473596722493,0.28039798823076334,0.43141060189198066,7.906078251463887,3.261298303454942,5.606823955064226,5.849603391661912,5.1383491901491265,5.112702962919137,1.8123071399102377,6.183651020238068
PT_S1,HK2868,1297,HKD,4152648.0,5.307454038361123,4.900886284643673,1.9138952146069963,3.98858108099921,2.107093920224058,6.501827942544309,6.679491735158417,0.0,3.043914952848962,4.423133653907358,7.102040487852583,4.592783199552295,3.0088861847088766,6.830562276969542,5.048835995616949,0.21576455424018695,6.463519702938406,5.9113352455545405,0.0,4.345051704003324,0.21576455424018695,6.6054105890097095,6.373607783403422,7.050362571497312,3.3397315651479427,4.0236489177689485,1.226155541340145,7.225203520256682,0.0,1.226155541340145,0.0,5.308646427273109,4.12592366660945,3.942942866099343,1.1528769041228935,3.8240809570751266,4.5605745075127,0.8939883551120932,0.3931363552056461,6.031640565607065,3.5118253145645726,4.215151550103561,2.268942187845255,0.21576455424018695,0.0,3.9476015638509843,0.6745965794068722,0.6745965794068722,8.346047237794812,3.3650167980071966,6.511895795716732,5.480154303835308,3.0666038435660155,6.066868425976029,2.768218716943899,4.85318417746507
PT_S1,HK2833,1304,Control,3078203.0,5.335680845142092,5.409556513466101,1.2806334988915637,5.189343723185216,2.847420369172988,6.446652887255275,6.176854587861042,1.3670564380041286,0.5006114736933175,4.305342580600143,6.749662151613318,3.696566051012749,3.2460912890614657,6.559553982945243,5.983962148433452,0.28131046505811064,6.820882858776456,5.911871286349638,0.0,4.606007671430312,0.0,6.785172226529682,8.302079340985834,7.251762375941764,4.5142869479471095,5.349665387553781,0.9648234616493528,6.665140962598214,0.6803631079225332,2.2456428705489984,0.28131046505811064,5.754061018509459,4.847115332183688,4.006015362378287,1.3670564380041286,4.409352558573116,4.800118889328094,1.713456986893764,2.789239858401404,6.787373191423324,4.389398045976087,4.66585331005117,2.48868329158134,0.8326740767714089,0.5006114736933175,3.9323978044550287,1.4466009661109396,0.0,8.312259317793547,5.22841964404094,6.680752939145954,5.764306188864363,3.9881127946734964,5.701198958458131,1.824200494035979,5.609149001154673
PT_S1,HK2663,1352,Control,6220089.0,5.459242827785306,5.32073453954581,2.4656856078758462,4.473405330841764,2.236446251670218,6.977473988556738,6.884189280864091,0.5899216169965127,0.0,4.526968515709966,6.854452132171384,4.663273237618483,0.0,6.984496573175829,4.500545507259645,0.27879682092969066,6.893364829520821,5.845541267528919,0.0,4.9421104150215855,0.7539533512943901,6.159135492346306,7.141531192667614,7.29418604852622,3.5156025399746746,4.102390099898168,0.8268714678155528,7.082426275890707,1.178892399834838,1.6448059246740876,0.1490830643681738,5.425841915309719,3.1082718396858904,3.998864911479872,0.27879682092969066,3.7861468131549896,4.632464606975748,0.0,1.3593981974368532,5.497509718281713,3.510811425148647,4.212994380124311,2.0685176378389287,0.6752970215289249,0.0,2.818720688113083,0.27879682092969066,1.4387416573548548,8.961910462986292,2.146651722521398,6.627580398718196,5.551985226045519,2.7795844422470903,6.395365402524674,1.9837572196731785,5.132772305065475
PT_S1,HK2867,2099,Control,10148373.0,5.368917027607824,6.0640940621469,1.874586897569877,5.020370875964337,2.2992750813895584,6.91029191175008,6.62438231848643,0.3322862380735296,2.639557995302923,4.927734048724683,7.354818752311062,3.8293335253389493,4.4616402838650515,6.724862536289211,4.565276239783347,0.0939801709037758,7.241226489757715,5.854328007514134,0.0939801709037758,4.597564826401006,0.2589846276607235,6.170069525324987,7.729111415221768,7.646193811878245,4.096388764944303,4.724228068446347,0.8246111002123093,6.769406124278441,0.2589846276607235,2.646568268706633,0.0,5.95273766012599,4.042517139349847,3.4034847300996725,1.988754729261185,3.4514711568864955,3.691864274762325,0.0,2.1033132413274087,5.648630837206488,3.790039888198206,4.627880597671264,2.4025093564321787,0.17988185428227751,0.17988185428227751,2.8368354772546547,0.9840037211765285,0.0,8.669624554277627,2.611014877173562,6.52357769589557,5.734074817766719,2.45462783583496,5.879164309963462,1.5145483086502662,4.9369693752793005
PT_S1,HK2739,2943,HKD,6042063.0,5.196143029705943,5.383638564219378,2.391546347286215,4.9008066306231095,2.7343061713023564,6.59719309113475,6.383266388887076,0.1531556570938674,2.227357023860903,4.391656086889689,7.9757740539773785,4.336910422470855,3.3944449970028034,6.707192997068641,4.756671213670078,0.0,6.973716380023205,5.919958679769347,0.0,4.618055500621615,0.4031418464121674,6.042763948600395,6.579425140185682,6.881933294314054,4.076303368445677,4.973238226888422,0.0,7.181306102304262,2.712576120569304,0.0,0.1531556570938674,5.795656901505856,4.109451723346389,3.489733937605379,1.3810594113718613,3.0299046747764855,4.13625995728541,0.0,3.4164188248230682,6.012434918313943,3.489733937605379,4.669018529267756,2.6206017526368823,0.1531556570938674,0.0,2.9973926033662233,0.5080370613224588,1.9399251071957846,7.957925191412587,1.1479048644129843,6.550748785695094,5.986577162278763,3.3719774508806983,6.450840634007221,1.421811421096049,4.781951965468031
PT_S1,HK2891,2192,HKD,7316224.0,4.97717078967936,5.033055538061672,2.1737175687959063,5.601422314545901,2.3182349380112983,6.153224323840091,6.273062027657726,0.4361431003401104,2.7747787102318138,4.368295817027366,6.453950827949807,3.520573429020549,5.21503307083464,5.995497635461016,5.128987920224416,1.6815429102302861,6.615899925777055,6.065481145550181,1.280091283235579,4.373478820874679,0.34362345374208014,5.709438330392603,8.473532176388899,7.143615080659961,5.792427848901116,5.428276267155367,1.7550762107326694,6.710639028164391,2.4082512059565975,2.1095067743869254,0.4361431003401104,5.600412374746511,5.066353505962603,4.173885969384565,3.782331411827752,3.8099561022893385,3.9482758734264283,1.069374125033658,4.209026893852213,6.085586642893403,4.361343090949796,5.881718913286695,2.158047251743731,0.4361431003401104,0.34362345374208014,3.7539218651038557,0.6712990917262414,2.3706604367144504,8.060317100812641,4.6936622943026665,6.001604905458551,5.577931667483719,4.760207063080168,5.387237108999711,2.7312239735949264,5.496135609273377
PT_S1,HK2770,1049,HKD,3124689.0,4.440865481616648,4.998661566289238,2.4195695152862644,6.210619077610599,1.9111076930054571,5.282490235361799,5.8602014701367935,0.6729932213955457,2.888241046608472,4.886832351402873,6.2465936194434475,2.814303955438387,1.6410168174382165,5.582241158982513,4.879561789812084,0.27765586476906345,6.434774286688168,6.529284613970436,1.1756421382355517,4.626247142785495,0.6729932213955457,5.368129039819153,9.245718224126856,6.538586467165074,5.70348158772117,5.727728402166716,1.1756421382355517,6.422371826124415,1.1756421382355517,2.2986666045311592,0.0,5.46206476054613,4.931690893670471,3.350701631011385,3.0214946953407176,3.6239043270363225,3.6899759938818892,0.8242313178433355,4.884414699570956,6.413492743041002,3.9490309661259095,5.713039608684148,2.3906863816745605,0.27765586476906345,0.49473508202043825,3.3164613600609028,0.8242313178433355,0.27765586476906345,7.771132827435803,3.961291679488062,5.288971930350529,5.7225071381199255,4.341823567693189,4.898833704528126,2.3302901039987503,5.823026775764326
PT_S1,HK2711,190,HKD,470765.0,4.403294850097439,5.601283292094708,2.250955782827924,4.613510295780495,2.4528147083087704,5.753784318080491,6.323535952306639,0.0,3.001605933256128,4.2935078213997855,6.116896139114106,4.525484891095326,6.7207493488259855,6.452068236243548,3.1931978725509937,1.9977712786616817,6.47525032635731,4.525484891095326,1.1391789214943329,5.439876937574329,2.4528147083087704,5.3329487347928985,6.244277394314753,6.197849828360251,3.4923483618175766,4.102274019224617,2.6206905874506727,7.5640575986498515,1.6579240671925803,3.2767833529494297,1.1391789214943329,5.008594190869068,5.008594190869068,3.2767833529494297,3.8656113789173543,3.6695854597757283,4.965090640853455,1.1391789214943329,5.236068406362682,5.022684732872192,2.8900170712633946,4.634357080597055,1.6579240671925803,0.0,0.0,3.9909275717817922,0.0,2.250955782827924,8.37970850913811,4.453976109505937,6.140048454862597,5.116122382946293,3.353918029588459,5.189801746073938,3.2767833529494297,3.554983239104091
PT_S1,HK2896,1418,Control,5318121.0,3.8108435043269115,4.122862973974311,0.7552850241213647,6.593582686090312,1.4342789039049613,4.088784761472367,5.736390680951403,0.17230180835015207,0.0,5.033684087680769,3.050215165672352,1.289923521849237,0.0,4.369891810047122,5.4242080789498965,1.6723818722776649,5.917364692811647,6.8868922196876134,0.5608409534529102,4.091931217759596,1.3884374167288154,5.4766894862911935,9.416917679133308,6.305927912866511,6.503108955996588,6.285117803551619,0.0,3.8435906246403846,0.83995138476321,0.17230180835015207,0.0,5.675740203696078,4.146937455255356,3.167683449439304,2.763476754912545,3.6869656752188393,0.5608409534529102,0.0,0.17230180835015207,5.742439142139563,4.6173296429084285,6.419992425178222,2.266923880194455,0.0,0.17230180835015207,2.937226301168791,0.0,0.83995138476321,7.319983897557262,0.17230180835015207,5.008878710026667,5.955605178525276,5.5719054057939505,4.592883978366515,0.0,6.2303750803513545
PT_S1,HK2713,335,Control,208336.0,3.8918077594170017,5.15789248656108,0.0,1.7578473245284096,1.7578473245284096,7.435661187806065,6.070724957645609,1.7578473245284096,0.0,4.354128795790674,3.6737533412588514,3.6737533412588514,0.0,6.6325158647350335,5.632631692717235,0.0,6.382479829143853,4.834680646097062,0.0,0.0,0.0,5.561437815353251,7.637510849249511,6.61979372145495,1.7578473245284096,4.41399703557252,0.0,5.287243683982359,0.0,0.0,0.0,4.713114642476353,2.7343555406699886,3.9852609051678454,0.0,4.75530015465463,4.574698310544056,0.0,4.070722115094896,5.7461904315166406,3.8918077594170017,3.6737533412588514,0.0,0.0,0.0,1.7578473245284096,0.0,0.0,7.807334566521375,0.0,6.84267049598096,4.872126514933433,1.7578473245284096,5.977859826108346,0.0,5.649665460783623
PT_S1,HK2923,1872,Control,3258425.0,2.5625597924080954,4.0930799877968855,0.0,6.574205578853948,1.5438878597205918,3.8244352497908327,5.413522970047295,0.0,1.3249695058976965,4.713870545774488,3.0850691079724117,0.9299899415855084,1.8273268066107962,4.001990373454664,5.2177808839958875,1.1468553693870942,5.954649128452638,6.5371119021833,0.652684606212049,4.275180936520306,1.5438878597205918,4.713870545774488,9.489808278123146,6.062453729036143,6.765465054769681,6.0378550622442475,0.652684606212049,3.8766465214519443,0.47858760245389115,0.0,0.0,4.926354329165921,5.18567042858934,3.332451367167764,3.0709362800486693,3.961929723212568,0.26765542380883317,0.0,2.228530708296245,6.6194345244149675,4.499810267073742,6.355257805774033,2.007520029926698,0.0,0.0,1.8273268066107962,0.0,1.2398727874620346,6.61162442030254,1.3249695058976965,4.967776383887773,5.632484592911771,4.908386751749726,4.587884298203093,1.4033892496225528,5.996735717932278
PT_S1,HK2924,766,Control,1292684.0,2.9737945069191567,4.628296093991869,0.0,6.2962046463975465,1.200191501297664,3.981618653601236,5.515631818829536,1.200191501297664,1.4096048125649594,5.285689990318115,3.3885381826273746,1.200191501297664,0.5730025066145442,4.613062658166065,5.233425756356072,1.582667011723782,6.2314087277895736,6.777925091001888,0.0,4.064662295015023,2.4706538670679,5.237544502428635,9.629228609485674,6.5968874328133005,6.441908204698179,5.960469453071359,0.9349823606238458,4.165640041148768,0.5730025066145442,0.9349823606238458,0.0,5.375539601515342,5.067716010698636,3.0125700485448115,3.808755919595142,3.5564248413063795,0.9349823606238458,0.0,3.1866636551698013,6.739313468997272,4.289682927409093,6.134010950025528,1.7301509768074097,0.0,0.0,2.5935628448509074,0.0,0.0,7.174159884237449,2.703005279652986,4.9759518713199995,5.911409218972203,5.49678068594722,4.795009751874155,0.9349823606238458,6.194212014232551
PT_S1,HK1650,294,HKD,244269.0,2.2178650576330092,3.066621063240086,0.0,6.460905811478045,0.0,3.633488993879671,4.785168824791029,2.2178650576330092,0.0,3.066621063240086,1.6280334108172592,0.0,0.0,3.2411492850175176,5.19921105087617,0.0,5.326381692617978,6.182237763015495,0.0,4.065839852316035,2.2178650576330092,5.264816557512315,8.746581132294878,5.632578661777566,7.130597539973994,6.387902140777657,0.0,3.5190034942214394,0.0,0.0,0.0,4.714328388998196,4.197225371581741,4.511569604335114,4.256965058326275,3.8293437785628264,0.0,0.0,4.065839852316035,5.912005295745854,3.7362036292004346,6.609330875858742,0.0,0.0,0.0,2.855054804277662,0.0,2.2178650576330092,5.507892649448792,4.465572366812983,4.9430044241743145,5.264816557512315,2.2178650576330092,4.55554380895912,0.0,6.6472256245916945
PT_S1,HK1635,225,DKD,252606.0,4.032864083566369,4.032864083566369,0.0,6.452675674137759,0.0,3.0346486507783643,5.405776685278991,0.0,0.0,3.600829557954418,3.2089226532233677,0.0,1.6011504975131494,3.357285168935113,5.683397191088721,0.0,5.119590348753116,6.507316625393781,0.0,4.384207793009272,1.6011504975131494,5.669838140434869,8.85367142606724,4.849523162557409,6.7337014194688924,6.16551889664744,0.0,0.0,1.6011504975131494,0.0,0.0,5.0710990634890205,4.522341528152424,3.0346486507783643,2.823456287869757,3.7034562335510746,0.0,0.0,3.0346486507783643,6.902383147837521,5.0710990634890205,6.564720334107025,0.0,0.0,0.0,4.384207793009272,0.0,0.0,6.650218452000485,3.796524062648164,4.818027081084214,5.584380085039241,5.683397191088721,4.478383441728044,1.6011504975131494,6.477329839675416
PT_S1,HK1997,323,Control,272554.0,3.62939419788842,3.136102127602297,0.0,6.7691280166232435,1.540944424064806,3.526977373410141,4.71016001281531,0.0,0.0,4.25860053064053,2.9624333945124546,0.0,0.0,2.1208228285367547,5.566429835799974,0.0,5.275339783586967,6.61446622843457,0.0,4.149037287106193,0.0,5.927559866989833,8.477145479041043,5.067437096596693,7.161480948636036,6.097959044263911,0.0,3.62939419788842,0.0,0.0,0.0,5.134467518521233,5.090283455892202,2.4854892391850294,3.412861807817525,3.284026055965032,0.0,0.0,4.4032736774976,6.13836121711815,4.568443339509945,6.96034994999119,2.4854892391850294,0.0,1.540944424064806,3.807283906395214,0.0,0.0,5.463051216569748,4.149037287106193,4.970444422772311,5.709956084195331,2.4854892391850294,4.742659363235345,0.0,6.62425714717439
PT_S1,HK1770,660,HKD,682281.0,3.899285595270676,3.4115910259008504,2.4212301908072202,6.6545910395176,1.6858460796544001,3.772863950982484,5.12447921348304,0.0,0.0,4.327428678033864,2.84038693196577,0.0,0.0,2.6526111965621144,5.474112784869036,0.90246429315412,5.33590077554281,6.549163873928613,1.6858460796544001,4.063218448180134,0.90246429315412,5.853248510581982,8.441805589504684,5.262705741611829,7.123639195837025,6.023093455192154,2.2817730788644344,3.6281149814013043,2.5435979647045905,0.0,0.0,5.216070825587274,5.052168763324137,3.588399300317652,4.9433468123377216,3.588399300317652,0.0,0.0,5.133161158940781,6.168235990514237,4.626259749906732,6.693471702874308,1.9260990668911029,0.0,1.3689812344656405,3.7031062159602617,0.0,1.3689812344656405,5.746803926122236,4.900642815211001,4.7477316664862625,5.390828603563252,2.6526111965621144,4.8093409410859325,0.0,6.586229382461544
PT_S1,HK1634,47,DKD,69061.0,4.295920700312497,2.739545800053243,0.0,6.285547793348875,0.0,3.3998599881336977,4.982232562076508,0.0,0.0,3.7941367585841865,4.07617736726851,0.0,0.0,4.982232562076508,5.720570768052696,0.0,4.760802225597497,6.502906703675709,0.0,4.295920700312497,0.0,5.243012788100814,9.016766906307703,5.510032633468914,6.586168379384192,5.620832285719547,0.0,4.628492763340733,0.0,0.0,0.0,5.07691902623751,3.3998599881336977,2.739545800053243,2.739545800053243,4.295920700312497,0.0,0.0,4.760802225597497,5.620832285719547,3.3998599881336977,6.565993820953402,0.0,0.0,0.0,0.0,0.0,0.0,6.480961109190649,3.7941367585841865,4.07617736726851,5.38540880843643,3.7941367585841865,3.3998599881336977,0.0,6.3380959819555995
PT_S1,HK1597,392,HKD,340829.0,3.7394850375718462,3.1975370056609145,2.5444397374469236,6.493988445365035,1.3696624731406053,4.455354421008274,4.268529539891798,0.0,0.0,4.488868690962773,3.9294381724953262,0.0,2.9233839107495054,3.412474433698294,5.475022485965244,0.0,4.696461733010281,6.966196031331806,1.3696624731406053,4.038592747386506,0.0,5.3714918598477,8.87503729356727,4.9123978021070585,6.830028444464903,5.998840033039608,3.0698261727787033,2.9233839107495054,1.3696624731406053,0.0,0.0,5.107793870325518,4.9123978021070585,2.2825933735345507,5.208990966044306,3.806892229950443,0.0,0.0,5.089885348119998,6.2023650620792905,4.583157135791056,6.781292320203969,2.9233839107495054,0.0,0.0,2.751755278119323,0.0,0.0,5.224904522871379,4.347494562615211,4.268529539891798,5.991532240053964,4.30879128318339,4.5212960821473365,0.0,6.615049607754361
PT_S1,HK1632,61,DKD,53635.0,2.9777995292660426,2.9777995292660426,0.0,6.328537057656515,0.0,3.645164832603441,2.9777995292660426,0.0,0.0,5.011676981238964,4.041886123196999,0.0,3.645164832603441,4.041886123196999,3.645164832603441,0.0,4.3251674483754075,7.308250286463806,0.0,4.041886123196999,0.0,4.041886123196999,9.056896519444974,4.041886123196999,6.640432821458925,5.761916816420069,0.0,2.9777995292660426,2.9777995292660426,0.0,0.0,4.545661225267012,4.8790965257163315,0.0,4.726212356997832,0.0,2.9777995292660426,0.0,4.3251674483754075,5.923963873011156,3.645164832603441,6.9518624391580515,0.0,0.0,0.0,2.9777995292660426,0.0,4.545661225267012,5.128719773460379,4.041886123196999,0.0,5.414919713130291,4.3251674483754075,3.645164832603441,0.0,6.392964032404916
PT_S1,HK1664,1315,Control,1769390.0,2.716624216153253,3.645475763656751,0.7562783302369026,6.514236280177106,1.3417761250494316,3.1124626664894928,4.551955503427701,0.0,0.0,4.247785221625525,2.3068424596412123,0.0,0.7562783302369026,3.468362417595195,5.4000385214453415,1.7086191736589664,4.9418635801091595,6.282420692745821,0.0,3.881027328515345,0.0,5.1684162714519095,8.61179660067709,5.174831291408622,6.808229311537603,6.066320890029196,2.97810254758837,3.2529806726517823,0.7562783302369026,0.0,0.0,4.821943914887345,5.212480506817715,2.7532994805090705,3.03403085114662,3.6601238787276826,1.3417761250494316,0.0,4.438461856666356,5.9599065506107545,4.58132284505704,6.560079470858486,0.7562783302369026,0.0,0.0,3.0608641317921883,0.0,0.44799222492365576,5.623299793251448,3.03403085114662,4.669891256911891,4.900666399938685,3.9266091941845107,4.231494155644479,0.0,6.321772637516029
PT_S1,HK1594,90,HKD,109487.0,4.304984069120899,2.315847204566951,0.0,6.5827822626053605,0.0,2.958394248200215,4.021792267173193,0.0,0.0,4.173379547548061,3.843048466021347,0.0,0.0,3.843048466021347,5.975692547131728,0.0,5.394554872723205,7.161485550836084,0.0,4.421265856175686,0.0,5.213141151997234,9.35169661596581,4.70593865321788,7.110605991732148,5.8258221094444975,0.0,3.346407219051334,0.0,0.0,0.0,5.394554872723205,4.173379547548061,0.0,3.6252476614342597,4.304984069120899,0.0,0.0,3.346407219051334,6.5827822626053605,4.78528562480993,6.8379950977958135,0.0,0.0,0.0,2.315847204566951,0.0,2.315847204566951,5.928188380351005,3.6252476614342597,4.173379547548061,5.474248193108159,5.213141151997234,3.6252476614342597,0.0,6.679115256942451
PT_S2,HK2893,578,Control,1692221.0,6.1706123340720795,5.815537540111053,1.3749039397742642,4.785646808497959,2.227123244545725,6.625985942443451,6.2670791620048645,0.0,2.4020655806962843,4.565818333846289,7.02865549990651,4.829091564759374,5.839899610642793,6.915684434733578,4.92796308741448,2.0149474188007965,7.316116017223851,5.976286634327449,0.0,5.2063028646561715,0.46432463619755554,5.619628117409829,7.243629146004758,7.035959782822251,4.323580977661269,4.354425673633651,2.0149474188007965,7.788714946987841,0.46432463619755554,2.8648432249980225,1.2130586385850395,5.253751261820889,4.596088414037097,2.680446387446999,2.1612763027322344,3.703594094064202,4.441631790696121,0.0,2.288900935205159,5.413319112489242,3.37980653442561,4.648367487275586,1.8434746004107265,0.46432463619755554,0.0,3.7601925101270117,0.7801863066921573,0.46432463619755554,8.590942558411095,1.6363866204378508,6.741966501104311,5.513479768188266,3.3387264355221227,5.9396240813667704,3.2958861972810207,5.322395547861721
PT_S2,HK2898,1129,Control,2626568.0,6.144713183011566,5.725942268962153,0.5661372894903616,4.86804018302135,1.9037292582358523,7.2086378743133155,6.576867577548631,0.7618216137565509,3.0883056603143864,4.968227740921299,7.739259727254189,4.131908756027472,1.2988487249521348,6.740316843825211,4.608855535579453,0.7618216137565509,7.75276092701919,5.952647730800942,0.0,4.882569976501961,0.0,6.418700503896897,6.875274856563596,7.633210617100617,3.552043222249296,4.597410557797545,0.3226086954628699,7.654906500755404,1.0659598896524884,3.0348423067648937,0.0,5.826247172972492,3.373265806297897,2.5194488747462547,2.388657186622382,3.615471618446156,3.66541879553963,0.3226086954628699,1.7832944915431628,5.622734632896708,3.507406188586793,4.894043697236844,1.1891686924514049,0.0,0.0,2.422993475280309,0.9254089720690777,0.0,8.84094757959817,0.7618216137565509,6.67089390430543,5.841844175455321,2.7138217513480747,6.078028936233871,1.958910897597105,5.133803258771569
PT_S2,HK2862,58,DKD,45219.0,4.895505638184003,4.209810746243557,3.8117428007111736,4.209810746243557,3.1404643593238055,6.83498360846189,6.498941473311362,0.0,3.1404643593238055,4.209810746243557,7.4788296389729725,0.0,3.1404643593238055,6.276174109096429,4.714678988665205,3.8117428007111736,7.359554488124234,5.181315928436415,0.0,3.8117428007111736,0.0,6.430056098294035,6.276174109096429,6.498941473311362,3.1404643593238055,4.209810746243557,3.8117428007111736,7.240090157314047,0.0,4.209810746243557,0.0,5.6646596329748045,4.895505638184003,4.895505638184003,5.0485871572296315,0.0,3.8117428007111736,0.0,0.0,4.895505638184003,3.8117428007111736,4.714678988665205,0.0,0.0,0.0,3.1404643593238055,0.0,3.1404643593238055,8.589485438934007,4.4937736164452335,5.6646596329748045,5.403334726406364,3.1404643593238055,5.6646596329748045,4.209810746243557,0.0
PT_S2,HK2774,134,HKD,475969.0,5.225133531339879,4.41809465994412,3.898379855119617,5.225133531339879,1.6490343874720408,7.101069382330858,6.575679860496296,1.1317172761696241,3.3433105780777197,4.311258090605559,6.963938536036868,3.71158389953851,0.0,5.892660469543858,4.191626918716816,2.610500801820365,6.797958573600359,5.558449107060284,0.0,3.603229290148251,0.0,5.921237766756408,4.776217773163329,5.91558726705112,3.4148925171455877,4.055714321015541,2.4427717992656373,7.401024412208177,3.980138168598782,4.683517630330773,0.0,5.605897849274164,4.893063946248849,6.308744935454621,4.159341024338319,4.222902953370622,4.683517630330773,2.991161567790577,4.702757884394294,4.7216349283433345,2.8796375359357356,4.191626918716816,3.980138168598782,1.6490343874720408,0.0,2.8796375359357356,1.1317172761696241,2.7540962959041884,7.725706736629926,4.623470743536259,6.138191257742646,4.983383475916349,2.7540962959041884,5.4103218694176665,5.052879062514176,4.055714321015541
PT_S2,HK2899,110,Control,62152.0,5.958812430939777,5.725877079797305,0.0,5.181701833546145,2.838469320089215,6.038656428285906,6.2141623819087926,0.0,0.0,4.982278900777511,7.383963794258545,4.732922102256273,3.5019223790519414,6.856762594507129,5.086953339629733,0.0,6.804633213775907,4.982278900777511,0.0,5.421659214325786,0.0,4.865352799733671,6.245848550404933,7.661444941590872,3.5019223790519414,3.5019223790519414,0.0,7.311439852348823,0.0,2.838469320089215,0.0,5.490357388583556,3.5019223790519414,0.0,0.0,3.5019223790519414,4.179885163782252,0.0,3.5019223790519414,5.615034958466807,0.0,4.179885163782252,3.5019223790519414,0.0,0.0,0.0,0.0,0.0,8.7871381627347,3.5019223790519414,6.49325910265709,6.30635913719153,3.5019223790519414,5.181701833546145,0.0,4.179885163782252
PT_S2,HK2844,756,DKD,1925159.0,6.177942520173328,6.116841261910999,2.743691002981762,4.7783865718128045,1.736059732920125,6.537869386472565,7.08649251572743,0.0,1.28015245036726,4.50361652426507,7.823428241787931,4.8701461616237705,2.8691483307877204,6.878645125391233,5.024908584623763,1.4150338209221986,6.298604165208896,5.531046056483699,0.0,4.42593084424473,0.0,6.422426332881354,7.107130197665661,7.447252397137512,2.8392285150434926,4.293220400495348,0.0,7.2533510821066,1.1241989603728015,1.6400642848646991,0.41834027644941596,5.547375443979271,3.4380878719022063,2.926429296111192,1.28015245036726,3.7749168756816407,4.180679192555893,0.7123982982366547,3.4380878719022063,5.764864468107,2.980606155979608,4.559520368569393,3.421259585432541,0.0,0.0,2.8981988960140366,0.0,0.0,8.75949029294505,3.172004531530405,6.758916615325763,5.518621611263978,2.638052566586128,5.7467845128651245,2.5608691332336004,4.719923299801505
PT_S2,HK2895,2031,Control,9856329.0,5.029667071399469,4.5786698290545855,0.9249986213280352,6.591199383353733,2.000375619096572,5.134174034113213,5.629370226495917,0.09663444097916174,1.6794636722512604,4.971604783884493,4.762751154134735,2.792397813212999,1.9725405048006945,5.577786515794405,5.376634608200522,1.621031662315785,6.3945694916645115,6.697313510187352,0.0,4.422234312095242,0.6487348265929085,5.353861673561732,9.358283061757142,6.355686738637505,6.076593814408136,6.202911251280163,0.5942442242925108,6.185515389283413,0.4103121828236302,1.4928052544405837,0.09663444097916174,5.408033545298084,4.502946234689522,3.870677811250418,3.6904081877709927,3.700487487436229,2.5935991262482756,0.0,2.3055537869536487,6.04440059051749,4.358090124808305,6.063463054473999,1.8204020369693383,0.09663444097916174,0.0,3.411849165978575,0.09663444097916174,0.4103121828236302,7.779525255747944,3.3244898352390697,5.616168019063695,5.812307513661025,5.235289904600901,5.0402292273207525,1.6603632039556464,6.35498162644468
PT_S2,HK2868,263,HKD,803414.0,5.908580223061275,4.9963552751584,1.9773314963418505,4.043243761095806,2.501615823626679,6.612147092042673,6.347506957647387,0.0,2.9137429611132313,4.1269686671667705,7.100094580864842,4.822087522418187,3.0404672113187305,6.818488130761428,5.214768238298496,0.0,6.481908874213115,5.870684298094552,0.0,4.405556852752826,0.8085666664366833,6.302936639949774,6.312011042100889,6.648287484835968,2.9137429611132313,3.7969283832574012,1.2497230914393147,7.290291600399852,0.0,0.8085666664366833,0.0,5.201144366207306,4.293085045712613,3.9276508856490526,0.8085666664366833,3.709417726608475,4.53374865691914,0.0,0.8085666664366833,5.863637137354364,3.579379053052088,4.450138497070215,1.788212046364464,0.0,0.0,3.951863142105696,0.8085666664366833,0.0,8.294717632211963,3.0982753679290402,6.600368460514838,5.4648740046381965,2.7685969853814782,6.161168399482185,2.687273942928998,5.069378386470685
PT_S2,HK2833,352,Control,777046.0,5.917910651558162,5.529232219662624,1.2736435011332294,5.564362808214398,3.184890894720947,6.497930319019811,6.233106765858081,0.8272081634703968,0.0,4.539656331594309,6.800155361707021,3.8839573978058004,2.875259602262712,6.563585820364947,5.875468022312021,1.2736435011332294,6.960067547993978,6.1487968972939,0.0,4.4975608301235015,0.0,6.703952958436576,8.612508997641264,7.1627842044215635,4.606102077399156,5.421472136205671,0.0,6.745672213228287,1.2736435011332294,2.7999060081295095,0.0,5.796561879258733,4.692280550501738,3.8571296288695835,2.0061482076854387,4.237102450157474,4.824665566371705,1.5811979509418417,3.286104547954478,6.708675316333895,4.199202651950004,4.875040325663392,2.424395632874626,0.0,0.0,3.829562242890526,0.0,0.0,8.271466154268603,4.950707182705188,6.6976215898194456,5.907467675672485,3.9846027782504825,5.719374692497474,0.8272081634703968,5.988108560582208
PT_S2,HK2663,634,Control,3007225.0,6.078295749734134,5.502935887910957,2.727780722758543,4.565433961185444,2.231444785989507,7.0112123981496755,6.881742441263887,0.8459240330047607,0.0,4.61931773823694,6.876952844220177,4.710144897864771,0.0,6.956678756038882,4.7711204147664965,0.2870812551975289,6.785817986461598,5.9491110598968575,0.0,4.932085821173301,0.8459240330047607,6.148202465525801,7.030220948704547,7.163862395902385,3.608577562669663,4.172018882544923,0.8459240330047607,7.139105477792615,1.2022896055020755,2.195086696185916,0.2870812551975289,5.479631431424686,3.353413577738142,3.9679319148249332,0.2870812551975289,3.6264340281069942,4.6291055138761585,0.2870812551975289,0.8459240330047607,5.362023001693512,3.5718786289322986,4.274294129584337,2.3649439319504824,0.6919451848530431,0.0,3.161763905812947,0.0,1.60751402519023,8.889931432688458,1.9903530819202695,6.766090541897648,5.61679570476765,2.9421602875733632,6.395638720979714,1.7897553396355899,5.299251720283437
PT_S2,HK2867,1003,Control,5310556.0,5.774733706832938,6.139564940811732,1.8944854181935804,4.99127617185647,2.361185475259786,7.049998308215188,6.612106051325103,0.4478299760994484,2.3960866025610073,4.757294311166992,7.5711061655177465,4.067877051697035,4.139378118109025,6.876921574204418,4.674729539984076,0.0,7.278929730518029,5.818211091988823,0.0,4.813885557147487,0.4478299760994484,6.0891966003999105,7.405432237128289,7.454465988468853,3.578960705203454,4.658794656430697,0.4478299760994484,7.0186410708580285,0.0,2.8662367039904275,0.0,5.84309060247124,3.7566206327369907,3.336331867457502,1.708251186307551,3.2883151457813415,3.9482032171683343,0.0,1.8056974501127256,5.541351251193232,3.4911419750708865,4.494271854634154,2.678133967261376,0.0,0.0,2.703674696665652,1.3414442130243271,0.0,8.652314179245625,1.7417994968121313,6.722683841912115,5.803548986868788,1.6735382007639714,5.936845268621977,1.6735382007639714,4.914142130099407
PT_S2,HK2739,1157,HKD,2710777.0,5.820278775171245,5.224766938531118,2.780359375306172,4.899123673454785,2.9089864409786106,6.66274270285999,6.4086923434974175,0.3140059789897484,1.1673256850291212,4.216127347140407,7.943617891078622,4.248265376417492,3.0582086228396888,6.711494470120505,4.776417624175658,0.0,7.240696463071559,6.007384192789397,0.0,4.794896132287077,0.3140059789897484,6.199234591257543,6.4013739470294535,6.600517583697954,3.844671833241085,4.8570075497635035,0.3140059789897484,7.264216439920225,2.5498149054392036,1.4632742192886776,0.0,5.753527829531459,3.970567477129781,3.7878433322644094,0.3140059789897484,3.004825400468083,4.3905148943541485,0.0,3.004825400468083,5.859974581494894,3.453743260659344,4.523068046482492,2.459421281897684,0.0,0.0,2.6843873021478357,0.0,1.2760009900354499,8.001977871611764,0.7451197818044404,6.519584630685277,5.917208329289108,3.275405733481036,6.331668629701283,2.24967493286112,5.0303460447118535
PT_S2,HK2891,537,HKD,2137921.0,6.015689661108087,5.391062938342461,2.8813752274862483,5.494260147600593,2.464543641345934,6.489479215686671,6.446645740021085,0.38372661722384954,2.9811142101116164,4.40573992202081,6.751219336793464,4.1010471267620225,4.455851185974168,6.240626316488526,5.221928574471535,1.8890267584563143,7.100404404819679,6.022514555298463,2.081459749097689,4.544156985379382,0.0,5.628959317184945,8.12354818170808,7.171141085959483,5.2854982261547,5.292579774779975,1.5564490860565836,7.074217100896726,2.2912347697358904,2.381639011804825,0.0,5.847002687062186,4.691796352564017,4.1899037139097155,4.629867446347148,3.623915301270958,4.116415739924029,1.3367008804883127,3.885882322525605,5.648922121213237,4.03709587794495,5.571913369318143,2.242770793054742,0.38372661722384954,0.8768146614377281,3.401201918769932,0.8768146614377281,1.9573690587191026,8.287179951522539,4.278013931021252,6.383102562177733,5.670108045026678,4.472012028956929,5.711179119495505,2.138170968019928,5.559382727680948
PT_S2,HK2770,665,HKD,2479602.0,4.47859459205974,4.839636229138373,1.3410442688362427,6.6769186846983715,1.3410442688362427,4.619263817455773,5.467743461988552,0.33881985600278497,2.2045102568154187,5.234970212781136,5.177493240789534,1.764642836964964,0.0,4.956894690484308,5.092027870340978,0.33881985600278497,6.0316205052808245,6.890211426976649,0.960561025297818,4.536393693906147,0.7929344071581673,4.8554603655782635,9.765740264766233,6.073353304753853,5.969692320929232,6.19561833087958,0.7929344071581673,5.566532485709895,0.5914361397677277,0.5914361397677277,0.33881985600278497,5.348572096154882,4.919315799292491,3.107917358237582,3.4419166382890936,3.661233544336061,2.1590056771779342,1.229565451313106,4.1123529121935745,5.974831186115125,3.858166655086981,5.932961277666734,2.1590056771779342,0.33881985600278497,1.104081518587602,2.602838294429461,0.0,0.33881985600278497,6.995675381532407,4.131963998304639,4.990372524864575,6.107147104288074,4.603230099023722,5.014765326535369,0.33881985600278497,6.285196695794671
PT_S2,HK2711,243,HKD,574719.0,5.561670113905738,5.931809663590954,2.4371058927955627,4.55344480683266,3.162083219077516,6.097388862448511,6.028556601763544,0.0,3.420335502236309,4.257019241217569,6.369718694292253,4.624177240401492,6.835345566311942,6.366734283098205,4.1532313173208015,0.0,6.120594028292449,4.892141036394743,1.499614455235008,5.337815492861652,1.499614455235008,4.878995875785441,5.889365419707208,5.693047488618537,3.2995230760648147,3.833834403612106,2.813000240665184,7.787744345403914,1.8277606249457168,3.361752635972982,1.8277606249457168,4.606957618391903,5.295101231137776,3.4756755159169677,3.7954783777726506,3.9063964291493427,5.060049187662602,1.8277606249457168,5.194167328237488,4.878995875785441,2.702692276123365,4.496905663853921,1.499614455235008,0.0,0.0,3.833834403612106,1.8277606249457168,2.272115965776034,8.155563562524797,4.606957618391903,6.120594028292449,5.103264252615389,3.6253962658385537,5.3707200385553175,3.870773427985397,4.796275321884354
PT_S2,HK2896,915,Control,3147000.0,4.659128023924365,4.452516637204446,0.6695145398426026,6.686812592832971,1.2647207853252165,4.287914100925938,5.5053121599550865,0.0,0.6695145398426026,4.974170825613647,3.489705537153589,1.2647207853252165,0.0,4.2658524685349,5.565469593102142,1.8566057758515024,5.848535097446117,6.990404252275253,0.4919644025883476,4.058364435294317,2.154816924954836,5.30108918087707,9.50384784132913,6.1801127016082065,6.326702989189371,6.380885415492366,0.0,3.9603863682852687,0.4919644025883476,0.27593556318197443,0.0,5.679170014557378,4.041757079784691,3.309605521302166,3.104143422049235,3.608407012130759,0.27593556318197443,0.0,0.27593556318197443,5.544575251361008,4.459892743404461,6.413707406508799,2.354502596716878,0.0,0.27593556318197443,2.845252952167951,0.0,0.0,7.3318253904138,0.0,5.109582533586445,6.061519136311129,5.652770110148394,4.748358092886631,0.0,6.334061594876556
PT_S2,HK2713,325,Control,195242.0,4.777462635645474,4.899093255434943,0.0,3.8522016405745543,1.811864139554408,7.552934024889842,6.270138211546606,0.0,0.0,4.478148181857032,3.606935438455244,4.13456133988259,0.0,6.844067944500199,5.926645883067833,0.0,6.532811233576758,5.0737810473992875,0.0,0.0,0.0,5.810901955022804,7.63045311154638,6.6717350688352015,0.0,4.972668704517576,0.0,5.041199826512855,1.811864139554408,1.811864139554408,0.0,4.936557495743102,1.811864139554408,3.8522016405745543,0.0,4.478148181857032,4.286422302249202,0.0,4.286422302249202,5.679986177320929,3.0674664901919355,3.606935438455244,3.0674664901919355,0.0,0.0,3.4572970422923928,0.0,0.0,7.893470170278099,0.0,6.79941648481243,5.302070826091704,2.7951782925232562,5.7954445600131,0.0,5.7954445600131
PT_S2,HK2923,730,Control,1203457.0,4.007534433644025,4.327894553584338,0.604829242221302,6.8387418626009016,1.7893628012018057,3.7107656367781905,5.078545566513775,0.604829242221302,0.9790322907087613,4.683900032401979,3.3759460395297163,0.0,2.4682871372028274,3.669268882955605,5.218395186661011,1.6399084688265793,5.833889872727484,6.58467729122157,0.0,4.612272347851449,1.250709033490997,4.174115605255984,9.577083017896685,6.027815493632069,6.648052702733683,6.2432356567909695,0.0,4.259843759650194,0.0,0.0,0.0,4.846568573846751,5.041641682249322,3.4835666832042267,3.8075464402201207,3.9768588081189247,0.9790322907087613,0.0,1.9193574023146205,6.166042478510264,3.912531527435879,6.452326401256679,2.5363245877242186,0.0,0.604829242221302,2.0343809258648253,0.0,1.250709033490997,6.53285243442474,2.0343809258648253,4.945903629926185,5.698690712067244,4.628638862291379,4.5956335074092625,0.9790322907087613,6.31188356793375
PT_S2,HK2924,150,Control,240760.0,4.380985637799483,4.98615805953981,0.0,6.525288092377113,0.0,3.9287260589624173,5.646996732586928,1.6396787873968472,0.0,5.257816352517779,3.9287260589624173,0.0,0.0,5.067856654765261,5.379817725403815,1.6396787873968472,6.300988191296104,6.9221091524177645,0.0,4.569862325989092,3.255056662139305,5.213601228392597,9.780800890329845,6.316112409604573,6.179618249740055,6.2700357321301485,0.0,4.080062967648744,0.0,0.0,1.6396787873968472,5.505564510789352,5.14338177999151,3.255056662139305,3.8435011501406393,2.868697190766936,0.0,0.0,3.0804212182864386,6.561168362731596,4.007254642976697,5.821371783968531,2.599762562501291,0.0,0.0,1.6396787873968472,0.0,0.0,7.423488495220189,2.230769786339419,5.320676428105719,6.170978197429464,5.7708819892758925,5.093670694804017,0.0,6.21345075841926
PT_S2,HK1650,387,HKD,372452.0,4.001830704618115,4.297184214705071,0.0,6.814745291267014,1.3042460296383622,3.3268005541190324,4.734145542625203,1.8515711280002758,0.0,4.433577291524733,1.8515711280002758,0.0,0.0,3.720224184907644,5.212617103491485,0.0,5.3866838967365185,6.5264466479650425,1.8515711280002758,4.495377877762698,3.225421856775086,5.3866838967365185,8.90713872710672,5.336277908455388,6.869219922833281,6.715707319479368,0.0,3.951499165439803,0.0,0.0,0.0,4.964941841230358,3.112593901141113,2.4629710586747886,2.6689315236324966,3.89849947734309,0.0,0.0,4.001830704618115,5.434670581169215,3.951499165439803,6.747723120160962,1.8515711280002758,0.0,0.0,2.839631433400099,0.0,1.8515711280002758,5.54543688217739,3.951499165439803,4.433577291524733,5.480459600042838,2.839631433400099,5.0544911747401216,0.0,6.944448914326934
PT_S2,HK1635,76,DKD,74845.0,4.6810896444929915,4.39649244511276,0.0,7.012077919069926,0.0,3.3222224227123247,5.305363431251613,0.0,0.0,4.6810896444929915,4.39649244511276,0.0,2.664512435752245,2.664512435752245,5.6404161197901646,2.664512435752245,5.163026125811145,6.671141169901141,0.0,2.664512435752245,0.0,5.163026125811145,9.087714579073655,5.369591598390423,6.75238782382196,5.853307027092927,0.0,2.664512435752245,0.0,0.0,0.0,4.216631953204455,4.39649244511276,2.664512435752245,3.7155904640989035,3.3222224227123247,0.0,0.0,4.39649244511276,6.505854756805065,3.9971686797745303,6.525628076561205,0.0,0.0,2.664512435752245,4.548881505777044,0.0,0.0,6.505854756805065,3.7155904640989035,5.236725132146662,5.429942298431762,5.5918035093718785,4.39649244511276,0.0,6.7831240852833945
PT_S2,HK1997,119,Control,123867.0,4.662979350590572,3.5053381850407024,0.0,7.0865957325635165,0.0,3.5053381850407024,5.2717485520401715,0.0,0.0,4.1833531419869585,3.2276185270961197,0.0,2.205322286716647,2.205322286716647,5.558146143759468,0.0,5.18520385019174,6.90173776706798,0.0,4.29944059702448,0.0,5.8526234721911505,8.518466113217068,4.8048209616686925,7.052257327768488,6.420908712152389,0.0,4.1833531419869585,0.0,0.0,0.0,4.497639849817877,5.2717485520401715,2.841785353365196,4.736412931074461,3.9007406293766413,0.0,0.0,4.583722858807003,5.5888009495963615,4.1833531419869585,6.994738760743879,0.0,0.0,0.0,3.2276185270961197,0.0,0.0,5.388960911051519,5.138950408317357,5.03948400577619,5.425165444917222,0.0,4.736412931074461,0.0,6.90173776706798
PT_S2,HK1770,246,HKD,285542.0,4.443247344225124,3.76178927421704,1.5045465696750904,6.951417372733829,0.0,3.5841053701934458,5.385095478607836,0.0,2.0799693457166164,4.263274565925122,3.4818247171950314,0.0,1.5045465696750904,2.4428977810894628,5.561282493659688,0.0,5.385095478607836,6.818979990331613,2.0799693457166164,4.401198803324058,0.0,5.881134483919358,8.517596232667056,5.283803849697216,6.9446898086219235,6.168118408614217,0.0,4.043643870708843,0.0,0.0,0.0,4.871971787940036,5.109570733183567,3.239257986703579,4.443247344225124,3.239257986703579,1.5045465696750904,0.0,4.263274565925122,5.638955705301589,4.159476843317904,6.787883627188604,1.5045465696750904,0.0,0.0,3.4818247171950314,0.0,1.5045465696750904,6.043234583254936,4.758489278904313,4.898438481818404,5.416700904078447,2.0799693457166164,4.788089899647039,0.0,6.8675358382143035
PT_S2,HK1597,129,HKD,112891.0,4.1432412991468,3.3168844039583267,2.2882936615519656,6.807411503338092,2.2882936615519656,3.813097525229523,4.391022532074914,0.0,0.0,4.495143474223064,4.1432412991468,0.0,2.2882936615519656,4.589438313390209,5.077956422282771,2.2882936615519656,5.2774932692033465,7.199359707568366,0.0,4.1432412991468,0.0,5.2312163293640355,9.081169429788659,4.1432412991468,6.777592041170102,6.326257571019424,0.0,3.595458715127282,0.0,2.2882936615519656,0.0,5.0211645667156635,4.896880615795608,3.813097525229523,0.0,2.9293896794471626,0.0,0.0,5.2774932692033465,5.795296903135615,4.589438313390209,6.787630986815752,2.2882936615519656,0.0,0.0,2.9293896794471626,0.0,0.0,5.443761628009578,3.3168844039583267,3.99173234760272,6.012425069716904,4.495143474223064,5.517560753159834,0.0,6.7258275573372
PT_S2,HK1632,64,DKD,54832.0,4.523825931348678,4.303390570226078,0.0,6.431453245334698,3.623675406631402,3.623675406631402,4.303390570226078,0.0,0.0,4.704337944805282,4.704337944805282,0.0,3.623675406631402,4.523825931348678,5.106779851727669,0.0,4.303390570226078,7.2479985861739955,2.956862826391446,4.303390570226078,0.0,3.623675406631402,9.264878488147984,4.989753473650519,6.642455604487551,5.739914879188247,2.956862826391446,4.020205913144643,0.0,0.0,0.0,4.523825931348678,4.020205913144643,0.0,0.0,3.623675406631402,0.0,0.0,2.956862826391446,4.989753473650519,3.623675406631402,6.96486925711707,0.0,0.0,0.0,2.956862826391446,0.0,0.0,5.546447565095319,2.956862826391446,4.704337944805282,4.523825931348678,4.704337944805282,0.0,0.0,6.3392357300896345
PT_S2,HK1664,646,Control,884372.0,3.6458313955244597,3.6158750201007352,0.7564720992747815,6.774299962631461,1.479838813774057,3.5849934741739915,4.65423289815434,0.0,0.0,4.65423289815434,3.161878618451662,0.0,0.0,3.7834699122124804,5.246152970919975,0.0,5.034681808606127,6.3590207770949405,0.7564720992747815,4.090985360269218,0.0,5.098813480200244,8.688457787989247,4.942226137082959,6.616456386036666,6.302654719930211,0.0,3.0612121920887176,0.7564720992747815,0.0,0.0,5.063693657450912,5.19105420792406,3.0612121920887176,3.6158750201007352,3.208650265160066,1.1821846890043017,0.0,4.146162260794431,5.275500491479255,3.674916425605005,6.544311727504163,2.4138324143849403,0.0,0.0,2.8231892938358616,0.0,0.0,5.764374448867139,2.3071712685681334,4.325842827835701,4.849241528573127,3.9269671621820805,4.325842827835701,0.0,6.492580460456747
PT_S2,HK1594,80,HKD,83055.0,4.893669605375564,3.895097722773196,0.0,6.567196405911761,0.0,4.114164698826987,2.568037991625322,0.0,0.0,4.445957551851732,5.059570121487762,0.0,0.0,3.614173228550445,6.017052580001385,0.0,4.893669605375564,7.18948736638264,0.0,4.694662829808924,0.0,4.57802213517196,9.399085831153016,4.980056297923615,6.871316523669043,6.274327708289841,0.0,2.568037991625322,0.0,0.0,0.0,4.57802213517196,4.114164698826987,3.2220878061940224,4.893669605375564,2.568037991625322,0.0,0.0,4.29375927692811,6.045970490410321,4.29375927692811,6.820077812569933,0.0,0.0,0.0,2.568037991625322,0.0,0.0,6.101412366771192,4.893669605375564,4.57802213517196,5.437053008546133,5.059570121487762,4.694662829808924,0.0,6.752101222143081
PT_S3,HK2893,1530,Control,4939999.0,6.323785813631821,5.756958812558238,1.8346846840536382,5.056710067546856,2.4269145411268567,6.902262690622415,5.69493120177667,0.0,1.8018302168206874,4.896297933889796,7.138793296777603,4.535902751742204,5.870542936223334,6.777328576384074,4.962165117858835,1.8346846840536382,7.378889544224166,5.929858496755525,0.0,5.4859723811783185,0.5931703485579324,4.570025565945715,6.312836559368672,6.145010850605325,3.9971231739067616,4.401422536235343,2.1854599154274963,8.020234740367611,0.0,3.8229043441021684,0.7950605768154919,5.2203997939203415,4.475541144620099,1.6191077713849977,2.2299710467227682,3.4774336098807384,4.716074214134669,0.0,2.923771050730762,4.902331680746817,3.0749027913988867,4.557365566472704,1.1066769839996038,0.699201791294195,0.18434383625371017,4.068853921869648,0.699201791294195,0.4745480205437912,8.619872016810232,1.2323125014213685,6.6018077373181825,5.6037610100349795,2.771322928796191,6.001505267027676,4.559486727971654,6.208085045916034
PT_S3,HK2898,1252,Control,3453909.0,6.406108120233402,5.823073877278952,0.2542755044410479,4.918433561973606,1.00692167365718,7.242774960634614,6.37453606855735,0.4568259661701489,2.3001158267057082,5.132880826075418,8.129498834137992,4.137871000210758,1.3597630626806003,6.715726893784734,4.66436612041519,0.4568259661701489,7.784317867296841,5.943949663010142,0.0,5.168122097330531,0.0,5.865831413222028,6.865937922821304,7.053155522127712,3.0154520898535684,4.677918156053861,0.0,7.836439563749648,0.2542755044410479,3.850887691501937,0.0,5.828200104884297,3.2084705214533846,2.811476410643267,1.3597630626806003,3.123004672741324,3.7053727520194046,0.0,1.728541393622846,5.341761860871271,3.4092392787951478,4.879589865021905,1.8264002334207619,0.0,0.0,2.3001158267057082,0.2542755044410479,0.0,8.853462362490124,0.8951223048391257,6.745451345830698,5.773917632045823,2.8623746068702984,6.102919036781065,3.691030850125682,5.664696252585836
PT_S3,HK2862,81,DKD,100920.0,5.132559418440254,4.700455142975855,3.9228480708277145,4.101866734688533,2.3895733490927933,6.805395058216736,6.246609762162023,0.0,2.3895733490927933,3.035802499241052,7.546228820677305,3.425125996865179,0.0,5.7929882317679695,5.07230356842425,3.9228480708277145,7.497988194099218,5.243163656641112,0.0,4.385404790684839,0.0,6.338247383825509,4.253651508326904,5.629229471226554,3.035802499241052,3.704638493991719,3.035802499241052,7.718821655391407,0.0,4.101866734688533,0.0,5.629229471226554,5.07230356842425,5.008182824326493,3.9228480708277145,3.035802499241052,4.385404790684839,0.0,3.425125996865179,4.866109611958078,2.3895733490927933,3.704638493991719,0.0,0.0,0.0,0.0,0.0,3.035802499241052,8.24172560837476,3.035802499241052,5.433299598783787,4.700455142975855,2.3895733490927933,5.47567716925113,5.243163656641112,4.700455142975855
PT_S3,HK2774,164,HKD,956871.0,5.093666193929767,4.387331840899763,4.13771217993612,4.934111490289978,2.9862531444153424,6.994860149139823,6.24855732233304,0.0,2.8747598132715724,3.7566062790649593,7.004393501762506,2.7492574857690437,0.0,5.67872225201548,4.120892869448198,1.4195402542702473,7.076672886960787,5.214325606725109,0.0,3.8042833052057237,0.0,5.296134289119087,3.8042833052057237,5.202894093527389,3.5691779122422673,4.086381025161572,1.4195402542702473,7.967419283871837,3.5691779122422673,5.342188391146567,0.0,5.744386011692598,4.788643716090766,5.869959567951232,3.8272956415114296,3.9552467460452037,4.320153618499926,2.438053440911597,3.3005230458375734,4.277567944049327,3.0376601879208347,4.347568791824985,3.5084739053289207,0.0,0.0,2.438053440911597,1.1282183074760779,2.6057129194420336,7.804961512310467,2.7492574857690437,6.045394810165196,4.963752758899265,2.438053440911597,5.3957404025926134,5.653400493872814,3.8933162349776738
PT_S3,HK2899,27,Control,16432.0,7.053828073307185,5.212599301758607,0.0,4.809854238763438,0.0,6.307573316203633,5.721243549819975,0.0,0.0,0.0,7.692499904557412,4.809854238763438,0.0,7.053828073307185,5.721243549819975,0.0,7.20031370944738,5.903019018376004,0.0,0.0,0.0,5.212599301758607,5.212599301758607,7.510269590840275,5.498918572121271,4.124823081432053,0.0,7.822497392697,0.0,0.0,0.0,5.498918572121271,4.124823081432053,4.124823081432053,0.0,4.124823081432053,5.212599301758607,0.0,4.809854238763438,5.721243549819975,0.0,0.0,4.124823081432053,0.0,0.0,4.124823081432053,0.0,0.0,8.608516857238683,4.124823081432053,7.053828073307185,5.212599301758607,0.0,4.809854238763438,0.0,5.498918572121271
PT_S3,HK2844,216,DKD,613094.0,6.377042632405819,6.1009520533835015,3.1711549866934456,5.049546787798632,2.752363138054058,6.641146162023233,6.7384650509869,0.96739108454161,0.0,4.52547731180285,7.913768032619672,4.7030386731098295,2.5191066701416562,6.861896332962937,5.049546787798632,0.0,6.388073785522509,5.549380268321998,0.0,4.3731299290798065,0.0,6.322915803154657,6.853321614461226,6.897128191503206,3.1711549866934456,4.542986878849144,0.0,7.267581645278943,0.0,3.973950874765162,0.0,5.6286353953431325,3.910664836521473,2.3782886336107696,0.0,3.5625363453197183,4.610111423478952,0.96739108454161,3.299428190200939,5.543015404958319,3.023972491298664,4.642056340251877,3.1002691342638147,0.0,0.0,2.752363138054058,0.0,0.0,8.692708856319998,2.5191066701416562,6.645395943926044,5.442335659328921,2.5191066701416562,5.7653757086935755,2.3782886336107696,5.049546787798632
PT_S3,HK2895,1832,Control,8865848.0,5.339580064463309,4.593006345626792,1.1451952609708513,6.911921917251157,1.3693011907338142,4.5195889544940275,5.375196253867472,0.5819622825697339,1.214509028193086,5.147455124617742,4.0847393662315215,2.2228753155251546,1.5033134254907936,4.709282962394964,5.849785137273736,1.8584883580075846,6.059724636527093,6.788970831507474,0.0,4.248908440801934,1.3693011907338142,5.050429608813976,9.349185960251033,6.048334888729659,5.948990488808661,6.385464072202125,0.29145776601627305,5.641785756586777,0.8559071634117401,1.3402004809260253,0.10687250421676166,5.297581829723143,4.878154615408255,3.7118266091909584,4.258525967178111,3.3856257500646243,2.120043991081388,0.29145776601627305,3.263952371011255,5.638179067105406,4.573406145465006,6.193622519313887,1.5522638190049538,0.10687250421676166,0.0,3.8360601652922224,0.20341806741351035,0.3723697668056677,7.608888324456571,3.6696103191698675,5.24247517136412,5.877343336464627,5.29248949444967,4.492185401599257,1.4250790019955597,6.995183415197303
PT_S3,HK2868,45,HKD,139081.0,5.737128119760735,4.870767563644065,2.1029205787115735,4.289096144653988,0.0,6.656116967436642,6.052590756667467,0.0,2.733075079307892,3.9382828383447768,7.236109338082881,4.814060076224543,2.733075079307892,6.474052603720612,5.023822289168241,0.0,6.208818924295487,5.1971224289654785,0.0,4.689978327796786,0.0,5.945611428003502,6.538494685205546,5.945611428003502,3.609573051469154,3.393172564281449,2.1029205787115735,7.600820061715453,0.0,3.1166288636851047,0.0,5.613938286206024,4.469128864363117,4.383158517346438,2.1029205787115735,3.7873738384515505,4.469128864363117,0.0,2.733075079307892,5.66504923000005,3.609573051469154,4.469128864363117,3.1166288636851047,0.0,0.0,3.609573051469154,2.1029205787115735,0.0,8.213245703248605,3.609573051469154,6.223178924021411,5.503141580195303,0.0,5.9072477811858155,3.609573051469154,5.503141580195303
PT_S3,HK2833,92,Control,185920.0,6.041528385507807,5.324905666599027,1.8529576499933937,6.36629003387339,0.0,6.195339304515224,6.138945628579347,0.0,1.8529576499933937,4.402807488085747,6.831013628580167,3.3283860661687594,3.6545623611898073,6.463123432167659,5.919236179031658,1.8529576499933937,6.653542383238471,6.309232704516928,0.0,4.182719992212791,0.0,6.279434874051753,8.713460653424454,6.6037758914374765,5.089814395817107,5.746082206388929,0.0,6.559054358996519,0.0,2.8411799066355714,0.0,5.637251532022252,5.089814395817107,3.9001106822794145,3.5047145470697805,4.097094649895523,4.781896658750977,0.0,3.5047145470697805,6.36629003387339,3.6545623611898073,5.15396789515908,3.114165317836316,0.0,0.0,4.334688728719833,0.0,0.0,8.207741035981382,5.2142526687106905,6.512238797596584,5.989013180073311,3.9001106822794145,5.693146653601358,0.0,6.206246212722805
PT_S3,HK2663,402,Control,1769909.0,6.260777191565884,5.503888813485738,3.112182438225384,4.521409469497474,2.9778241959829157,7.0777019785151865,6.838068936745783,0.0,0.44788633483935425,4.598247671667955,7.001456485612741,4.803284470971133,0.0,6.8655535362887035,4.957587478060166,0.0,6.7710545639766515,5.796864308375763,0.0,5.168124663082326,1.3415595123447914,6.1245863296789675,7.155183016712346,6.746131480984126,3.4322128044660363,4.231205139373438,1.1817281763304435,7.472018813033477,0.44788633483935425,2.3065783883283193,0.0,5.5084783995709845,3.4503063258638043,4.417937982770505,1.7083790189493926,3.356375703725917,4.615171421558219,0.0,1.8946180568867863,5.128745609194796,3.4503063258638043,4.332640813721689,2.753024891561107,1.1817281763304435,0.0,2.9185825529420537,0.7561227304028654,1.1817281763304435,8.80151152286529,2.716350325364183,6.719889788426112,5.559798033681695,2.7884018817067275,6.321479886125992,2.248658016629111,5.5084783995709845
PT_S3,HK2867,1492,Control,8120994.0,5.927171694450166,6.0002680097273995,2.5887983543799704,5.039737642506997,2.361300653989191,7.115999904618781,6.334154413231848,0.11612622890046478,2.4067005847666105,4.823372838225204,7.86386028879353,4.219314653812285,4.20287955968343,6.787817121996721,4.855519893550529,0.31438211284199896,7.222328632878865,5.877365312397015,0.11612622890046478,4.9566417285841995,0.40048643000485673,5.557200518383415,7.0314318206207576,6.982941504138302,3.711046781808753,4.8400624555621246,0.40048643000485673,7.126839719222869,0.0,3.547883475182447,0.40048643000485673,5.66265033128753,3.8745643992119407,3.2674074909054536,2.141405944704702,3.0880105004707206,3.864284729686306,0.0,1.5463125935221989,5.247109703590559,3.455094207406188,4.500126404046227,2.968907964298779,0.2201593199050596,0.0,2.8831152753724947,1.2420638543493885,0.2201593199050596,8.670682001949555,1.7998339593157575,6.787261652909868,5.706988265137989,0.802618595147678,6.015410082180336,2.7427891555538793,5.6362146416388335
PT_S3,HK2739,456,HKD,1337694.0,6.08124169938657,5.170074242399765,3.121443729759536,4.8871085545980275,2.7215287755298108,6.725068274997166,6.306659061025518,0.0,0.558217737390509,4.456917058924681,8.014373074310841,4.201476268085509,2.439366222695055,6.606088487292651,4.735152491638216,0.0,7.528422937749651,6.044705584548071,0.0,4.4482090617134755,0.0,6.375166572720794,6.198770776443907,6.3428154328049535,3.6856960497246094,4.721936821067032,0.0,7.388460300745745,2.5025277174029075,4.070081656013008,0.0,5.553575525485984,3.8886218772342884,4.190219666138649,2.044849590801342,2.8591225856358387,4.366224086797339,0.0,2.299646925977896,5.423899450564894,3.430827535373457,4.616825856090656,2.439366222695055,0.0,0.0,2.439366222695055,0.9143329133791266,1.3838464884996997,8.250223716269558,0.558217737390509,6.51625560994876,5.716237336504174,3.0173192464581646,6.062270304403357,3.5663596554515684,5.067230667586117
PT_S3,HK2558,54,HKD,424138.0,4.480012302314793,6.293268826485373,1.7431724022861363,3.9222146353087206,3.377337598324993,7.318264391936257,4.1319743156063184,0.0,1.2112631234131515,2.8624329886796964,5.3510870507425174,5.038587677944233,6.8223654836967755,5.795217044727582,3.4547508347738516,2.8624329886796964,5.851010129835095,3.6564484870258642,0.0,5.728488144730751,0.0,0.0,0.0,2.088546166212129,1.7431724022861363,3.715552891275923,2.7177588633629313,8.268300056726604,0.0,2.7177588633629313,1.2112631234131515,4.62871186662,4.532074673317262,3.29342489036269,2.7177588633629313,3.6564484870258642,5.571040387663795,2.3447718622300706,3.8242129244711895,2.3447718622300706,2.8624329886796964,2.9887975614703657,2.088546166212129,2.3447718622300706,0.0,4.778166394005557,0.0,1.2112631234131515,6.271234139715053,1.2112631234131515,4.053268310603254,5.140236046623522,2.548555397798806,4.053268310603254,5.758696415183996,3.4547508347738516
PT_S3,HK2891,647,HKD,2527969.0,5.929601373509856,5.383461547860439,2.423468760917287,6.00749495288668,1.9918652146946383,6.343959412421359,6.23771241057015,1.091209070763786,2.0444315320740487,4.698505503745594,6.518893450361505,3.6214795454125057,5.7427516633705595,5.87889085228308,5.608591047036397,1.6005474512369737,7.022567217723045,6.23771241057015,1.2159350187812579,4.48212033361255,0.3333061377066716,5.294223046220532,8.261345808303815,6.574509736355609,5.259878176658746,5.683990169664338,0.9486796553248245,6.971562103801885,2.230773670120575,3.033929557046429,0.5828572810364971,5.694692212514147,5.109327505686425,3.813402850356216,4.716361337444332,3.3702496508964286,3.786859188942447,0.9486796553248245,5.194040904117745,5.34267951183468,4.1194093668461,5.857637920803649,2.3123584610711414,0.0,0.5828572810364971,3.5892283841532193,0.9486796553248245,2.230773670120575,8.140153410565937,5.146844099623408,6.184526453800918,5.68264432510308,4.733903925432739,5.276187496073884,2.7495922837377456,6.312895049966345
PT_S3,HK2770,616,HKD,2274210.0,4.684812850590971,4.972216525873784,0.8411961657638876,6.847523616704807,1.7641903156499112,4.273798317964835,5.325283519448092,0.8411961657638876,2.1877168956512096,5.294864523089564,5.1976274302983,1.8368216731550824,0.0,4.906107801761374,5.221651212475755,0.0,5.944874835560034,6.8967301304777,1.1627024767463632,4.522012662252247,0.3644438792651499,4.676658666415739,9.744987898782561,5.904929397938859,5.943722461936642,6.259465753123807,0.6309665506408625,5.168015684604764,0.8411961657638876,0.6309665506408625,0.3644438792651499,5.214504482882898,5.111339531189668,2.769474281099561,4.114811984310131,3.486131045793198,1.5080041324322124,1.5080041324322124,3.934318541499817,5.708186325380805,3.8253913245840114,6.0127711227572815,2.4081517688865883,0.0,0.6309665506408625,2.9225444680932156,0.0,0.3644438792651499,7.078364250850397,4.502713955742062,4.862879280381718,6.063134538616126,4.468018232246832,4.972216525873784,0.8411961657638876,6.824374152771516
PT_S3,HK2711,554,HKD,1201374.0,5.74665866739146,5.657760973853266,2.661523362568403,4.947623665925128,2.3968550133029334,6.503893764342914,5.9394684199012655,0.0,3.405631172131127,4.491243163937342,6.600087329446742,4.213466266425337,6.581805313312321,6.40160359281429,4.201074745113891,1.6413049786203597,6.260985453125704,5.059346016966456,0.0,5.1881083112442115,0.6056158090900681,4.491243163937342,5.680737195465601,5.476717719503788,3.4328797942994735,4.1758213159479896,2.8706000891171586,7.968790128531195,2.469872818708194,4.136703600284072,1.6413049786203597,4.685616380932778,5.334795398760358,3.5350057035325615,4.273220215436386,3.712455648156184,4.941696014570694,1.465456919672411,5.255488563211419,4.536829337221519,2.9166882770735016,4.646457531265274,2.6016301516751805,0.6056158090900681,0.0,4.136703600284072,0.9801141908692141,2.469872818708194,8.31254479105001,4.654412935746635,6.128634310658048,5.362497850664512,3.510435272363961,5.524313155886922,4.038998809492642,5.408272192095561
PT_S3,HK2896,434,Control,1432859.0,4.868399419875097,4.406195008470408,0.8737216926539906,6.816913660199072,1.646238827073364,4.371539362196184,5.394274102064138,0.0,0.0,5.167504242643039,4.660470602771549,0.8737216926539906,0.0,4.353750499063829,5.688723214123497,1.9852885955563706,5.659974096171577,7.034472716597663,0.0,4.249817685560063,1.9852885955563706,5.4851265453372715,9.418787180181262,5.917785054219691,6.243503296396282,6.465172309276865,0.0,4.076284901449931,0.8737216926539906,0.5293953599484149,0.0,5.355488614591639,4.4146744602553545,3.5609711778972954,4.209175255503084,3.7903102589098383,0.0,0.0,0.5293953599484149,4.818920529173146,4.1882173461825145,6.387248897700302,2.3768271885811605,0.0,0.0,2.7508550545989183,0.0,0.8737216926539906,7.373325447454,1.3327937656908337,5.105992524305264,5.970820443645151,5.642813988525256,4.6538451160172905,0.0,6.919255878149162
PT_S3,HK2713,207,Control,120098.0,4.89951401928867,4.835472055036065,0.0,2.232863384303302,2.232863384303302,7.596413130635865,5.883436402149632,0.0,0.0,4.329927752466742,4.767046375375126,4.433970550431099,0.0,6.725817648212705,6.3407194972553516,0.0,6.164603236540333,5.302492637693174,0.0,2.232863384303302,0.0,5.678220762020025,7.579543641743214,6.110652816915984,3.25731161440871,5.260149485373719,0.0,5.260149485373719,0.0,0.0,0.0,5.121166418819225,0.0,4.959700297820478,0.0,4.213789425890475,4.767046375375126,0.0,4.082368692198306,5.524639859402659,2.8709095168548084,3.931025312292123,3.25731161440871,0.0,0.0,2.8709095168548084,0.0,0.0,7.957527728647147,0.0,6.9162298016279395,5.302492637693174,2.8709095168548084,5.835944207236753,0.0,6.2485167786952
PT_S3,HK2923,682,Control,1186477.0,4.720761816967606,4.2970608266527694,0.6113031607603229,7.011505389734066,1.6513773689316669,4.1752358613324265,5.420694136288266,0.0,1.2608711568372346,4.905350205877057,4.1752358613324265,1.2608711568372346,1.8012126535980026,4.319741012993287,5.475117198012502,1.2608711568372346,5.740313462153148,6.4962056004211854,0.0,4.634559965805374,0.6113031607603229,4.080167245186816,9.280271496333748,5.8649390383081865,6.153704682764179,6.296999832788046,0.0,4.558048285541545,0.0,0.0,0.0,4.592778074565881,5.478642219881914,3.331154061707559,4.80703055248393,3.975101894777907,1.4750662493293663,0.0,3.59453900187704,5.913935687687691,3.9097046747812696,6.409909328499331,3.167853911960629,0.0,0.6113031607603229,2.6731344416946583,0.0,1.9314952346292662,6.9192438092424045,3.167853911960629,4.886444440161041,5.715633477044704,4.503581681330645,4.658816029689516,2.408203422806847,6.824948496248685
PT_S3,HK2924,108,Control,162923.0,5.3456185156013,4.767454900744255,0.0,6.785421652162567,0.0,3.6330287604127207,5.456342024605028,1.9654142456880956,1.9654142456880956,5.187375724597594,4.866728317872108,0.0,0.0,4.65722899997525,5.842734388509883,0.0,5.787838799710483,6.909226811644983,0.0,4.312869808367227,0.0,5.402511949859945,9.622053878242378,6.282256627965764,6.036378348417188,6.021598936618526,0.0,3.9140798980441285,0.0,0.0,0.0,5.456342024605028,4.99929693327381,0.0,4.227075422647437,2.585938130057736,0.0,0.0,2.585938130057736,6.338035495450447,3.783395720314615,5.877725672297559,1.9654142456880956,0.0,0.0,2.585938130057736,0.0,0.0,7.33258457416066,3.783395720314615,5.078820838247026,6.160396652068423,5.37446978603094,4.391881596121821,0.0,6.921409981277075
PT_S3,HK1650,493,HKD,484484.0,4.0012299240130496,4.4738097988510654,0.0,6.625894698784779,0.0,2.9743280721527,4.722586835819959,0.0,0.0,4.348597959286499,1.972990842054792,0.0,0.0,3.641602549406109,4.965774347780215,0.0,5.087571821133297,6.256020669254788,2.225294310657179,3.792001872115097,2.8629099555696493,5.273106502475197,8.454179577200154,4.859589141854156,6.2833677808432435,6.525230583072191,0.0,3.6942893284632814,1.6347358640443728,0.0,0.0,4.265180355676326,3.881010819698852,2.8629099555696493,4.605914701165558,3.6942893284632814,1.1197381090562717,0.0,6.540246579882762,4.951278080594217,3.2491574652145525,6.389312174805177,2.225294310657179,0.0,0.0,2.594083118300722,0.0,0.0,5.783997811059544,6.485099819779687,3.9227104827376236,5.304364098810816,2.426593886484992,4.626330037824467,0.0,7.04810554348926
PT_S3,HK1635,30,DKD,47619.0,5.129899709006414,4.663440084678605,0.0,7.052722048367771,0.0,4.158884067735172,4.44265224472611,0.0,0.0,4.844188078585075,4.44265224472611,0.0,4.844188078585075,4.663440084678605,4.844188078585075,3.0910434079042695,4.844188078585075,6.572283541295906,0.0,3.761201092438248,0.0,5.129899709006414,8.055476141440415,5.247025066897828,6.342122416961088,6.224559427295662,0.0,4.997213267007858,3.0910434079042695,0.0,0.0,5.247025066897828,4.997213267007858,3.0910434079042695,5.129899709006414,4.158884067735172,3.0910434079042695,0.0,6.629364252116945,6.304449800594328,3.761201092438248,6.413459955528513,0.0,0.0,0.0,0.0,0.0,0.0,6.413459955528513,5.991465544608482,4.844188078585075,5.880533983607904,4.997213267007858,4.663440084678605,0.0,6.601231117370681
PT_S3,HK1997,189,Control,231085.0,4.188308076116351,3.294520145714141,2.6377876649160448,6.436386441048943,0.0,3.119588384314607,4.566461205477298,0.0,0.0,3.687546263843782,3.572887511525484,0.0,1.6728655651467461,2.6377876649160448,5.563158251947005,1.6728655651467461,4.610460923311216,6.490369333193848,3.572887511525484,3.572887511525484,0.0,5.340973400974425,7.934578194724789,4.188308076116351,6.422422764817139,5.687869923571779,2.267457685006607,3.8836550510649275,2.267457685006607,0.0,0.0,4.4721899537344685,4.3116846908934745,2.6377876649160448,5.276754242480269,2.9074281321244473,1.6728655651467461,0.0,7.596698392813938,5.231529467450972,3.687546263843782,6.503421700433615,0.0,0.0,1.6728655651467461,3.7904003057205986,0.0,1.6728655651467461,5.276754242480269,7.064247134095576,3.8836550510649275,4.693046436863225,1.6728655651467461,4.188308076116351,0.0,6.723667886804161
PT_S3,HK1770,253,HKD,348368.0,4.619748111046627,3.964036519887894,1.3533908589380208,6.573346873625843,1.3533908589380208,3.1765619573304766,4.823764942131233,0.0,0.0,4.2469607113673895,3.7855050358348503,0.0,1.3533908589380208,3.2896976692833935,5.7581382299588055,1.3533908589380208,4.932928354123829,6.528229221225936,3.2896976692833935,4.287210235938744,0.0,5.524400239620346,8.210944225148246,4.890681967708152,6.746031567889002,5.893538803921178,3.048974134425881,3.7181320941872626,2.262968949627022,0.0,0.0,4.776528839406525,4.9534005820960285,3.5680197952651533,5.203145031465812,4.205022975410836,1.3533908589380208,0.0,6.801811455095691,5.415661025646544,4.067496598784666,6.589261376891876,2.524296488964196,0.0,0.0,3.7181320941872626,0.0,3.048974134425881,6.012773235630816,6.364486692728018,4.591050393294823,5.1872333836360855,1.908216505488472,4.800425771018261,0.0,7.02919153846208
PT_S3,HK1597,84,HKD,69606.0,2.7321948648243475,3.7864537230615793,0.0,5.66411103978588,0.0,3.3922627594572314,4.28816761101261,0.0,0.0,4.468198202035069,3.3922627594572314,0.0,0.0,3.3922627594572314,4.468198202035069,2.7321948648243475,3.7864537230615793,6.636508881116282,0.0,3.3922627594572314,0.0,4.468198202035069,8.53721835195582,4.468198202035069,5.803420502043766,5.613000267136055,0.0,3.3922627594572314,0.0,0.0,0.0,4.620709258386421,4.620709258386421,3.3922627594572314,5.5591358087320515,0.0,0.0,0.0,6.8091434820897465,4.620709258386421,3.3922627594572314,6.304320729445215,0.0,0.0,0.0,3.3922627594572314,0.0,2.7321948648243475,5.613000267136055,5.66411103978588,3.7864537230615793,5.235193890271483,4.86983333173252,4.28816761101261,0.0,6.495057935168899
PT_S3,HK1632,22,DKD,15350.0,4.19187318558952,4.877432682534424,0.0,6.662824803966934,0.0,4.19187318558952,0.0,0.0,0.0,0.0,0.0,0.0,0.0,0.0,5.280355714626083,0.0,5.280355714626083,6.88571281613586,0.0,4.19187318558952,0.0,0.0,8.87725970646033,0.0,5.970954340546399,6.257998258179293,0.0,4.19187318558952,0.0,0.0,0.0,0.0,0.0,0.0,0.0,0.0,0.0,0.0,0.0,0.0,0.0,6.257998258179293,0.0,0.0,0.0,4.877432682534424,0.0,0.0,4.19187318558952,4.19187318558952,0.0,4.877432682534424,4.19187318558952,4.19187318558952,0.0,7.067863977214494
PT_S3,HK1664,864,Control,1394024.0,3.893090923557727,3.8328263049406446,1.9078792135908846,7.269404699909153,1.1480509071082474,3.6640597660535623,4.334954881083792,0.0,0.0,4.8573901092002,3.8482363493084275,0.0,0.5407811033153054,3.863412523599263,5.402421094316706,0.0,5.044906402231327,6.651960544927218,1.668477577551324,3.949929225715593,0.0,4.840525736614931,8.442024707770313,4.640351311727908,6.484972829308481,6.516228942787968,0.0,3.5471818061921434,0.5407811033153054,0.0,0.0,4.811770610912002,5.614257024607189,2.730917101860281,4.99273567378847,3.6073273722775463,1.5231692753166473,0.0,4.817588165222829,4.334954881083792,3.587678067785722,6.675762604363862,2.5239321701198727,0.0,0.0,2.5798313004200684,0.0,0.0,5.563293182304926,3.6265980101888706,4.583353403299976,5.190841244293572,3.0485968595444395,4.499266442727986,0.0,7.357814372517087
PT_S3,HK1594,35,HKD,38645.0,4.870475075153804,0.0,0.0,6.751015815339226,0.0,3.9656232499041857,4.870475075153804,0.0,0.0,3.2912548574690987,5.559780023419582,0.0,0.0,3.9656232499041857,6.02833900098412,0.0,5.051517527454205,7.0608587774327445,0.0,4.870475075153804,0.0,3.2912548574690987,9.111381441097269,4.870475075153804,6.720280708842784,6.02833900098412,0.0,0.0,0.0,0.0,0.0,5.337598415072699,3.9656232499041857,0.0,3.9656232499041857,3.2912548574690987,0.0,0.0,5.204753558477311,5.741459770442466,4.649247118098926,6.991927192704243,0.0,0.0,0.0,3.2912548574690987,0.0,0.0,6.9431829911388565,5.454847152212321,4.649247118098926,5.204753558477311,4.870475075153804,3.9656232499041857,0.0,7.205324494065286
iPT,HK2893,271,Control,672395.0,4.59670031271388,5.463750981378086,3.5180574186930578,4.59670031271388,1.6977533513043142,6.582443625766634,4.947331771751081,0.0,2.434538135703913,4.416393736171283,6.555311851057767,3.472948644424753,6.112858785825062,5.92900308174652,4.322290598523277,3.0828771507053654,6.367335076860407,4.904162269304459,0.0,4.904162269304459,1.3798843876153306,4.611587655488338,5.766022435388114,5.206426660305346,3.6805384489621646,3.6025943208299345,2.666185265540682,8.495756511782849,0.9111660443057189,4.240062189933324,0.0,5.292301306607085,4.8238184277807274,5.238513500239266,3.942853150732484,3.561218914864521,4.723322744318935,2.13252074066885,5.277226295141047,4.48577883167629,2.5570543060782542,4.3798081232758665,2.7645698147572357,0.0,0.0,4.302358659722478,2.8541359658455407,2.2948881794672227,7.41412186050409,2.434538135703913,5.463750981378086,5.230587794820673,1.9385811017102657,5.028452601728796,6.058731628836208,4.48577883167629
iPT,HK2898,513,Control,874124.0,4.718215241039248,4.851907383356671,4.3069818754646185,4.953798957940249,3.017887117346087,6.663768097752143,5.814275942746259,1.1902809691278926,3.686278158506395,4.22677746210379,6.924488669647702,2.608894615738533,3.4622318402374113,5.914887971091319,4.175373511914602,2.4244506349514667,6.160094916243982,5.215155257639925,1.1902809691278926,4.563850188083946,0.0,5.239715334867272,5.326790332106933,5.380894384303645,3.425696927527654,4.1211833253908345,1.4888526096926513,8.116564920679833,3.1730433427444513,4.563850188083946,0.0,5.527588255927825,5.343331106131509,5.5720649091104075,4.450341393827912,3.5315257246059435,4.758271009710955,2.0622972542123352,5.391372589818632,5.257747473621412,3.3483611033040583,4.352187909053372,4.063887461901202,0.0,1.1902809691278926,4.275667732877184,2.0622972542123352,2.6897524423600063,6.962025885131145,5.164147900779114,5.485794423697669,5.354208219642929,1.7184734329554257,5.233631633491724,5.3596027288844645,4.3222787458203
iPT,HK2862,3132,DKD,3960220.0,2.648341501890317,4.343881762592871,3.9016121001690496,3.8809885837826945,1.1855850868098998,6.6727954367608975,5.550238414909103,0.0,3.3507361420563115,3.238426998592561,6.933613621545793,0.6981570583865266,0.6981570583865266,5.003755531619078,4.017147132542173,2.871627215520753,6.3454745722172685,4.12887023626046,1.9180628669694084,2.3604224473242152,0.0,6.137933383007942,1.4545710226989463,3.7233242581471253,3.00522968172531,3.8913535072122016,3.7233242581471253,8.159015775611282,2.648341501890317,5.681564123467892,0.6981570583865266,5.1747239255783795,5.032163674213068,5.397878843188212,4.698954999352382,3.6407167791201336,4.13696875079441,2.1488902603530295,4.313925474121977,4.615065512883711,2.429478519533106,4.673340050797006,3.498594033684937,0.225150515313107,0.4088078138688854,2.6119475291465957,0.9222995804271845,3.208261898617271,6.114765815348975,2.9272278018165627,4.048475180555138,4.898387523902621,0.9222995804271845,4.2690067431131835,5.833011253814327,3.2482831579357003
iPT,HK2596,1719,DKD,2385370.0,3.8702189375761162,4.176554040781303,4.163599264231161,3.279878829140611,2.1454632381311667,7.318608325883298,4.4308881139775105,1.2571342721415881,0.0,3.426370348376486,7.156288150247547,1.7968574693338641,0.0,5.133014060863226,3.466436937112654,0.0,5.3480207584214785,4.410724653734493,1.7248080708978217,2.6387635314937827,0.0,3.954030320311258,0.0,2.3246291137328927,2.0422009910764514,3.3109442845564354,1.369797845298826,7.480457710306143,1.7248080708978217,5.859735227194437,0.0,4.711828747461825,4.848940314495424,4.308970348901845,4.66949607337443,1.369797845298826,5.026109647907273,0.9846551875456684,5.095215273034575,3.9778626528029033,2.668276934643678,5.30106237248887,3.5541186257363417,0.0,0.0,0.0,0.350108957575246,0.350108957575246,5.551268121124735,3.355804664285863,3.8255229030357687,4.143846884271891,0.6089197522514976,1.7248080708978217,5.150176166512944,3.144961230879483
iPT,HK2774,4320,HKD,21600487.0,3.252718664600858,4.000215229060599,4.512870141956233,4.274970676906675,2.7926197903990273,7.10246158659424,5.790277425395911,0.6553960131972119,2.8611208632628387,3.0154226789463197,6.600452487397266,1.5483324677077286,0.0,5.26692848325167,3.2199646739605963,2.305338722216229,6.420515159660009,4.335572547753484,0.8312847914988155,3.335154537357383,0.0,4.861654500862657,1.6860375898478022,4.036019555193719,2.8872592757335185,3.460492121036808,2.59578648140773,7.906534925803525,3.7490462358151135,5.333903356761185,0.31507495316512146,5.290533409780628,4.814718192339459,6.1671445250633115,4.280750666786159,3.8680877434647054,4.55365963215854,2.884675965741134,3.7124202552331367,4.265262494211093,2.5498583191620767,3.873875910484377,3.754480438247388,0.6310642008773866,0.6791498244026117,3.104399044474473,1.1983860148871945,2.616292975837055,5.624563137884706,3.4820725722390016,4.899957198290181,4.641336914192007,1.3652241623645394,4.512870141956233,6.252345127989741,2.817824114576898
iPT,HK2899,178,Control,104566.0,4.066973843756566,4.830897547088068,4.4667128739179365,4.350364434552795,2.357389325630188,6.536054198987799,5.440338111124082,0.0,0.0,3.390810759050851,7.214499994879969,0.0,0.0,5.662613682594514,3.0020460980971757,0.0,6.464188917344461,3.670036840581144,0.0,5.154100999643585,0.0,3.390810759050851,0.0,5.3074262431675425,3.670036840581144,2.357389325630188,0.0,8.21404505714404,2.357389325630188,3.888072261303145,2.357389325630188,5.2078641920664435,4.066973843756566,5.0370396622592555,4.570924228890066,4.4667128739179365,5.480986569936239,3.0020460980971757,6.725046132979265,5.154100999643585,0.0,4.570924228890066,4.904435402741757,0.0,0.0,2.357389325630188,0.0,0.0,7.235391455340121,6.021565759165614,5.5200470695486725,5.662613682594514,0.0,4.350364434552795,5.353721021510348,2.357389325630188
iPT,HK2844,628,DKD,1384854.0,4.048712875469129,5.096641725877606,3.9424909990712127,4.350824429001071,2.470762652601847,6.814370767943701,6.076960506395843,0.5435431876133405,1.5283339042103872,4.109793211601359,7.346876889188577,2.7370881955199504,2.8264938289197152,5.853147528819033,4.097871967237299,2.0147536795704073,6.281575405059833,4.497785701560799,1.6738364270639838,3.9970116605839157,0.0,5.270546322243145,4.010189711525548,5.3727893907484745,3.3220682357832474,3.7751435929851427,1.3579954789714095,8.047123959803818,1.9135023942577087,4.964614132290587,0.5435431876133405,5.489683971428902,4.713853818003762,5.144087961725491,4.144727253529356,3.7066058574194836,4.597191421895227,2.689197455196274,4.835669942452965,4.687602982737159,3.182507605158485,4.625890914236419,3.8077278026338046,0.0,0.0,3.553592111943985,2.1066891566221133,2.530004648459992,7.011592719393013,3.854695922507653,5.209314776067531,5.177233091810396,2.2685290502600113,4.6942305774486535,5.646648409656982,3.3477866072330897
iPT,HK2895,730,Control,2596516.0,4.185130666384592,4.653822192125204,3.626671249635997,4.738202136750368,2.6180772214757426,6.469753963390931,5.820734840230359,0.3257950526604205,2.929381294669402,4.230958614548699,6.092995757716282,2.163625188677845,3.5522452111387994,5.758295274011434,4.455672613339609,2.363518986446537,6.936635210322025,4.689849595370503,0.0,4.414589048784672,0.0,5.460265827996818,6.498577851912996,5.306550833654711,2.865660763668077,4.185130666384592,0.9323710844428474,8.496178086115789,2.5895824369275204,4.744922670829439,0.0,5.681246362462265,4.561660618072718,5.760723648760453,3.626671249635997,3.6863331534916797,4.490826155983203,1.406354721421282,4.864714384714075,4.561660618072718,3.116504694466003,4.247616734536536,4.1184783087789105,0.3257950526604205,0.0,3.695939696812121,1.5792497213609618,2.7495117036930807,7.297648950889942,5.722404619415464,5.4218699686540095,5.231207518665632,3.045799524766541,4.758229741314139,5.058557609246118,3.9331402564721825
iPT,HK2868,536,HKD,1447317.0,3.870856938742433,4.146051538367941,4.249828121794477,3.1402600764874893,3.1697196158375993,6.598618817966996,5.489498889443755,1.638142335697126,2.430450866002879,3.3785522093885243,6.698841449807403,1.8760192882478952,1.1225894953974187,5.6052356781916854,4.343840488364261,2.6481401782353355,5.861650107799262,3.953723127005845,0.0,4.054504001000125,0.0,5.451697902748031,0.0,4.316552999853312,2.597997619502404,3.7804984104001127,2.82680897814607,8.390968481876595,1.325411696278654,3.992715780864485,0.0,4.984264377656888,4.890110940746875,5.4031221663959395,4.343840488364261,3.627522075998869,5.025947243567417,3.1099062610818176,5.602690806407518,5.061594125973873,2.597997619502404,4.054504001000125,4.8089622616239085,0.5252808248512036,0.0,4.41316391463644,1.764137378555439,3.226156350461484,6.401590772989396,5.352065817693286,5.0168333757330466,4.925838628665707,0.5252808248512036,5.070310779057787,5.597581550924367,2.597997619502404
iPT,HK2833,401,Control,739905.0,4.574280627280396,4.8628686710966464,4.303826447537737,2.764227201777534,3.283875700833941,6.724058121629081,5.31013330177283,1.8572505727155542,1.30915672766957,2.9917919210964405,6.903468398857537,2.9917919210964405,2.2092793092729006,5.945760890844603,5.3167893475944075,1.6202936894378186,6.138205344458139,3.283875700833941,0.0,4.486939602551834,0.0,6.138205344458139,6.087332704905239,4.728949105530046,1.8572505727155542,4.167001110366675,0.0,7.562978032639928,2.764227201777534,4.424163959765616,0.0,5.166765194954452,5.651858174782344,5.711717718222221,2.845972672690839,4.51690892437113,5.417668622636504,2.9215378520544504,5.34297915459158,5.920691527619479,3.0574326867964077,2.5774648434169576,4.391233701965904,1.6202936894378186,0.0,4.8628686710966464,2.3476228930280114,2.764227201777534,6.427534609192282,5.572898327124073,5.841476523635792,5.219314097139757,1.8572505727155542,5.135449006830861,5.241016352693605,3.2318886868306054
iPT,HK2663,420,Control,1504987.0,4.6184130368623455,4.657001796254982,4.477836022164066,4.191423503221788,2.9055830733961936,7.0875934381432195,6.416138158076446,1.0964007450837845,0.0,3.941558022386351,6.438695384660103,2.611883864562334,0.0,5.896587310035192,3.941558022386351,1.0964007450837845,6.428017283468075,4.54355069998872,0.0,4.3576965149469675,0.0,5.918268180737939,4.959548727225279,5.266272853416178,3.10291003313349,3.6255446394541737,1.2968701483925218,8.502678938893268,3.215689650511311,4.211323669990003,0.0,5.153837744674335,4.447183452630955,5.475943788819613,3.9285716679604494,3.4307752938647784,4.68805923111142,1.843032347948469,4.8461295897672985,4.230835534829733,2.9055830733961936,4.2499739616513255,3.915414446763931,0.8454025512027357,0.0,3.3640913149119367,1.731868437044239,2.8685486436763754,7.428179945031516,3.979534872526457,4.991660843614647,4.861673542542849,1.843032347948469,4.775832278914996,4.9166860409919595,3.7884926770414378
iPT,HK2867,383,Control,1411716.0,4.556101611212194,5.129193092582365,4.07898279341808,5.095061792526737,2.7191322631560717,6.737248520403696,5.7268821358044795,1.1394577437225621,2.9290017138897513,4.192210790643559,7.291179656520207,3.0365871126680135,5.213610450932965,5.774197664828668,4.648423475296129,2.089834561260176,6.40560719496214,4.888501900830147,0.0,4.350311991793051,0.8824094048296424,5.291452951757856,6.296913527899582,5.862599669289264,3.9512775557148077,4.274382641192294,2.3232355011943726,7.808662244708629,2.8904043418228,4.844877268373204,0.0,5.44028521335721,5.145831600663884,5.66501827566003,4.462584098755117,3.164100631220803,4.613916285177758,1.343760247255733,4.925172172003448,5.316109752601091,3.3035565315289457,4.592625555009221,3.7889470284650186,0.0,0.0,3.964807416863145,0.8824094048296424,1.5133209561172092,7.415836525135227,3.687870881730884,5.399515934766737,5.25883092952704,1.8971493104676296,4.899117051642757,5.343564045090158,4.3130678017283905
iPT,HK2739,2132,HKD,5530902.0,3.8638197237069223,3.988522539221877,4.395626667365063,4.5578565330842675,2.9295192256499485,6.720092155465393,5.934343958422009,0.0,0.8946251940866221,3.4910749856250454,7.333761412836271,1.8600518841669778,1.771839555811067,5.578256308503352,3.7169351495929583,0.0,6.873852287495371,4.983630410554615,1.489582716354181,3.856201536066719,0.16619415290826406,5.76358762808992,3.8974010969680415,4.86127533371911,3.5755441253838436,4.120154963703378,1.7083884384798538,7.640319145135717,3.620099135153655,4.858472369889753,0.16619415290826406,5.503071902912615,4.868248562134838,5.804193176029716,4.128926157229729,3.1612590831250276,4.529010093239545,0.0,4.361612166029759,4.321609740791796,3.021724151640817,4.503318549500243,3.5182460071874297,0.16619415290826406,0.0,3.1222010467970223,1.6406368680279928,2.8490988637568093,6.737605999624544,2.4567932973041704,5.195934188258994,5.370122374763012,1.771839555811067,4.8227558643535975,5.275781905722142,3.3743455554714825
iPT,HK2558,1126,HKD,7751849.0,4.1840289755936535,4.973823637267696,3.777336434927016,3.6449648687498204,3.5930953198992284,7.453416900766505,3.268971431371841,1.6092470752354293,1.8388117293751474,3.3977357872845833,4.355231871933392,4.801931864212032,4.060764588440485,4.410017860718331,2.5138285430246863,2.891936947162333,6.30550724423836,3.3354247115311875,1.5831030590734159,5.072312349599623,0.0,1.1197289845272898,0.0,0.1213335967769378,0.7090263596519901,3.1154355663331192,1.8591162331885345,9.016340917539626,1.3107706826642618,3.7443253685683575,0.0,4.715666923446143,4.4240312844174055,4.288455033803223,2.544678732101991,4.182061446455166,5.308190006753964,2.492719991768117,4.343569968109496,1.6838123421867743,1.9176674283199848,3.419081146407192,1.378018726971506,0.3271463442287871,0.0,5.004574967139426,0.3271463442287871,1.2005750348024924,4.286682775079545,1.8388117293751474,3.523278651285236,4.645084727286856,1.2753710730487717,2.7622334341430577,6.871756075291728,2.3055909365724734
iPT,HK2891,1144,HKD,6197684.0,3.9321919263929983,4.563036391465991,4.06524973568477,4.39282492822405,2.655405030287213,6.619843994436222,5.925662900678805,0.7558656857755506,2.547771382091199,3.7562998513645294,6.820037350600069,1.9644967156434034,3.2584557888462897,5.26272753460013,4.322576800432579,1.7368046111075195,6.360114256062411,4.563036391465991,0.3947760393555755,3.9321919263929983,0.14958363373215314,4.7948272053904,5.661426861782954,5.101613692986039,3.832507100969051,3.990544785398812,1.2297162565498767,8.551038949550396,3.160784031999563,4.637601336032354,0.0,5.457346032744211,4.917758386695041,4.792154113460724,4.578069303286458,2.9732472906643745,4.586324293400734,2.2223377341781694,5.41086526259734,4.32471493456319,3.3009643042444434,4.581379481195404,3.2396697416524347,0.14958363373215314,0.0,3.702064540928948,1.8696337081476746,3.201004554614464,6.666919442969352,4.9638921516955055,4.763646595893703,5.151422987916012,2.802733342187318,3.978539755855661,5.900800077888277,3.648925260074647
iPT,HK2770,567,HKD,1494921.0,4.237449176400508,4.852787923438715,4.528760290837779,5.007315326326141,2.9119279340689137,6.524007886272159,5.289956725805778,0.5121837027384802,3.5960341420288873,3.6838175849265045,6.995791387329518,2.03983192300119,1.4689471242090724,5.490937100525037,4.09210851243014,1.3017508484090876,6.333106615324968,4.793629276235831,0.5121837027384802,4.535954829359405,0.0,4.706867142887399,6.813530462392949,5.129317771024568,3.3705708100200757,3.9086575859278283,0.5121837027384802,8.363930334794873,3.458549416370725,4.618478736997926,0.0,5.072274651867103,4.414126667079227,4.718879665780274,4.663649186002817,3.5394098188100065,4.87346103691125,0.0,5.605498071807809,5.223729267679235,3.015486782519388,4.476894864660711,3.8534673020327874,0.8492374090736514,0.0,4.022712441022453,2.400979152701921,2.123248879100862,7.037776692122251,4.765536739679151,5.025054550230013,4.903690812476673,2.5154227912135307,4.381200505739221,5.352069220957899,4.146472724386527
iPT,HK2711,392,HKD,1162019.0,3.7244117134645043,4.78547984924314,4.687407936599561,4.456630055481425,2.9482209584223105,6.4485707291739,5.216573817283674,1.8186329150481741,2.262357845153897,3.1141496930951402,5.950523147938667,3.2227081340118957,5.097717430955615,5.326982216609433,3.1141496930951402,1.275841283659147,5.682198484062915,4.1560931363913,1.8186329150481741,4.613398745240221,1.00105173820958,4.056948884879893,4.2338908147303105,4.208624829613525,2.9482209584223105,3.660097436573234,2.8536415775833324,8.39875802118828,2.902049008902508,5.102962326072399,0.0,5.279896976825272,5.506399141004501,5.060212101462497,4.621897715663018,3.637706111617601,5.102962326072399,1.00105173820958,5.895230162218075,3.637706111617601,2.692539735066589,4.208624829613525,4.306070456306411,0.0,0.6208834979227106,4.12875484543817,2.0649075598306146,2.9482209584223105,6.373641181800516,5.403428359029652,4.317609664688877,4.741407565387951,2.427176324167696,3.765099137295978,6.564208126166507,3.289041004097138
iPT,HK2896,26,Control,79675.0,4.155046701844599,4.334750659280731,0.0,6.115529106072057,2.6064594886016472,3.935816747059286,5.828582865173688,0.0,0.0,4.735837817699814,3.2620110501836606,0.0,0.0,4.619151067630506,5.478423051010828,0.0,5.668751778763685,6.463186087254314,0.0,0.0,0.0,5.243147229302167,8.628052729762164,5.578108724775743,5.99802207070304,5.529507528112319,0.0,4.934911767437716,3.6546234906161286,0.0,0.0,5.36768857875508,6.574247517508024,6.142868394505186,5.668751778763685,3.6546234906161286,0.0,0.0,6.591615193449594,4.934911767437716,4.487027421375944,6.087421321601605,2.6064594886016472,0.0,0.0,2.6064594886016472,0.0,2.6064594886016472,7.105331451777104,5.828582865173688,4.334750659280731,5.36768857875508,5.100858917304294,4.155046701844599,0.0,4.934911767437716
iPT,HK2713,159,Control,106330.0,3.374649778377465,4.648723029365403,2.9861549099122175,4.05053375137288,0.0,7.52495114263944,6.1351957603803395,2.9861549099122175,0.0,4.333853051281357,3.6537374988763394,2.3422560444286216,0.0,6.114621582603829,5.337071806170309,2.9861549099122175,6.491220902854966,5.020420175741255,0.0,2.9861549099122175,0.0,6.175116177612338,5.9327419905354155,5.710261020276167,3.374649778377465,4.554369773524722,0.0,5.423682274929468,0.0,2.3422560444286216,0.0,4.887831446131785,4.734936269627421,5.95736993756084,2.9861549099122175,4.202193749468174,4.450177589416948,0.0,6.401750924320192,5.0806563837683285,0.0,3.6537374988763394,4.648723029365403,0.0,0.0,3.374649778377465,2.3422560444286216,2.9861549099122175,7.225542457625937,3.6537374988763394,6.268456453707089,4.734936269627421,2.9861549099122175,5.24224250417872,0.0,5.540975093265185
iPT,HK2923,47,Control,58778.0,3.5561002466518263,4.635495773330946,0.0,6.131999106565681,2.8911030566642895,3.952003133547917,5.670652553704092,0.0,2.8911030566642895,4.455112595905659,2.8911030566642895,0.0,3.952003133547917,4.455112595905659,5.832654507178871,2.8911030566642895,6.203308250077727,6.419137972985325,0.0,3.5561002466518263,0.0,3.952003133547917,8.80539941617642,5.881305124079842,6.131999106565681,6.419137972985325,0.0,5.477234613125194,0.0,0.0,0.0,3.952003133547917,6.419137972985325,5.037721876119624,6.499055283505755,3.5561002466518263,0.0,0.0,5.142433329869278,5.927698261660932,4.635495773330946,6.094342322557931,2.8911030566642895,0.0,0.0,3.5561002466518263,0.0,0.0,7.0245325652055675,5.781515426593239,5.237212145492849,5.881305124079842,5.237212145492849,4.455112595905659,4.635495773330946,5.881305124079842
iPT,HK2662,27,Control,231979.0,1.6697302481656462,3.1158980290395135,2.903778161005009,4.417682895076224,2.2639970645267917,3.5691348761622255,5.104780740651754,1.6697302481656462,3.786626440543899,3.1158980290395135,0.0,0.0,0.0,3.1158980290395135,4.80156377119005,1.6697302481656462,4.80156377119005,4.248091737436057,0.0,2.6342030717671268,5.727050289495855,0.0,6.638567918939948,6.4598869009644275,4.648781635756052,4.364285568775885,0.0,3.879873406277727,0.0,0.0,0.0,3.290802367512159,4.116599903468524,3.1158980290395135,6.8281678705757445,4.184505528025728,1.6697302481656462,0.0,6.15458229707869,2.2639970645267917,3.1158980290395135,5.204286158922063,0.0,0.0,0.0,6.199339712945713,3.879873406277727,0.0,5.490594045074835,5.974513911201982,2.6342030717671268,3.1158980290395135,0.0,3.9651621804710553,1.6697302481656462,3.1158980290395135
iPT,HK1650,20,HKD,41260.0,0.0,0.0,4.300133674570882,3.9014290355885404,0.0,3.228293289633367,0.0,0.0,0.0,3.228293289633367,0.0,0.0,0.0,3.9014290355885404,0.0,0.0,3.228293289633367,3.228293289633367,0.0,0.0,0.0,3.228293289633367,4.98647437080139,0.0,3.9014290355885404,3.228293289633367,0.0,0.0,3.9014290355885404,0.0,0.0,3.228293289633367,0.0,0.0,6.926513288354403,0.0,0.0,0.0,6.234347043347008,0.0,0.0,4.300133674570882,0.0,0.0,3.9014290355885404,0.0,0.0,3.9014290355885404,3.9014290355885404,7.347389334476989,3.9014290355885404,0.0,0.0,0.0,0.0,3.228293289633367
iPT,HK1997,92,Control,121560.0,3.740806391077151,4.070474113481879,2.222067884257693,5.004449700557845,2.222067884257693,2.222067884257693,3.9191642769365784,3.5235790434053498,0.0,3.9191642769365784,2.859498978069894,0.0,0.0,2.222067884257693,5.203900009513246,2.222067884257693,3.9191642769365784,5.109139187950669,3.245680187796587,3.245680187796587,0.0,4.3179881530235305,6.944593514706124,3.245680187796587,5.894295862807997,5.157641630680185,0.0,3.740806391077151,3.245680187796587,0.0,0.0,4.422015113110572,5.157641630680185,4.3179881530235305,6.26812796776135,2.859498978069894,0.0,0.0,6.952491104955807,4.602332996163209,4.070474113481879,5.823879869104027,0.0,0.0,0.0,2.859498978069894,0.0,2.222067884257693,4.3179881530235305,5.960077956689803,3.740806391077151,3.5235790434053498,2.222067884257693,3.5235790434053498,0.0,5.157641630680185
iPT,HK1770,91,HKD,150291.0,4.392534984372652,3.3183603165218307,3.3183603165218307,5.705178589280571,3.0426766937786875,3.534235082189297,5.159042182811712,2.0351968180989406,3.534235082189297,3.8623349194340437,3.3183603165218307,0.0,0.0,3.534235082189297,5.562589719615002,0.0,5.3013764391235325,5.510153468497729,2.0351968180989406,3.3183603165218307,3.0426766937786875,5.748522045108196,7.1842076524753935,4.7371970056536465,5.886945211649401,5.5367152497420555,0.0,4.471625751912113,2.660785046073576,0.0,0.0,4.471625751912113,5.636423452594245,5.454814761283148,5.510153468497729,3.3183603165218307,0.0,0.0,6.39666004185315,5.232739556265688,4.212684239283182,6.071878634432004,3.0426766937786875,0.0,2.0351968180989406,4.212684239283182,2.0351968180989406,2.0351968180989406,5.425952971465984,5.940866346346995,3.711681262027802,4.392534984372652,0.0,4.6132016039473225,2.0351968180989406,5.829950045786635
iPT,HK1597,33,HKD,48632.0,3.0709599861060295,3.7406457818577192,0.0,3.7406457818577192,3.0709599861060295,0.0,0.0,0.0,0.0,0.0,0.0,0.0,0.0,0.0,3.7406457818577192,0.0,3.7406457818577192,4.823305659307977,0.0,0.0,0.0,3.7406457818577192,6.021634450534127,3.0709599861060295,3.7406457818577192,3.0709599861060295,3.0709599861060295,3.7406457818577192,0.0,0.0,0.0,3.7406457818577192,4.97630708397801,4.13816649394763,6.608342444251234,3.0709599861060295,0.0,0.0,6.521453702146186,3.7406457818577192,3.0709599861060295,4.421852574816623,0.0,0.0,0.0,3.0709599861060295,0.0,0.0,4.823305659307977,5.916543420968754,0.0,4.13816649394763,0.0,3.0709599861060295,0.0,3.7406457818577192
iPT,HK1632,25,DKD,71757.0,2.7037692259741006,3.7567195787197916,3.7567195787197916,4.722841046660301,2.7037692259741006,2.7037692259741006,3.7567195787197916,0.0,0.0,2.7037692259741006,3.7567195787197916,0.0,0.0,0.0,4.944205038285855,2.7037692259741006,4.944205038285855,4.258157174018121,0.0,3.7567195787197916,0.0,2.7037692259741006,2.7037692259741006,0.0,4.038544469758137,3.7567195787197916,0.0,5.347292463218131,0.0,0.0,0.0,3.7567195787197916,4.258157174018121,4.038544469758137,5.411533376061473,4.038544469758137,3.3628669076529163,0.0,4.722841046660301,3.3628669076529163,4.43811788765523,5.411533376061473,2.7037692259741006,0.0,0.0,4.038544469758137,0.0,0.0,5.125338460163859,4.590578832010825,0.0,3.7567195787197916,0.0,0.0,0.0,2.7037692259741006
iPT,HK1664,41,Control,84617.0,3.8768480531968543,3.596047587471973,0.0,5.768586015271966,2.550847016213529,4.5595832071614035,4.5595832071614035,0.0,0.0,4.095839794026857,2.550847016213529,0.0,0.0,3.596047587471973,4.676202630487524,0.0,5.2474834363338125,5.041057352327412,0.0,2.550847016213529,0.0,4.427545900743078,7.114824280258329,4.875178378206409,5.418502704809854,4.875178378206409,0.0,3.596047587471973,0.0,0.0,0.0,4.427545900743078,4.875178378206409,2.550847016213529,5.968688518084357,2.550847016213529,2.550847016213529,0.0,5.768586015271966,4.5595832071614035,3.8768480531968543,5.5181638093919245,0.0,0.0,0.0,0.0,0.0,0.0,5.651193424872394,5.691874876661509,4.095839794026857,3.2042052322619172,3.2042052322619172,4.095839794026857,0.0,5.608786551891806
Des-Thin_Limb,HK2893,59,Control,103112.0,5.1111999381345035,5.32136002063803,0.0,5.740892475357066,3.01535765543365,6.035534701559099,5.168023360074192,0.0,3.404344981797007,4.232472500756376,6.012061160076007,3.901790052594442,6.102819956026867,6.299130786240541,4.232472500756376,0.0,6.447911854331053,5.32136002063803,0.0,4.986840318181583,0.0,4.679164932264686,8.018472070479136,5.6427846129200185,5.272814131831047,5.168023360074192,2.3700747792471937,7.283261974148923,0.0,3.404344981797007,0.0,4.679164932264686,5.221790756597449,2.3700747792471937,4.480555835963285,3.683685213066832,4.584782998079901,0.0,5.1111999381345035,4.679164932264686,3.901790052594442,4.584782998079901,0.0,0.0,0.0,4.232472500756376,0.0,2.3700747792471937,7.736208127739829,3.901790052594442,6.058469849736157,4.679164932264686,3.404344981797007,5.1111999381345035,4.080738307903973,4.986840318181583
Des-Thin_Limb,HK2898,187,Control,196328.0,4.129103471881532,5.346317675223447,3.06217840621791,5.216926226276146,2.4147554240245865,6.012446277341654,6.21493737063946,0.0,5.321744197222877,3.7316547981511468,6.1299572657590895,2.789971199976998,5.099820957834074,5.948070949029883,3.7316547981511468,1.8072254144746447,6.425380325200082,5.416610257763032,0.0,4.85466681866784,0.0,5.674458249574453,6.999519313998561,6.585177243304452,3.7316547981511468,4.633469354758094,1.8072254144746447,6.951935767453195,0.0,3.06217840621791,1.8072254144746447,5.321744197222877,5.77421474725258,4.633469354758094,4.727895418845381,2.4147554240245865,4.85466681866784,1.8072254144746447,4.893587797326527,5.321744197222877,4.043554416454824,4.349022368773503,2.4147554240245865,0.0,0.0,4.529188364538594,2.4147554240245865,0.0,7.791696589799388,5.002011496995489,5.934683210131685,5.691790809016989,2.789971199976998,5.270707934391248,3.06217840621791,5.099820957834074
Des-Thin_Limb,HK2862,25,DKD,14548.0,4.244744944969614,4.244744944969614,0.0,4.244744944969614,0.0,6.3115601420679335,5.333751653716594,0.0,4.930696604475215,0.0,6.024482952990815,0.0,4.244744944969614,6.024482952990815,4.930696604475215,0.0,6.024482952990815,5.333751653716594,0.0,4.930696604475215,0.0,4.244744944969614,0.0,5.620226515085633,4.244744944969614,4.244744944969614,4.930696604475215,7.121481405540077,0.0,4.930696604475215,0.0,4.244744944969614,5.842645039598209,4.244744944969614,4.244744944969614,4.244744944969614,5.620226515085633,0.0,5.620226515085633,5.333751653716594,0.0,5.620226515085633,4.244744944969614,0.0,0.0,4.244744944969614,0.0,0.0,7.48895767185714,0.0,5.333751653716594,0.0,0.0,0.0,4.930696604475215,0.0
Des-Thin_Limb,HK2774,50,HKD,333059.0,2.773360622267256,3.6896822177526967,3.091828382418098,3.6117190080040253,2.5657093866156413,4.745748310666332,3.2196662431767544,1.3869119288008844,3.332998455736511,0.0,3.892626840901635,0.0,1.3869119288008844,3.6896822177526967,0.0,3.332998455736511,4.00814156033458,3.52715965729127,5.13071718393916,2.773360622267256,0.0,2.3033261284576434,1.3869119288008844,3.332998455736511,3.091828382418098,2.9452190012892396,4.9352913511002825,4.44346491294093,3.2196662431767544,2.3033261284576434,0.0,2.773360622267256,4.605985294804653,3.52715965729127,6.59386674559497,2.3033261284576434,2.3033261284576434,3.762004314825944,7.51344043404368,2.5657093866156413,2.773360622267256,4.407532549478949,2.773360622267256,0.0,4.370260773541666,1.3869119288008844,0.0,2.773360622267256,5.057063902146781,7.5921799701021495,3.6117190080040253,1.9466159095651085,1.3869119288008844,1.9466159095651085,2.773360622267256,2.5657093866156413
Des-Thin_Limb,HK2899,24,Control,12836.0,4.368255872534289,4.368255872534289,0.0,4.368255872534289,0.0,6.303243739873984,0.0,0.0,0.0,0.0,6.754563057314581,4.368255872534289,0.0,5.744999779002561,0.0,0.0,6.303243739873984,5.055046228631158,0.0,0.0,0.0,4.368255872534289,0.0,6.303243739873984,4.368255872534289,4.368255872534289,0.0,7.491553702947589,0.0,0.0,0.0,4.368255872534289,4.368255872534289,0.0,4.368255872534289,0.0,5.458383383601414,0.0,5.967503378539595,4.368255872534289,0.0,4.368255872534289,4.368255872534289,0.0,0.0,0.0,0.0,0.0,8.450060028409489,5.744999779002561,5.744999779002561,4.368255872534289,0.0,4.368255872534289,5.055046228631158,0.0
Des-Thin_Limb,HK2844,72,DKD,107410.0,4.877802182627663,5.454265013064835,2.9765616967278516,4.040604779433012,3.364891573167244,6.6866974618204535,6.536617518674555,0.0,3.643894650923253,4.19223989315476,7.137172083094772,4.040604779433012,3.861794417781193,6.422382834821197,4.440190359258523,0.0,5.700188835989935,4.440190359258523,0.0,5.232190395216438,0.0,5.493321173452543,5.871510742783437,6.466763952286463,3.364891573167244,3.643894650923253,2.3331259468988765,7.402196084353638,2.3331259468988765,3.364891573167244,0.0,5.181178209303658,5.070613694352355,2.9765616967278516,2.9765616967278516,3.364891573167244,4.7249196532307565,0.0,4.440190359258523,5.232190395216438,2.9765616967278516,4.440190359258523,3.861794417781193,0.0,0.0,4.32388044967734,0.0,0.0,7.951765869918855,4.804279710515238,5.897413954474476,4.946287343302039,2.3331259468988765,4.040604779433012,3.643894650923253,3.364891573167244
Des-Thin_Limb,HK2895,311,Control,660104.0,5.056475196658857,5.112743498979219,1.9543956461029328,5.3758227864735,2.5740846123579546,6.00507578753864,5.531314313596673,0.9222381316262402,3.660295292797902,4.300217355250018,5.475799355896733,3.9316711590964695,4.300217355250018,6.240354841947652,4.673238994384727,2.781866055405515,6.619228748742695,5.417020399497689,0.0,5.12182125790302,0.9222381316262402,5.085005060850768,7.4071418548135455,6.124658780716892,4.214438455732923,4.741608874392231,2.3114929806638367,7.43435046664209,0.9222381316262402,2.871530980882919,0.0,5.075585256642761,4.877351497021204,4.340496578090965,3.393949285251664,3.9316711590964695,4.687292043791396,1.3937231003915174,4.14490181284698,5.232894585763603,3.228374759834057,4.487117717094321,2.953813512150055,0.0,0.0,4.070166044513398,1.3937231003915174,1.9543956461029328,7.8547174659299,5.82994649175291,5.873495981807634,5.200013137708553,3.6985260963360433,5.130817351898516,3.960947165477838,5.139733237215534
Des-Thin_Limb,HK2868,329,HKD,585789.0,4.552723197566416,5.222336165088455,3.606830804005959,4.7916244577906655,3.143819942459798,6.189338093328728,5.697211870845087,1.8117741560233822,3.955331111825737,3.2811551600440585,6.377138706630307,4.26255412083276,4.397329788746808,6.175232780316263,4.30952677936256,2.6849040171156973,5.962322884318887,5.0410929689460255,0.0,5.0410929689460255,0.9958776977747666,5.77434863991808,4.960669140107425,6.112961165260215,3.143819942459798,3.7768327026680772,3.2811551600440585,7.116246897322998,0.0,2.6849040171156973,0.0,4.984314875514967,5.719864718912298,4.748193361560359,3.214843321035829,3.955331111825737,5.062931285856915,2.2550213163102795,2.9845748833785177,5.18480330448496,3.214843321035829,3.606830804005959,2.795077311733409,0.0,0.0,5.084302865290716,2.2550213163102795,2.795077311733409,7.597489090290295,4.605287781145245,5.860659034046982,4.6222127285473995,2.8943080637561605,5.052071740227586,4.354391645716837,4.04889865357817
Des-Thin_Limb,HK2833,420,Control,498353.0,4.878471615008131,5.316489189470439,3.0476650054384873,4.445911939959515,3.764422945269403,6.484871522014584,5.35514195914109,2.40089521056874,2.9475650328766356,3.138650425442545,6.07863789580751,3.138650425442545,5.133178660770148,6.1666073064350435,5.634499412461346,0.0,6.266691425447515,4.7306581050062695,1.9487389040345504,5.496347324854405,0.0,6.255196973486227,6.8979661392031835,6.391855306557141,3.0476650054384873,4.966121032190853,1.9487389040345504,6.170809022365409,1.6120783324913126,1.9487389040345504,1.1008131225857845,5.234390438887469,6.255196973486227,4.372705592556469,3.2990142957230133,4.207942891164553,5.768480213874011,2.5679953779001363,4.799062759246978,6.199736856175669,3.5585533799359617,3.222043493348379,2.9475650328766356,1.9487389040345504,0.0,5.046703302241815,1.9487389040345504,1.9487389040345504,7.3091572576198836,6.50907857351058,6.371480973410057,5.144943730320517,2.40089521056874,5.059524261397776,3.5585533799359617,5.234390438887469
Des-Thin_Limb,HK2663,131,Control,184038.0,5.031368810277441,5.224371830928979,4.271619876401215,4.344730268800032,2.473788477955392,6.546080049111089,6.125618351787297,3.1238898298960516,1.8615436514980876,3.7947986928015016,5.957881628848069,3.6644746414749028,0.0,6.125618351787297,4.412857765455492,3.1238898298960516,5.773264898112015,5.066234936931106,0.0,5.066234936931106,1.8615436514980876,5.6083100289643095,6.4037998493044075,6.357786817149895,3.5145844771129795,4.1071006041533975,3.1238898298960516,7.556766895151354,2.8507632235409854,3.1238898298960516,0.0,4.878305849719423,5.164083636314402,4.412857765455492,3.7947986928015016,3.6644746414749028,5.099926262563053,0.0,3.9100799981560126,4.6466916000572445,2.473788477955392,3.7947986928015016,3.1238898298960516,0.0,0.0,3.6644746414749028,2.473788477955392,2.473788477955392,8.180577118936847,5.4580839571875,5.756224076909235,4.957763009422476,1.8615436514980876,5.666371334690029,4.271619876401215,4.697505114973034
Des-Thin_Limb,HK2867,78,Control,184311.0,4.535127547185338,5.73741030833819,3.122472785575907,5.0647620011510055,2.472431177803987,6.65526341926028,5.788542434522687,1.8602919016810344,4.191279871337893,3.9086274330360244,6.954775443268633,1.8602919016810344,6.037326941780794,6.075458603086053,3.6630303515005074,0.0,6.181835869257787,5.251731003810193,3.7933497596965657,4.7905160581198265,0.0,5.0647620011510055,7.358194969950568,6.582864696675514,3.9086274330360244,4.270158292879667,1.8602919016810344,7.323002907407681,2.472431177803987,3.6630303515005074,0.0,5.09845301687271,5.456607988782845,4.270158292879667,4.696036350255947,3.3367676803262016,4.475173046982685,0.0,4.270158292879667,4.993770736209143,3.9086274330360244,4.535127547185338,2.849366669883298,0.0,1.8602919016810344,4.011979129679548,1.8602919016810344,0.0,7.729441437048584,4.475173046982685,5.852889534675706,5.193207934781442,2.472431177803987,5.0647620011510055,3.9086274330360244,4.591689920143377
Des-Thin_Limb,HK2739,166,HKD,241759.0,4.521785474781231,4.861569546204103,4.143852880345453,4.795411707190756,3.251075950482983,6.477598404011841,5.685893066101182,1.6363428396145894,3.251075950482983,3.076471045825385,6.704244096185333,0.0,4.475782925187106,5.713579653248363,3.7462872990028893,0.0,6.273731141476164,5.037244602250006,0.0,4.521785474781231,1.6363428396145894,5.25369718109785,6.225814631839627,5.933326592855246,3.8394492436832706,4.648313643011246,2.8647919585042576,6.619645741914711,1.6363428396145894,2.8647919585042576,0.0,5.275092142829492,5.933326592855246,4.5657645343874576,3.251075950482983,3.529027708813318,5.356368721888628,0.0,4.5657645343874576,4.795411707190756,3.076471045825385,4.075992340435925,3.076471045825385,0.0,0.0,4.075992340435925,0.0,1.6363428396145894,6.973710113351387,4.207399558475821,5.566778743428523,5.275092142829492,3.076471045825385,4.893076392503275,4.143852880345453,3.7462872990028893
Des-Thin_Limb,HK2891,225,HKD,464535.0,5.237951770644182,5.271676269176779,3.4384181650790873,5.166886145894243,2.7768815120894863,6.010920230340246,5.8066828967906705,1.1482561596700585,3.878656217171362,4.363058518129326,6.057328792905714,3.5052677115181017,5.346206941971676,5.7466506849246315,4.647550667074137,2.4649974048200263,6.377890316250039,5.434530298724633,1.6687215224544405,4.782462181218469,0.0,4.993034247698071,7.605621344558347,6.403165655759933,4.6267011743218385,4.800331115680148,2.7768815120894863,7.107896627739058,3.114710294812073,2.9026034557313984,0.0,5.166886145894243,5.653033322949851,4.277204595070133,4.745736910620569,3.2896057855555902,4.538663691939195,1.6687215224544405,4.817886348634332,5.314942846783477,3.7854117616945784,5.142029195227232,2.6330494576113437,0.0,1.1482561596700585,4.583650945206297,2.2628834392964667,3.2896057855555902,7.852171649806499,5.090381184523912,5.881500657457498,5.237951770644182,4.2155794122729375,4.978320426124603,3.3667775654186376,4.917199619668583
Des-Thin_Limb,HK2770,405,HKD,649227.0,4.569524197435817,5.3196811077592505,3.8214089088353056,5.191144226342259,2.1634915761968747,5.855376421393877,5.666547260759104,1.7264882189014852,4.112044306862162,3.854580296393528,6.4423799214303346,2.797460161919325,3.506942603980819,5.9317983126720915,3.552098577869076,0.0,6.454570757336457,5.023543251212581,1.4062407538904813,4.938970264419417,1.7264882189014852,4.675444456373068,7.4642874710047264,6.262826142583578,3.9479629386164077,4.468851196748885,2.88721268043672,6.900679189313569,1.9686738237790247,3.302664840943965,0.0,5.21653720838142,5.265466966518855,3.506942603980819,2.1634915761968747,3.8866865794689307,4.846578326088949,0.0,5.03362914403642,5.296805404318688,2.6988506630732125,4.208158427637277,2.88721268043672,0.0,0.0,3.977248271142486,2.3264734618675247,1.4062407538904813,8.193142632096858,4.758080076630172,5.51119612840556,5.1825345592526135,2.88721268043672,4.414439915329331,3.6764862892681527,4.29583926207095
Des-Thin_Limb,HK2711,128,HKD,304563.0,4.724155694074485,5.562172984649591,3.698847485874291,4.600175611917184,3.4193822416741213,6.296666925482303,5.669669099059542,0.0,3.030150973624058,3.9803223239681116,5.787068838337614,4.039847540631946,5.8551855267892545,6.0663968498607455,3.305682439457162,2.0237683873026695,5.962139658349655,4.419862051883161,2.648552939535578,4.909850294806153,0.0,4.199722955794603,5.51041804726005,5.271563567447397,2.0237683873026695,3.849455893956877,2.648552939535578,7.675502270749243,2.3841815573387226,3.4193822416741213,1.454745435474769,4.752889535722142,5.669669099059542,3.030150973624058,4.096027689709158,3.9803223239681116,5.352507909636504,2.0237683873026695,5.549483193841455,4.149218809517952,3.305682439457162,4.337526494988583,2.3841815573387226,0.0,0.0,4.458619738914124,1.454745435474769,2.648552939535578,7.830457009226207,5.766723200970296,5.658280046201468,4.724155694074485,4.458619738914124,5.066403344926615,4.933772269255456,4.149218809517952
Des-Thin_Limb,HK2896,85,Control,198161.0,4.11996065005886,2.7812514044961625,1.7994633287013646,5.826321328469854,1.7994633287013646,3.9408828573042767,5.059034598157215,0.0,3.837679020156354,4.339849881077264,1.7994633287013646,0.0,0.0,3.837679020156354,4.957932210438302,1.7994633287013646,5.090584786504816,6.1426156319802,3.442928082536149,3.442928082536149,4.804952085926222,4.957932210438302,8.62373724035316,5.234934771959892,5.493996314188356,5.647559481330963,3.0533220196456723,4.198752949091464,3.0533220196456723,0.0,0.0,5.337069066823575,5.059034598157215,3.0533220196456723,5.749000880778291,3.722585308212267,1.7994633287013646,0.0,5.647559481330963,4.762748455675708,4.11996065005886,5.337069066823575,1.7994633287013646,0.0,1.7994633287013646,4.198752949091464,0.0,2.7812514044961625,6.540101758798502,5.764950650014825,4.271787896564836,5.534653839947163,4.992781175225529,4.573489940583055,0.0,5.7163172510620495
Des-Thin_Limb,HK2713,20,Control,15560.0,4.8639488326518965,0.0,0.0,0.0,0.0,7.459464756537578,5.957401205906822,0.0,0.0,4.8639488326518965,0.0,0.0,0.0,5.957401205906822,4.178491944719769,0.0,5.266837311140661,0.0,0.0,0.0,0.0,4.178491944719769,4.8639488326518965,5.553228574866004,0.0,4.178491944719769,0.0,4.8639488326518965,0.0,0.0,0.0,4.178491944719769,0.0,4.8639488326518965,0.0,0.0,5.957401205906822,0.0,6.111182299538146,4.178491944719769,0.0,0.0,0.0,0.0,0.0,4.178491944719769,0.0,0.0,6.872138757009001,0.0,5.775596840416703,5.553228574866004,0.0,4.178491944719769,0.0,4.178491944719769
Des-Thin_Limb,HK2923,21,Control,48883.0,3.7356203578082825,4.416766631815552,0.0,5.911409390414243,0.0,3.7356203578082825,4.637492621909493,0.0,0.0,3.7356203578082825,3.0660513796053848,0.0,3.0660513796053848,3.0660513796053848,5.32578707525623,0.0,5.32578707525623,5.4206549280881156,0.0,4.971194755761703,3.0660513796053848,4.133100885239455,8.447885596303776,5.103858915245484,5.729629360378131,5.220966915886662,0.0,4.971194755761703,3.0660513796053848,0.0,0.0,4.416766631815552,6.485587922172005,0.0,4.971194755761703,3.0660513796053848,0.0,0.0,0.0,5.660868482046697,4.818199218104446,5.854410279593697,4.133100885239455,0.0,0.0,4.971194755761703,0.0,0.0,6.278300479408083,4.416766631815552,4.133100885239455,4.416766631815552,4.133100885239455,4.133100885239455,0.0,5.587028127442342
Des-Thin_Limb,HK2924,20,Control,26939.0,0.0,3.6407627610962243,0.0,5.410419481541805,0.0,3.6407627610962243,3.6407627610962243,0.0,0.0,4.32070700149619,0.0,0.0,0.0,4.32070700149619,0.0,0.0,5.2289914783767095,6.388451222140686,0.0,0.0,0.0,5.410419481541805,9.13974048827965,6.181199672335871,6.4489769651004565,5.2289914783767095,0.0,5.007186762215655,0.0,0.0,0.0,5.410419481541805,5.696983487982114,0.0,5.696983487982114,0.0,0.0,0.0,5.007186762215655,6.706446432483371,4.32070700149619,6.101329278607843,0.0,0.0,0.0,0.0,0.0,0.0,6.388451222140686,4.32070700149619,4.32070700149619,5.5639314195835,4.721732106084621,4.721732106084621,0.0,5.410419481541805
Des-Thin_Limb,HK1650,22,HKD,20264.0,0.0,5.004253611067422,0.0,5.004253611067422,0.0,0.0,0.0,0.0,0.0,3.918970783619323,0.0,0.0,0.0,0.0,4.602137562225588,0.0,0.0,5.512391888245048,0.0,0.0,0.0,3.918970783619323,6.733314000471031,0.0,5.84771019045097,4.602137562225588,0.0,5.004253611067422,0.0,0.0,0.0,0.0,4.602137562225588,0.0,5.004253611067422,0.0,0.0,0.0,6.733314000471031,5.004253611067422,0.0,5.004253611067422,0.0,0.0,0.0,0.0,0.0,3.918970783619323,3.918970783619323,6.790406268744096,0.0,0.0,0.0,0.0,0.0,4.602137562225588
Des-Thin_Limb,HK1997,49,Control,57848.0,0.0,3.5715971746790247,0.0,5.6865467891917,2.906173053927673,4.250589181936275,3.5715971746790247,0.0,0.0,0.0,0.0,0.0,0.0,0.0,4.651291019610714,2.906173053927673,4.47087749450199,5.897209715358634,3.5715971746790247,3.9676477986909946,2.906173053927673,4.804076587284817,7.383157719392927,3.5715971746790247,6.184204777041618,5.158289623396687,0.0,0.0,0.0,0.0,0.0,3.9676477986909946,5.626134100140294,3.5715971746790247,5.053567962356409,2.906173053927673,0.0,0.0,6.635439895803334,4.804076587284817,2.906173053927673,5.7435167806373855,0.0,0.0,0.0,2.906173053927673,0.0,0.0,3.9676477986909946,6.6124809120202315,2.906173053927673,4.250589181936275,0.0,3.9676477986909946,0.0,5.339652132358319
Des-Thin_Limb,HK1770,66,HKD,79135.0,2.6127598184945606,4.161740995698196,0.0,6.176266518525924,0.0,4.161740995698196,4.341462440316826,0.0,0.0,2.6127598184945606,0.0,0.0,0.0,2.6127598184945606,5.028079608179466,2.6127598184945606,4.847067469665861,6.450204478475348,2.6127598184945606,3.9424849803317836,0.0,5.48519535375958,7.8982636467292835,4.7425789479549785,6.527048460981195,5.717945722065393,2.6127598184945606,3.2685519660295115,0.0,0.0,0.0,4.625884836543712,5.871626798036718,3.6612487375824245,4.7425789479549785,3.2685519660295115,0.0,0.0,6.665009966340759,5.758636249733656,3.2685519660295115,6.727453063130231,0.0,0.0,0.0,3.6612487375824245,0.0,0.0,5.374457567246759,6.855142714804612,4.161740995698196,4.941663633876459,0.0,3.6612487375824245,0.0,6.122314744602812
Des-Thin_Limb,HK1597,23,HKD,33741.0,0.0,4.098918518110781,0.0,4.098918518110781,0.0,4.098918518110781,3.4222258250431397,0.0,0.0,3.4222258250431397,0.0,0.0,0.0,0.0,0.0,0.0,3.4222258250431397,5.472691861321029,0.0,4.498838075320952,0.0,3.4222258250431397,6.5260017048280075,3.4222258250431397,5.186408780273901,5.186408780273901,0.0,4.098918518110781,0.0,0.0,0.0,4.098918518110781,5.789999505564949,0.0,5.694995077382673,0.0,0.0,0.0,6.481616524179797,3.4222258250431397,5.186408780273901,5.789999505564949,4.098918518110781,0.0,0.0,5.005205009142609,0.0,0.0,4.098918518110781,5.789999505564949,3.4222258250431397,5.005205009142609,0.0,3.4222258250431397,0.0,5.186408780273901
Ascending_Thin_LOH,HK2596,52,DKD,63691.0,3.87333241189897,2.815456948877594,5.701497544774595,0.0,4.708679733093205,7.784566129487423,0.0,0.0,0.0,0.0,0.0,0.0,0.0,4.556030704247518,0.0,0.0,0.0,3.478208140779587,2.815456948877594,4.708679733093205,0.0,0.0,0.0,0.0,0.0,2.815456948877594,0.0,7.276192644672864,0.0,3.478208140779587,0.0,0.0,3.478208140779587,0.0,4.708679733093205,0.0,5.84764532990947,0.0,0.0,0.0,0.0,4.556030704247518,3.478208140779587,0.0,0.0,0.0,0.0,0.0,0.0,4.708679733093205,0.0,0.0,0.0,0.0,5.06264600965926,0.0
Ascending_Thin_LOH,HK2774,38,HKD,264102.0,0.0,4.922248213160077,4.707781463972311,3.7530407415910814,3.3143645698692943,6.873718590133618,1.5657818754901014,0.0,2.514404573432257,1.5657818754901014,1.5657818754901014,0.0,0.0,4.289663250781559,1.5657818754901014,0.0,0.0,3.3143645698692943,2.7816514945968542,5.228615548476096,0.0,0.0,0.0,0.0,1.5657818754901014,2.99233045755365,2.1485980991482814,7.656252038303623,3.5575668179513875,2.99233045755365,0.0,4.180049203565371,4.599622950653427,2.514404573432257,1.5657818754901014,2.99233045755365,5.001730553143305,2.514404573432257,5.478737946096925,0.0,0.0,3.443340961251025,2.7816514945968542,1.5657818754901014,2.514404573432257,3.838096345379035,0.0,1.5657818754901014,0.0,5.121593896767505,0.0,2.514404573432257,1.5657818754901014,0.0,5.958978589102337,1.5657818754901014
Ascending_Thin_LOH,HK2663,42,Control,157576.0,0.0,4.345799911980223,3.665530591026668,0.0,2.6168327667297375,6.954747421651768,3.9467944634405177,1.9941755609888547,0.0,1.9941755609888547,3.9467944634405177,3.9467944634405177,3.2727796095530843,4.566347870389384,1.9941755609888547,0.0,3.665530591026668,3.2727796095530843,0.0,5.6127053731174765,1.9941755609888547,3.8160187735851268,4.345799911980223,4.062428912263437,1.9941755609888547,2.997652042046959,0.0,8.46813068321424,0.0,3.665530591026668,0.0,4.566347870389384,4.6302364392605675,1.9941755609888547,0.0,1.9941755609888547,5.802116841564628,2.6168327667297375,4.166067228426539,2.997652042046959,0.0,3.665530591026668,1.9941755609888547,1.9941755609888547,0.0,4.424845111821144,1.9941755609888547,2.6168327667297375,5.40768752587959,4.566347870389384,3.665530591026668,2.6168327667297375,0.0,2.997652042046959,5.821108032030028,2.997652042046959
Ascending_Thin_LOH,HK2739,33,HKD,79727.0,0.0,5.100210454418346,4.8396731591098705,3.2613836152659323,4.934264022193164,6.912169706076986,0.0,2.605855211571404,0.0,0.0,3.9351770545794134,0.0,3.653987936860153,3.9351770545794134,2.605855211571404,0.0,0.0,3.2613836152659323,0.0,5.997371253153783,0.0,2.605855211571404,2.605855211571404,3.653987936860153,0.0,0.0,0.0,7.062603385635637,0.0,3.653987936860153,0.0,3.9351770545794134,4.934264022193164,0.0,3.653987936860153,0.0,5.710517263333792,0.0,2.605855211571404,0.0,0.0,3.9351770545794134,3.2613836152659323,0.0,0.0,3.653987936860153,0.0,0.0,3.653987936860153,3.9351770545794134,0.0,3.9351770545794134,0.0,0.0,4.8396731591098705,0.0
Ascending_Thin_LOH,HK2558,41,HKD,392338.0,1.8079026962669946,5.052916604906079,5.069074045188025,2.9360756242155492,4.245894905065663,7.258900934803272,0.0,0.0,0.0,1.266615914342428,2.415493225165055,3.9005096054162944,4.20870530656876,5.002816248410054,1.266615914342428,2.6206106229185973,3.9507908078772513,3.2767003696719192,2.7907316514774996,5.726387458789294,0.0,0.0,0.0,0.0,0.0,2.6206106229185973,0.0,8.479642107884477,2.415493225165055,2.7907316514774996,1.266615914342428,4.316365593947768,4.682599204174468,1.266615914342428,3.4527099442176126,2.7907316514774996,6.013254492024985,2.415493225165055,4.170079040787904,0.0,0.0,3.368572589986598,3.2767003696719192,0.0,0.0,4.20870530656876,1.266615914342428,2.6206106229185973,2.415493225165055,0.0,2.415493225165055,3.5303143181905505,1.266615914342428,0.0,6.85557953635364,2.1571509250050185
Ascending_Thin_LOH,HK2891,134,HKD,867285.0,0.0,4.165366603832618,3.2720949230093628,3.9897075205729395,3.603967571461588,5.597141432837942,2.324756298025051,2.5281445364210975,1.1957532255012748,0.0,0.766873140716728,1.1957532255012748,7.1597748521136895,3.0798171063504696,3.2720949230093628,2.2051006584643216,2.6970756801376967,3.82794369925649,3.8527175017201487,4.804573917862818,0.0,1.4949403469473679,4.051752813022914,2.9677635835273,2.2051006584643216,4.775827298755286,0.766873140716728,6.5589030409157125,2.5281445364210975,2.2051006584643216,2.431612376112112,3.4332970119628747,7.442770834998511,3.2273793208160617,4.662732617712876,3.6648371406785176,4.330029520748319,1.9117796420442217,6.772895921055996,1.7249239232648275,3.0798171063504696,5.409561463518321,4.59519054311802,0.0,1.7249239232648275,6.2174285290795455,0.0,5.801407323701895,2.906647078893069,7.3950560593374774,2.069156468111891,3.634865422645837,3.6648371406785176,1.1957532255012748,5.521673213076244,3.0253590235136545
Ascending_Thin_LOH,HK1585,34,Control,142341.0,0.0,4.162446171289447,2.0826093573148627,4.446228292352876,3.7647356315559097,5.1334968786446336,0.0,0.0,0.0,0.0,0.0,0.0,3.5870381149567985,2.0826093573148627,5.213085952125436,3.0944977552471262,2.0826093573148627,3.370790778666384,3.370790778666384,5.174083009066663,0.0,0.0,0.0,0.0,0.0,4.79108117664376,2.0826093573148627,4.901432379549157,0.0,0.0,2.7114288480708217,2.7114288480708217,7.692988996629725,2.7114288480708217,3.7647356315559097,3.370790778666384,3.9155702854655794,0.0,7.443176728982669,0.0,3.7647356315559097,5.1334968786446336,3.7647356315559097,0.0,0.0,6.794836945815696,0.0,4.847778179883331,0.0,7.895322851323302,0.0,3.370790778666384,5.000807403952284,0.0,5.000807403952284,3.0944977552471262
Ascending_Thin_LOH,HK1997,33,Control,43136.0,0.0,3.1856289243073257,0.0,3.1856289243073257,0.0,5.4502867797821954,0.0,0.0,0.0,0.0,0.0,0.0,6.28076530136882,0.0,5.4502867797821954,0.0,3.1856289243073257,0.0,0.0,4.942320446196598,0.0,0.0,0.0,0.0,3.1856289243073257,4.540417992172507,0.0,3.8578832460835923,0.0,0.0,0.0,0.0,6.833354636750654,0.0,3.1856289243073257,3.8578832460835923,0.0,0.0,8.034070770157243,0.0,3.1856289243073257,5.0954508892222785,3.1856289243073257,0.0,3.8578832460835923,6.578775084831868,0.0,5.854319171116965,0.0,7.69772821539525,3.1856289243073257,3.1856289243073257,4.2562859263458686,0.0,4.2562859263458686,3.1856289243073257
Ascending_Thin_LOH,HK1770,21,HKD,46956.0,0.0,3.774898097543453,3.774898097543453,4.858099290895091,0.0,4.858099290895091,0.0,0.0,0.0,0.0,0.0,0.0,6.392424391546682,0.0,5.260972633506979,0.0,3.104431192138337,0.0,3.104431192138337,5.1438381692386805,3.104431192138337,3.104431192138337,3.774898097543453,0.0,4.172687345431957,4.677329575235658,0.0,4.677329575235658,0.0,0.0,0.0,0.0,6.723309207868762,0.0,0.0,3.104431192138337,3.774898097543453,0.0,8.035601810446126,3.104431192138337,3.104431192138337,4.858099290895091,3.774898097543453,0.0,0.0,6.615233048314097,0.0,5.769719997567396,0.0,7.307710103129463,3.104431192138337,3.774898097543453,3.774898097543453,3.104431192138337,4.172687345431957,3.104431192138337
Ascending_Thin_LOH,HK1597,68,HKD,158977.0,0.0,2.989243982321752,3.2642648718833276,4.25124002739822,3.2642648718833276,5.0642105125415515,1.9865334607803722,0.0,0.0,0.0,0.0,0.0,6.031056329394143,2.989243982321752,5.245478364779714,1.9865334607803722,1.9865334607803722,3.656906433638838,0.0,5.55643779774294,0.0,0.0,0.0,0.0,0.0,4.681517218211501,1.9865334607803722,5.140703377609663,1.9865334607803722,0.0,2.6086302397091634,3.938114534783144,7.277766015812684,3.2642648718833276,3.938114534783144,2.6086302397091634,1.9865334607803722,0.0,6.9275729348530986,0.0,2.989243982321752,5.64918482754817,5.603886178920075,0.0,0.0,6.329416776010165,0.0,5.968690989708375,1.9865334607803722,6.131630581687421,0.0,4.053730232539887,4.681517218211501,0.0,3.8073628349830453,2.6086302397091634
Ascending_Thin_LOH,HK1632,86,DKD,156260.0,0.0,3.6737034427159636,4.268234767751593,4.574647640344892,3.8242214905469885,5.523794299896919,0.0,0.0,0.0,0.0,3.005621774766884,0.0,6.502126263931149,3.005621774766884,4.574647640344892,2.624609231881477,0.0,4.354078255854028,2.001424650869286,5.751238196105,0.0,0.0,0.0,0.0,2.001424650869286,4.954354067485753,2.624609231881477,5.791118862464464,0.0,0.0,2.001424650869286,3.9550197229893937,6.611170346001995,0.0,3.8242214905469885,3.005621774766884,4.954354067485753,2.001424650869286,6.567170951525716,2.001424650869286,3.005621774766884,5.791118862464464,4.574647640344892,0.0,0.0,6.492478918407322,0.0,6.227657865947892,2.001424650869286,5.228903633440733,2.001424650869286,2.624609231881477,5.688266588800551,0.0,4.698597114001133,3.2808496238477094
C_TAL,HK2893,1090,Control,4438459.0,2.2577477588731196,6.54024498891729,1.1078134266545971,4.82403479663403,2.792430115882863,5.494814974157403,2.8061405188480077,0.0,0.7544854811780276,1.9253996634047157,3.665515589166226,4.82403479663403,7.840784062398379,5.855985802556784,1.246554489787618,1.7058508358137414,4.2412150947142155,3.2840862482129793,0.0,6.3462357368930284,0.3719819816399721,1.8919947046120835,2.1587512507203863,3.0681743872607905,1.246554489787618,3.2584303213220585,2.6754034001760387,7.187377360793275,0.0,1.6640709760982615,2.233902166837754,3.927739968476751,5.448402424945089,1.1795881661898342,2.3037980440739974,3.333504044346169,5.443543038268191,0.2031885045513095,3.454462134454059,0.7544854811780276,1.8919947046120835,2.4882234486061683,0.0,0.2031885045513095,0.0,3.9963073683324555,0.6424924648705732,0.3719819816399721,5.479895426415374,3.333504044346169,4.310113192075823,3.599991972064829,0.6424924648705732,2.8061405188480077,3.6712647648239045,3.129145055198861
C_TAL,HK2898,333,Control,730367.0,0.0,6.261538870088424,3.2443542419428315,3.636736225748851,3.522240053143128,5.217483631175448,0.8625416561847226,0.0,2.6872858906713275,2.059987708986176,0.0,4.045437220641897,7.351877339036244,5.538504113628895,1.6307147516814668,0.0,1.318644163841047,2.059987708986176,0.8625416561847226,6.474846445294201,0.0,1.8682109207908628,1.6307147516814668,0.0,0.8625416561847226,3.636736225748851,0.0,7.436050367922178,3.437909915241528,1.318644163841047,1.6307147516814668,3.861822565378039,5.1719281700407285,0.0,0.0,2.776389080918424,5.702047901797681,0.0,5.640774544821006,0.8625416561847226,2.3593644702781975,2.2208378055612816,0.0,0.0,0.0,3.80251143284965,0.0,0.0,2.059987708986176,4.61462288105517,3.392918814664088,2.3593644702781975,0.8625416561847226,0.8625416561847226,4.5443992562994024,0.8625416561847226
C_TAL,HK2862,396,DKD,592871.0,0.0,5.072360555402022,3.8034216139403094,2.8829596692787955,4.175846011886365,6.418813196992325,0.9883164899564294,0.0,3.203311563383698,2.0472837603229594,2.0472837603229594,2.549988222346383,4.149592872947351,4.201427518393305,3.5951416555084434,2.6737113475910395,2.8829596692787955,2.4087673553250455,1.4755441975857688,5.5035926132436614,0.0,2.7837986600319544,0.0,0.0,0.0,3.1323239057211967,2.2442711926203796,7.387201151154638,0.0,2.8829596692787955,1.4755441975857688,4.297672069403481,5.537358418519837,2.0472837603229594,3.2695922642174264,2.549988222346383,5.35582393446096,0.9883164899564294,2.973168781813772,1.4755441975857688,1.8017300459337304,3.3317515868796335,3.1323239057211967,0.0,0.0,3.8034216139403094,0.0,2.7837986600319544,2.6737113475910395,4.0949238065876115,0.9883164899564294,3.8034216139403094,2.4087673553250455,0.0,5.959086055903679,1.4755441975857688
C_TAL,HK2596,1782,DKD,2524731.0,2.6988656865408958,3.4499335326467553,4.769362828543753,1.092060540089038,4.880579713878662,7.415162361468793,0.0,1.2168369460208968,0.0,0.0,3.8903068646339816,2.3519430206739242,2.4590937287203363,4.573181930685298,2.6440945794235557,1.5183607256476872,1.2168369460208968,3.301060194207898,1.2168369460208968,5.520417856662138,0.0,0.5834236054723653,0.0,0.0,0.0,1.5183607256476872,0.0,6.845153851285453,1.327757156745512,2.3519430206739242,0.0,2.2735475145930426,3.4624298322355838,1.6015706472957467,4.394554379757623,0.0,5.81854253070866,0.0,2.555866231404622,1.092060540089038,0.0,3.6013414485470094,2.775777907323217,0.3336695988969427,0.3336695988969427,2.7507920548546356,0.0,0.0,0.0,4.280751153771709,0.0,1.7497182603743835,0.9494652039066616,0.0,5.313214443059416,0.0
C_TAL,HK2774,767,HKD,3159350.0,1.4267662223421531,5.3763618310517565,3.792413679382326,3.4761675388975988,3.383945157510423,6.73464660737804,2.995294587772939,0.27499250182694523,3.4563961074761935,1.632132519273791,3.551561643656716,2.4095242754912163,0.0,4.805883797872789,2.3509584179070138,2.151355059912877,4.359666960076012,3.41564040095874,2.7031659824694256,5.489717802550638,0.0,1.9017155779438732,0.0,1.500008873019229,1.6921769043165942,3.4761675388975988,2.6374383724196893,7.503481278393507,2.72414899399382,3.1558498461484707,0.9487981987025704,4.395433401530684,5.386556202719361,3.9195395913717763,3.950471292184985,3.4563961074761935,5.2682585429772235,2.7845789611535383,5.109519791932527,1.4267662223421531,2.074863286602408,3.5145749569338247,3.1145554181728548,0.6676049422594131,1.1680281534878836,4.003845958575057,0.9487981987025704,2.0343051584932623,1.7488192693430986,5.072526078496963,3.1422736286088595,3.5145749569338247,1.9017155779438732,1.3477321109240157,6.1413984420918375,1.5682511930676544
C_TAL,HK2899,263,Control,201978.0,2.7633652422483537,5.958891439752265,2.388952545736474,4.743834032061887,3.5739522089182354,5.454032296896349,2.7633652422483537,0.0,0.0,1.7835650315201412,3.703971843096897,4.973832945109275,8.370617521637817,5.5923139006478815,0.0,0.0,1.7835650315201412,2.388952545736474,0.0,6.380415846856546,0.0,0.0,1.7835650315201412,1.7835650315201412,0.0,3.703971843096897,0.0,7.076904789676299,1.7835650315201412,0.0,1.7835650315201412,3.035151865210252,6.020867619986269,0.0,1.7835650315201412,4.384729831953567,5.984144676313223,0.0,6.491463106249124,2.388952545736474,3.035151865210252,3.2486354362781227,2.7633652422483537,0.0,0.0,3.81901495934905,0.0,1.7835650315201412,4.179963165254254,6.283596145609713,3.703971843096897,2.388952545736474,0.0,0.0,2.388952545736474,0.0
C_TAL,HK2844,715,DKD,2648731.0,1.060459094345763,6.658634727492448,3.0268453364791537,3.77647675847486,3.676528665304011,5.892486654914162,3.131018054460837,0.0,0.32029877853012734,1.6395658928965582,3.179298730268603,4.8828483674199195,7.151150467434693,5.337016436679387,2.2306447610535565,1.8382533399258922,1.5634762365562476,2.511725330818607,0.0,6.519597735059539,0.0,2.5711804442088955,1.060459094345763,2.480617395619897,0.0,3.297694785641993,1.183331947599474,7.009239593197191,0.7573502607819421,0.7573502607819421,0.0,4.52164690360563,4.814804719007386,1.5634762365562476,0.32029877853012734,3.194887818875177,5.767205229882083,0.32029877853012734,4.255147749136416,0.32029877853012734,1.8965832253977812,2.9703849686682022,0.32029877853012734,0.0,0.32029877853012734,3.4877817135505707,0.5625136217488558,0.0,3.676528665304011,4.3472143447087594,3.8020866301224596,3.297694785641993,1.8382533399258922,1.183331947599474,4.577516492096122,0.920345352010551
C_TAL,HK2895,812,Control,2687782.0,2.367754999656261,5.745504026726941,2.854766184853889,4.22452116121247,3.4619939301640166,5.700494544731699,4.065538857496016,0.0,2.4020192625155663,2.2954895394961987,2.467214862538539,4.676629446843612,7.6624285393819225,5.518095288578187,2.367754999656261,1.8841578005577109,4.570763752788208,3.633190839996076,0.0,6.3718250794797155,0.31630887513663053,3.2695564250767544,4.608548608750346,3.853009331977873,1.5519231649744365,3.5187063220376245,2.0408269662827667,7.655759142547652,0.9115659613758218,3.0129240024944193,1.1732013526141891,4.297972609377138,5.144004232896385,3.1170260746151217,1.6982996735385125,3.0835152438872107,5.612089501306005,0.9115659613758218,3.2261893727759694,2.2954895394961987,1.8259605167125408,2.640619638864927,2.088032742322838,0.0,0.0,3.796170217326412,0.5562432313054414,0.9115659613758218,5.487775593925524,4.652082983378204,4.267151594836282,3.582770726760283,1.3803849016981398,3.2695564250767544,4.856819685338701,2.613727465918964
C_TAL,HK2868,537,HKD,1966013.0,0.0,5.896227373184384,3.2745822746264004,1.8060627472646495,3.958391328789382,5.690404415004956,3.10740926950681,0.0,1.5174334615400242,0.4112109925994527,3.2745822746264004,4.279580049769136,7.615530357688418,5.0507294005042525,1.6231729701793416,0.4112109925994527,2.8493527729040817,2.212474172281655,0.0,6.732502334386563,0.0,2.8493527729040817,0.0,3.1734165783534656,0.4112109925994527,1.265035404035261,0.4112109925994527,7.605707754134248,0.0,1.6231729701793416,0.4112109925994527,3.5281775879158777,4.4770874844361455,1.8060627472646495,0.4112109925994527,2.933991288820839,5.918359330710757,1.5174334615400242,3.800942889854443,1.110071230990498,0.4112109925994527,0.0,1.6231729701793416,0.4112109925994527,0.0,3.996503514376943,0.0,0.7017536738399579,4.0598926382513945,4.0772895226825945,2.933991288820839,2.094454641339415,0.0,1.399176482579748,4.918577391780539,0.0
C_TAL,HK2833,870,Control,2206829.0,2.1102400999559103,5.922864860950959,2.649080305540504,2.2627666089193954,3.9551723824889975,5.768351509982947,2.3950781399074317,0.645152513711091,0.8584143897046385,1.034093493981458,3.124594409772498,5.011186397730168,7.871848397685387,5.964453028284541,3.4162182208600242,1.034093493981458,3.3389081411856067,2.2627666089193954,0.0,6.6753610800718555,0.0,4.362929780227801,4.57538539539496,3.487977982383763,0.645152513711091,3.1826301092414933,0.8584143897046385,6.865351234658743,1.1834724051989454,1.034093493981458,1.710438905703962,3.2374816184433994,5.324791953913074,1.4283888477784858,1.710438905703962,3.91080222041609,6.147897698128918,1.3134099690289667,4.726726546699917,4.069857802459101,1.8621661209676577,1.531500362542721,2.1102400999559103,0.645152513711091,0.645152513711091,4.522667678893358,0.645152513711091,0.3737259548990715,3.9551723824889975,5.50224487094303,4.502786983161672,2.951025389064599,1.1834724051989454,2.927047351517528,3.2894802464371233,2.3950781399074317
C_TAL,HK2663,174,Control,635405.0,2.4862886705692118,5.448238442794392,3.8424624495382282,3.378555954111437,3.7357340339287792,6.476057094575276,4.4541748039446585,1.4225295584912365,0.0,2.609363300760036,4.05450781067169,5.24626550312523,6.56192973137366,5.4683550688160825,2.817681217851288,0.0,3.9388904301182746,3.697467091942385,0.0,6.287236789276087,1.7442132096792087,3.6576773240039677,4.57472915004255,4.274176528815456,1.4225295584912365,3.066162406945546,0.9453831682158863,7.928625216815022,0.9453831682158863,1.7442132096792087,0.9453831682158863,4.05450781067169,4.779417181782494,3.066162406945546,2.3459123939798445,2.609363300760036,5.969480274593232,1.4225295584912365,3.9983691128987777,3.480500977978352,1.4225295584912365,3.066162406945546,2.1825617052550284,0.0,0.0,4.3170689753932,0.9453831682158863,1.4225295584912365,5.779597410181937,4.725082123109095,4.2061776995054325,2.989995482264024,0.0,3.2030305821149483,5.655494096737245,2.609363300760036
C_TAL,HK2867,1172,Control,6864037.0,0.2557065515699185,6.337774986544856,0.956493833126346,3.637703587942476,2.9246717358222427,5.099121698720823,2.716786954678942,0.1360043352045144,2.636635153729566,1.707706017170938,1.8547990290036915,3.850935543908834,7.33234552453059,5.261258637512384,0.7726489186900987,0.3625997642547724,1.4703592279473983,2.8928887356151876,0.0,6.618680692291526,0.0,2.214678498774063,2.2304606490854386,3.276963605831732,0.0,2.5029011277266497,2.5264693274791106,6.64004259462132,0.0,1.535182254449682,1.4703592279473983,3.7968449270679967,4.567252373190418,1.158547388289858,1.062615158256237,3.0214993959546366,5.47179507724534,0.1360043352045144,2.165780188231463,0.45916222394025835,1.5960578432097194,1.9830042889105406,0.45916222394025835,0.1360043352045144,0.1360043352045144,3.231977844599368,0.8988876137652921,0.0,3.9841323601125467,1.4703592279473983,3.532711028138821,2.3622994450625217,0.0,1.3265577183679371,3.594621165307083,1.6809407161481353
C_TAL,HK2739,677,HKD,1804537.0,2.169993001526125,5.682204091224897,3.596384738136702,3.724574489035886,4.236444760255883,6.126054058317943,2.491814018221974,0.0,0.745890252727108,1.7896620893232635,3.255676093483922,4.320912574806825,6.80099067083017,4.567627268023322,0.9792566306337569,0.9792566306337569,0.44093441377645803,2.987770568035114,0.745890252727108,6.6166699017873425,0.44093441377645803,0.9792566306337569,3.255676093483922,2.5795721435765775,0.0,3.0153170764337025,0.0,7.302448485977822,0.44093441377645803,2.5366554582070227,1.1683358039550398,3.6974742255039974,4.942312559920014,0.44093441377645803,1.8781798999138033,2.034693257061392,5.744403576642171,0.0,3.2768165021258184,0.0,0.44093441377645803,3.0421250726926554,2.034693257061392,0.0,0.0,3.9184052021339784,0.0,1.8781798999138033,4.178722735721749,4.320912574806825,2.034693257061392,3.3762930658656027,0.9792566306337569,0.745890252727108,4.859895155313678,0.0
C_TAL,HK2558,1211,HKD,11051541.0,1.9021914755065017,5.639824702450654,4.069856077588662,3.334168669695527,3.5739118402091354,7.366931983821352,1.0954983162803629,0.16633633583437793,1.6926333348909954,1.8028917170580951,3.2743604217120374,4.5606688710167225,5.665222477447547,5.252845173156847,1.8885953578604129,2.193070455568519,4.709799574279557,3.107027107621918,1.0647753880799526,5.518621554324877,0.0,0.0,0.0,0.08662266032354196,0.0,3.1997391157339905,1.9021914755065017,8.808196584207177,1.2875972744239101,3.196042958119184,1.1823797337491078,4.308016010546964,4.869864309036515,1.0003440656102731,2.193070455568519,3.4469034268040035,5.674582769677979,2.647616468453971,3.728768653604558,0.0,1.741382627778048,3.221633682216672,2.1197787731865323,0.08662266032354196,0.08662266032354196,4.921954079127019,0.2401621942265659,1.992515385701796,3.4668726233267857,0.8183654673507396,3.1150899917585866,3.9961108143394672,0.595736133400415,0.08662266032354196,6.748025963745066,2.66665843167122
C_TAL,HK2891,802,HKD,5828762.0,0.8639459982252676,5.69643562305546,2.723905866052678,4.931545479944586,3.5882416215863353,5.4834413934362605,3.1034117388814857,0.41521017303715146,1.697565718513837,1.7585067594858865,2.408944735008357,3.4123771900691713,9.010528145495408,4.332634188972071,2.2230033060816017,0.5225083573321648,2.6895495438662538,3.7212815219247224,0.9990240369978558,6.058368765740663,0.2949997597693334,1.8434744880915745,3.5834871511361723,2.8406517102908717,2.3615640328285625,4.461414658725748,0.5225083573321648,7.05001332344856,1.8159463507698441,1.9707795611336647,2.5656730386884936,3.8048860820330797,6.4841085299728665,2.2414102823821462,3.205818811296308,3.700301329017104,4.968009110414045,0.2949997597693334,5.617967711630889,2.083692958902013,2.789268131971271,4.3416063037700665,2.8305840478501447,0.15833877010373923,0.15833877010373923,5.235548620387814,0.2949997597693334,3.578709967665372,3.1988418162913907,5.717527092574974,3.2923498943185963,2.971890603511732,2.5389437567803683,1.2243288820234857,4.603371553172824,2.850619024339181
C_TAL,HK2770,390,HKD,1391730.0,1.354318720591033,6.056991002535746,2.942503125919867,5.239290962223735,3.3925335248415425,5.078379289568287,3.7017749389656904,0.5414693758819581,2.3361061584685534,2.2640897746723128,3.8947043333047415,3.736626692636313,7.92719893886101,5.1307034849370625,2.186481737045473,0.0,3.8799747325119855,4.258409178229563,0.5414693758819581,6.261663362642962,0.5414693758819581,2.2640897746723128,6.338178297952233,3.923528207091517,2.6342991089414047,4.747071557918489,0.5414693758819581,6.918945855850383,0.0,1.6698142301170247,2.0104627199252807,3.951544488766745,6.445265593765104,1.1491756493264602,2.8218349635118507,3.290901979393297,5.258167159158822,0.5414693758819581,5.1307034849370625,3.1777606869518658,2.6845818489184503,3.6282011768626874,0.890792538123637,0.0,0.5414693758819581,4.206255219836096,1.1491756493264602,0.5414693758819581,4.599540709481705,4.195489894896336,3.7193526387091875,3.608929686993263,2.4032827746082113,2.5254472282980815,3.439721292372196,3.548781353773188
C_TAL,HK2711,3084,HKD,12037164.0,0.8805776628234097,6.264746518413793,2.910331986313796,4.09269181707074,3.0255797258144876,4.981676496886965,2.4467424003389153,0.6047314369071525,2.097347767310845,1.9783363358941264,2.4175511654801953,4.625173508130706,7.752069389455648,5.339256855862752,0.0,1.2505552202088406,2.2308317737210217,3.1216090538259,0.9144365510204555,6.294636490942364,0.8805776628234097,1.2505552202088406,3.013411024874822,2.023268954788369,0.07980518422062186,3.4496353943604543,2.587407199300076,7.325073552490526,0.2869099148638554,0.771526038077023,1.7022188104972291,3.892186660784408,5.243509472302894,1.5901682799460466,2.5295270617757697,2.992794897391878,5.667373929485422,0.1537095199299845,4.872764665009084,1.068410462757541,2.2308317737210217,2.2308317737210217,1.2018092588055969,0.3473982116628678,0.07980518422062186,3.8577026947410786,0.5582917239477885,0.2225258729494228,4.122747198347299,3.6753941770119622,2.980218075006201,3.072825695300248,1.7466461043332207,0.8092135000554035,3.888791286020876,1.1505648178338814
C_TAL,HK2896,23,Control,33759.0,0.0,5.789467803577306,3.421709904030901,5.589476790424735,4.098394035410166,3.421709904030901,3.421709904030901,0.0,3.421709904030901,3.421709904030901,0.0,0.0,8.176281258763757,3.421709904030901,0.0,0.0,0.0,3.421709904030901,0.0,6.098806502841708,0.0,0.0,6.915861174316201,3.421709904030901,0.0,5.876224180552468,0.0,3.421709904030901,3.421709904030901,0.0,0.0,4.098394035410166,6.434636948938353,0.0,5.694463537982132,5.004675251659559,0.0,0.0,6.280753731888143,0.0,0.0,4.4983106752259046,0.0,0.0,0.0,3.421709904030901,0.0,4.098394035410166,4.098394035410166,6.72191769304608,3.421709904030901,3.421709904030901,3.421709904030901,0.0,3.421709904030901,0.0
C_TAL,HK2713,91,Control,55185.0,0.0,4.85082690925547,0.0,2.9507802087625867,4.297060410972022,6.905400147593286,2.9507802087625867,2.9507802087625867,0.0,0.0,0.0,4.0139042490121914,5.733518364827936,5.205152523619213,0.0,0.0,4.0139042490121914,2.9507802087625867,0.0,4.0139042490121914,0.0,2.9507802087625867,2.9507802087625867,3.6174299699844408,0.0,4.5174785509883435,2.9507802087625867,5.466249474623756,0.0,2.9507802087625867,0.0,2.9507802087625867,5.386558959601994,2.9507802087625867,0.0,4.297060410972022,5.466249474623756,2.9507802087625867,6.0774146675879255,2.9507802087625867,0.0,0.0,0.0,0.0,0.0,5.205152523619213,0.0,0.0,2.9507802087625867,4.85082690925547,2.9507802087625867,0.0,0.0,0.0,5.205152523619213,0.0
C_TAL,HK2923,170,Control,301467.0,0.0,5.911337160329231,0.0,6.06124135296271,2.3934616366875265,3.7088132451007603,2.867078296252546,0.0,0.0,2.0326414672390576,2.0326414672390576,1.4625868113134328,9.034397720885202,4.257870665124766,2.3934616366875265,0.0,2.6580508488490255,3.9903498253045626,0.0,6.037766366032493,1.4625868113134328,1.4625868113134328,5.9807483473008,2.6580508488490255,3.62402726184247,5.507225417350347,0.0,4.576732304570637,1.4625868113134328,0.0,1.4625868113134328,3.4292668511963464,7.1187986427831795,2.0326414672390576,2.867078296252546,4.542008362303111,2.6580508488490255,0.0,5.9291468374176,3.62402726184247,2.6580508488490255,4.943916487843532,1.4625868113134328,0.0,1.4625868113134328,3.4292668511963464,0.0,4.257870665124766,3.927043427696515,5.8270187345723174,2.6580508488490255,3.7869690514385104,2.6580508488490255,2.0326414672390576,2.3934616366875265,3.1871700084105226
C_TAL,HK2924,60,Control,135215.0,0.0,5.142245090376209,2.7594565189683826,5.470841644107065,0.0,4.497000731149979,0.0,0.0,0.0,2.1277112350888996,0.0,2.1277112350888996,7.070643424414414,3.42042849706904,3.637010886808746,0.0,2.1277112350888996,3.965931558403113,0.0,5.7417730266394,0.0,0.0,6.20759789480381,2.7594565189683826,2.7594565189683826,5.301721505612057,0.0,4.411001783791524,2.1277112350888996,0.0,2.7594565189683826,3.965931558403113,7.309826029435509,0.0,3.637010886808746,3.965931558403113,0.0,0.0,7.372155912207138,2.1277112350888996,0.0,4.576185966266545,3.637010886808746,0.0,0.0,4.649558376282186,0.0,0.0,0.0,7.546594663415302,3.143586927057457,4.097091344114056,4.213025900185975,0.0,3.965931558403113,3.965931558403113
C_TAL,HK2662,37,Control,182358.0,0.0,5.2038018401593735,2.482189434628218,4.92792716099674,0.0,4.3537822888437425,1.869294240621058,0.0,0.0,0.0,0.0,1.869294240621058,7.678597130799551,3.673411232415331,0.0,0.0,3.9190675254083422,4.116120848845974,0.0,4.706592347478374,2.859405922458187,0.0,1.869294240621058,2.859405922458187,0.0,5.173201905220453,0.0,4.80108077927872,0.0,0.0,1.869294240621058,3.347043656063324,6.69345583958308,0.0,4.201772330617998,5.576776428473052,3.673411232415331,0.0,6.19246673077024,2.482189434628218,3.5234832431091028,4.92792716099674,3.132658693330674,0.0,0.0,6.034913404591894,1.869294240621058,0.0,0.0,5.233493154034447,2.482189434628218,3.132658693330674,2.482189434628218,0.0,2.482189434628218,1.869294240621058
C_TAL,HK1585,21,Control,77514.0,0.0,5.334718363584569,0.0,4.514219429877491,2.631953249726718,4.36189244456018,0.0,0.0,0.0,0.0,0.0,0.0,8.114424012552856,3.2884687003695108,4.36189244456018,0.0,0.0,3.681418841989077,3.2884687003695108,4.867603319017578,0.0,0.0,0.0,0.0,0.0,4.867603319017578,0.0,4.36189244456018,0.0,0.0,0.0,4.182118485506951,7.34543419802206,2.631953249726718,2.631953249726718,2.631953249726718,3.96278420275945,0.0,7.132806486560246,0.0,0.0,5.3950593411915735,2.631953249726718,0.0,0.0,5.738575089684347,0.0,0.0,0.0,7.601221796014253,0.0,3.2884687003695108,3.96278420275945,0.0,4.182118485506951,3.96278420275945
C_TAL,HK1997,73,Control,101612.0,0.0,4.693683963575351,2.383368202195164,4.095146639139218,3.0292983098841786,3.6979737077466104,0.0,0.0,0.0,0.0,0.0,0.0,8.153349508778877,3.0292983098841786,4.246915441106599,0.0,3.0292983098841786,4.246915441106599,0.0,4.779932307445777,0.0,0.0,0.0,0.0,2.383368202195164,5.00139513366586,0.0,4.4950451812680035,2.383368202195164,0.0,0.0,3.6979737077466104,6.78753169626221,0.0,4.378656694799742,4.246915441106599,3.0292983098841786,0.0,7.680682953025258,0.0,3.0292983098841786,4.932882757666511,3.0292983098841786,0.0,3.0292983098841786,5.755499887519621,0.0,2.383368202195164,3.0292983098841786,7.107694322226775,0.0,3.4185156169139517,3.0292983098841786,0.0,3.9161502087953886,2.383368202195164
C_TAL,HK1770,40,HKD,59615.0,0.0,3.9381371497792452,2.877753693325011,4.906713847352331,2.877753693325011,4.220936200255056,2.877753693325011,0.0,0.0,0.0,0.0,0.0,5.713526288656196,2.877753693325011,4.621494325433928,0.0,3.9381371497792452,4.441138452172135,2.877753693325011,4.621494325433928,0.0,2.877753693325011,4.621494325433928,0.0,3.5423671308549367,5.2231482440857615,0.0,5.309710325798749,0.0,0.0,0.0,4.220936200255056,6.484937127493174,0.0,4.220936200255056,4.621494325433928,4.220936200255056,0.0,7.844120706625823,2.877753693325011,3.9381371497792452,5.2231482440857615,3.5423671308549367,0.0,0.0,6.041105644945458,0.0,2.877753693325011,2.877753693325011,7.455155665929193,0.0,3.5423671308549367,3.5423671308549367,0.0,3.9381371497792452,2.877753693325011
C_TAL,HK1634,23,DKD,27553.0,0.0,4.984802851900307,3.6188241039561455,4.699398558874765,3.6188241039561455,4.29847350362263,0.0,0.0,0.0,0.0,0.0,0.0,7.750957362729067,0.0,0.0,0.0,0.0,3.6188241039561455,3.6188241039561455,6.3015292391820275,0.0,0.0,0.0,0.0,0.0,3.6188241039561455,3.6188241039561455,6.426476653130101,0.0,0.0,0.0,0.0,5.387984980456125,0.0,3.6188241039561455,4.29847350362263,5.206577241017657,0.0,6.483545166146963,0.0,0.0,4.699398558874765,0.0,0.0,0.0,4.984802851900307,0.0,0.0,0.0,5.896980460502731,0.0,0.0,3.6188241039561455,0.0,3.6188241039561455,0.0
C_TAL,HK1584,21,DKD,25908.0,0.0,6.294109668507561,0.0,5.045953953152493,0.0,0.0,0.0,0.0,0.0,0.0,0.0,0.0,9.091395423719122,4.359221472782672,0.0,0.0,0.0,0.0,0.0,4.76041468939294,0.0,0.0,0.0,0.0,0.0,0.0,0.0,5.045953953152493,0.0,0.0,0.0,3.6787815517735893,6.745422874513629,0.0,0.0,0.0,0.0,0.0,5.602807937197908,0.0,0.0,0.0,0.0,0.0,0.0,5.958376020318647,0.0,0.0,0.0,6.140266800158113,0.0,3.6787815517735893,0.0,0.0,0.0,0.0
C_TAL,HK1597,78,HKD,199510.0,0.0,4.9860428469066855,2.774888591676018,5.377720071188311,1.7938040586650312,4.333154109085674,1.7938040586650312,0.0,0.0,0.0,2.4001255268793074,0.0,9.10253171032005,4.113286705593359,3.26045530897332,2.4001255268793074,3.4363611752649352,4.027760945939157,1.7938040586650312,5.585940104374033,0.0,2.4001255268793074,0.0,0.0,2.774888591676018,4.91508987702897,0.0,4.798223303618932,1.7938040586650312,0.0,2.774888591676018,3.0468587704117382,6.921145801835378,1.7938040586650312,3.715965314982347,3.26045530897332,3.26045530897332,0.0,6.3321695444728014,2.4001255268793074,3.26045530897332,5.585940104374033,4.711961135157737,0.0,0.0,5.228186507744505,0.0,3.26045530897332,2.774888591676018,5.487239773624944,1.7938040586650312,4.192070626286362,4.4567718136366805,1.7938040586650312,3.715965314982347,2.4001255268793074
C_TAL,HK1632,222,DKD,435091.0,1.1934283362045688,5.53662801096868,1.7221842018689553,5.3587067536489625,3.1773743355122535,4.341806051570518,1.1934283362045688,0.0,2.066243491687045,1.1934283362045688,1.1934283362045688,1.7221842018689553,9.43583424681381,3.8972294198034385,2.525076338132733,2.066243491687045,1.1934283362045688,4.28012489106271,0.0,6.076246512511443,0.0,0.0,2.066243491687045,1.1934283362045688,1.7221842018689553,4.966327547451324,2.838410893614883,5.89121332705518,1.1934283362045688,2.066243491687045,2.3217482085225294,3.6906849738697467,6.375168404771092,0.0,3.2688868598361522,2.693966056731704,4.691562345627133,1.1934283362045688,5.928615988940725,1.1934283362045688,3.3527224696519324,5.12860197476564,3.1773743355122535,0.0,0.0,5.718292720520416,0.0,2.066243491687045,1.1934283362045688,4.997858450384755,1.7221842018689553,2.838410893614883,4.7528872571772,1.1934283362045688,3.0766358980825195,3.5018621915864143
M_TAL,HK2893,3058,Control,14113370.0,1.9491417714125936,6.810711531085144,0.535643883400571,4.787201768809139,2.7193830660490415,5.564662595466039,2.3024410348110136,0.0,0.6529043891069275,2.0812680150539973,4.101769870994677,4.849037716505517,7.894610080086952,6.25779438957329,0.35426219301283174,1.2470087241075374,4.048816468159402,3.1401225065968594,0.0,5.949826520452723,0.24952776456824605,0.4932886629221388,0.6891226888428823,2.2057929999897583,0.615324868653113,2.9178321057770997,2.705272712709773,7.075209542706234,0.35426219301283174,1.2671652637045208,2.4655479320070186,4.178460548091051,5.367581272397326,0.19273745430018016,1.9789610915950873,2.898497622960955,5.402659901010651,0.13252678710154342,4.362388764337718,0.068457207470842,2.0173854758247454,2.2289397937373407,0.8221498792715136,0.3032655151155625,0.0,4.2999624207583915,0.7578466841286278,0.8221498792715136,5.220026361103703,3.746657742870751,4.2667274630958945,4.0148771294107926,0.35426219301283174,2.681303782162699,3.3595097820243973,2.5952241014453246
M_TAL,HK2898,44,Control,102978.0,0.0,6.643990428410644,3.9030641966826254,3.405602201327703,3.405602201327703,5.368952256376391,0.0,0.0,2.3712537002691287,0.0,0.0,4.082016754570909,7.680873355423296,5.831525875977254,2.3712537002691287,0.0,0.0,3.405602201327703,0.0,5.989320482097782,0.0,0.0,0.0,0.0,0.0,3.6849529573149593,2.3712537002691287,7.703037090682033,2.3712537002691287,0.0,0.0,4.082016754570909,4.6804532664232905,0.0,0.0,3.0165943412195846,5.859615260810841,0.0,5.644080411510737,2.3712537002691287,3.0165943412195846,2.3712537002691287,0.0,0.0,0.0,3.9030641966826254,0.0,0.0,0.0,4.233754038527619,2.3712537002691287,2.3712537002691287,0.0,0.0,4.082016754570909,0.0
M_TAL,HK2596,135,DKD,166698.0,0.0,4.57452493431562,2.9442608915241157,1.9457490235073092,4.976547056641244,6.904562976197303,0.0,2.5647758365652167,0.0,0.0,0.0,3.7610165054468134,3.6107350113821823,4.007148621078232,2.5647758365652167,0.0,0.0,3.4338052866526714,0.0,6.084311858990879,0.0,0.0,0.0,0.0,0.0,1.9457490235073092,0.0,6.979888133115255,0.0,0.0,0.0,3.6107350113821823,3.6107350113821823,0.0,3.218695362509711,0.0,5.905174377985805,0.0,3.218695362509711,0.0,0.0,2.5647758365652167,1.9457490235073092,0.0,0.0,4.007148621078232,0.0,0.0,0.0,4.844000584442242,0.0,0.0,0.0,0.0,4.744745780814307,0.0
M_TAL,HK2774,24,HKD,186174.0,0.0,4.734422357801714,3.653232460837441,2.8398943826228455,1.8518065601404905,5.349397539190376,2.463226542715188,0.0,2.8398943826228455,0.0,2.463226542715188,2.463226542715188,0.0,3.653232460837441,0.0,2.463226542715188,2.463226542715188,2.8398943826228455,5.1210484142641,4.465230979736925,1.8518065601404905,1.8518065601404905,0.0,0.0,0.0,1.8518065601404905,4.0021048692766,6.0654246646862555,3.3270697971143472,1.8518065601404905,0.0,3.653232460837441,4.780542860759756,3.8987730862825725,6.137583329063836,0.0,3.503390360588636,3.1128607489787483,7.855247449893027,0.0,0.0,3.8987730862825725,0.0,0.0,3.503390360588636,3.1128607489787483,0.0,2.8398943826228455,2.463226542715188,7.361881372065707,2.8398943826228455,1.8518065601404905,2.463226542715188,0.0,4.734422357801714,1.8518065601404905
M_TAL,HK2899,33,Control,26197.0,0.0,5.5917559707518505,0.0,3.667970114702653,0.0,5.438226510431123,0.0,0.0,0.0,0.0,0.0,5.0349326365507885,8.119744841946144,5.5917559707518505,0.0,0.0,3.667970114702653,0.0,0.0,6.533936467321047,0.0,0.0,4.3482710156202,0.0,0.0,0.0,0.0,7.198206645815906,0.0,0.0,0.0,0.0,5.947311746149043,0.0,0.0,3.667970114702653,5.5917559707518505,0.0,5.724821195359447,0.0,0.0,3.667970114702653,0.0,0.0,0.0,0.0,0.0,0.0,4.3482710156202,6.416335074392916,3.667970114702653,0.0,0.0,0.0,0.0,0.0
M_TAL,HK2844,137,DKD,515946.0,1.919061791482895,7.0376565579173125,2.369396340320133,3.939499458010491,2.9147220879110747,5.972571799265008,3.105485853750446,0.0,1.0777928366726803,1.5844020461084387,2.1693678588711047,4.945559652643578,7.361888709997142,5.6758222022043086,2.1693678588711047,1.5844020461084387,1.0777928366726803,2.536005573552321,0.0,6.425425709832707,0.0,1.5844020461084387,0.0,1.0777928366726803,0.0,3.4036214394329223,1.0777928366726803,6.791926814271265,0.0,0.0,0.0,4.622870026952961,5.320615258553688,1.0777928366726803,0.0,3.682955607571212,5.548456155494629,1.0777928366726803,3.9765188613069733,0.0,1.919061791482895,2.678780066992391,0.0,0.0,0.0,2.9147220879110747,0.0,0.0,2.678780066992391,3.1887566814595396,3.7305475047873484,2.803693576145642,1.0777928366726803,1.0777928366726803,3.682955607571212,0.0
M_TAL,HK2895,101,Control,361245.0,2.230510321539724,6.287917395637937,2.6973951047119225,4.83285698661451,3.141806219935321,5.465091072654712,4.169277333254439,0.0,1.3265986026454353,1.3265986026454353,2.4909564475396158,5.084850937013634,7.840789706768153,5.766267346262491,1.3265986026454353,2.230510321539724,3.9814722681137393,3.0144279565256755,0.0,6.408918771881379,0.0,2.6973951047119225,3.9814722681137393,3.254777174946323,1.3265986026454353,3.5327650555938748,0.0,7.536403607832251,0.0,1.3265986026454353,0.0,4.327326476586752,5.586302978443814,3.254777174946323,0.0,3.7500466596040027,5.5220143502070655,0.0,5.032078680700116,1.3265986026454353,0.0,2.8684229933932874,1.3265986026454353,0.0,0.0,3.5327650555938748,0.0,0.0,4.854662753640145,4.290093819653208,3.9814722681137393,3.9814722681137393,1.3265986026454353,3.0144279565256755,4.125528207003898,2.6973951047119225
M_TAL,HK2868,45,HKD,188290.0,0.0,6.371962581203465,1.8422872503689134,1.8422872503689134,3.3161761145924267,5.64361021081107,0.0,0.0,0.0,0.0,4.24910126612911,3.8877017987106948,7.763766665077676,5.6246300916948515,1.8422872503689134,0.0,0.0,0.0,0.0,6.668255646369145,0.0,2.45289236838419,0.0,3.772477036330068,0.0,0.0,2.45289236838419,7.466401848562639,0.0,1.8422872503689134,0.0,3.772477036330068,4.8134193613419445,0.0,0.0,3.1020644875479624,5.58555368402825,0.0,3.1020644875479624,0.0,0.0,0.0,0.0,0.0,0.0,3.642225264600751,0.0,0.0,4.972558317371807,3.1020644875479624,3.3161761145924267,1.8422872503689134,0.0,0.0,4.896151155453106,0.0
M_TAL,HK2833,175,Control,396060.0,2.4068982492732447,6.1323700405831385,2.4068982492732447,3.359457245680469,3.7232306261179273,5.841752423415068,2.7818717398441497,0.0,1.2598435474126657,1.8000152857292937,1.8000152857292937,5.248944583060082,7.962686334879307,6.180534457698415,2.7818717398441497,0.0,3.359457245680469,3.0539521122463786,0.0,6.537111077120171,0.0,4.4042263745189345,5.912505252650158,4.160783607935599,2.4068982492732447,3.593144122085897,0.0,6.55881990913045,1.8000152857292937,1.8000152857292937,2.4068982492732447,3.6603011965834424,5.525302039103369,2.4068982492732447,0.0,4.30705021581197,6.22148266210809,1.8000152857292937,5.2083414420747545,4.372871971387617,1.8000152857292937,1.2598435474126657,2.4068982492732447,0.0,0.0,4.719340290815328,1.2598435474126657,0.0,4.741614881193774,5.385131636971765,4.624921819512184,3.166480016525721,1.8000152857292937,1.8000152857292937,3.359457245680469,2.6118586216847577
M_TAL,HK2867,884,Control,4789081.0,0.0,6.8365182176621,0.6071716206274391,4.08891552474931,2.748333363410941,5.184516214637025,2.7876625393129384,0.34897705133515555,2.908598595742527,1.644064738982042,2.2577071216052094,4.085410304639324,7.659657552336018,5.29515192351834,0.0,0.0,1.0575385121118015,2.953154812218865,0.0,6.379850444222168,0.0,2.0656816634847526,1.9237570286482095,3.4020089755760483,0.0,2.541071649050192,2.734872231752487,6.9613571281008,0.0,1.4187917859633332,1.827803381992923,4.302362384202338,4.836886398328503,1.5599429827625748,0.9822532250208981,3.0856110425494627,5.309708386553135,0.0,1.2543901996520126,0.0,1.8927843310649353,2.2577071216052094,0.18963502207473715,0.18963502207473715,0.0,3.7004318213020135,1.192980090202359,0.0,4.064116978865824,0.9008352291200223,3.1230724359515754,2.748333363410941,0.18963502207473715,0.7149290458608532,3.538327824234242,1.5599429827625748
M_TAL,HK2739,72,HKD,175791.0,1.9004006021745306,6.159415821509246,4.23790912563822,4.389995140106846,3.955028092339402,5.503739434233206,3.3824516672933655,0.0,1.9004006021745306,2.894016224755031,2.5158517661674886,4.23790912563822,7.299817011361458,5.0769226236467135,0.0,0.0,0.0,3.559096461057086,0.0,6.8084686848448674,0.0,0.0,3.3824516672933655,3.3824516672933655,0.0,3.559096461057086,0.0,7.449468427011315,0.0,0.0,0.0,3.709172489052506,4.791318084793119,2.5158517661674886,0.0,1.9004006021745306,5.801928795582601,0.0,2.5158517661674886,0.0,0.0,0.0,0.0,0.0,0.0,3.709172489052506,0.0,0.0,3.3824516672933655,2.5158517661674886,0.0,3.3824516672933655,0.0,0.0,4.458160950373816,2.5158517661674886
M_TAL,HK2558,3067,HKD,28281571.0,2.345718987969444,6.845714534439956,2.475738426846308,3.835786941681598,3.279570118480003,6.799556844192773,1.0679367668302673,0.0,1.3425245822100187,1.5942871837213977,4.962106750083922,5.184790857868696,8.08732565587779,6.010348171234346,1.4722605431671107,1.759371460871924,4.019978919407412,3.189077605753692,0.0,5.821382294371361,0.0,0.0,0.0,1.3425245822100187,0.06832891854201979,3.2092721073385455,2.0297364127530537,7.8070339520302054,0.6702292069016066,0.8959685489820498,1.8796662822953765,4.396835994261277,4.841544795621925,0.7732687704146761,0.6702292069016066,3.1832320422317157,5.689873937180978,2.1962318091658184,2.6794961495664276,0.0,2.1962318091658184,2.522220382336122,1.0052451272605574,0.1627934292556793,0.03474795091332243,5.00734055039668,0.37820578650766545,1.115405638402641,2.7199026551746903,0.0,2.817480107792997,4.486736220560647,0.30275821433803796,0.03474795091332243,5.20362498277235,2.62209252357061
M_TAL,HK2891,344,HKD,4359100.0,0.0,5.7527493016007405,1.5412623723484447,5.708077718686117,2.250026855774042,4.425874305754389,0.7640835179856322,0.0,0.2065304365017748,0.0,1.5412623723484447,2.364151990961157,9.521404784030164,3.9046739132261603,0.2065304365017748,0.9577535707677616,0.5236720286203244,3.592599624933796,1.490896979129906,5.425801990597092,0.0,0.7640835179856322,0.3776212438700267,0.8655997464361855,0.5236720286203244,4.728971692421219,0.8655997464361855,4.966060430705364,1.4378597503483639,0.2065304365017748,3.10614059055918,3.3264883050256033,6.834048286630003,0.5236720286203244,3.0748421025195456,3.5798896709257386,3.750029410661209,0.2065304365017748,7.010410477674405,0.7640835179856322,2.962817072955727,4.471475836884322,2.809375608604162,0.0,0.3776212438700267,5.2386947932118275,0.0,3.9138753412364267,0.6510851517643113,7.036161083716587,2.2004615920343293,3.1364891397071526,1.3225187034017971,0.0,3.2757842578072136,2.8890364935239834
M_TAL,HK2770,52,HKD,203422.0,1.777641805130739,6.276485632487726,2.382484246401365,5.989430029094871,1.777641805130739,4.547561132277552,2.7566922533896223,0.0,0.0,3.0283715954138644,0.0,2.7566922533896223,8.44387280566208,4.895815414170295,0.0,0.0,3.4175737152326313,4.778966668082661,4.0086919073068845,6.037514237306035,0.0,0.0,6.845810537904764,3.9151957941801325,3.8120480113761364,5.310993951116843,0.0,6.127257077713781,0.0,1.777641805130739,2.382484246401365,3.567028830849159,6.901746870239029,0.0,4.313993174050948,3.567028830849159,3.9151957941801325,1.777641805130739,6.013761116747129,2.382484246401365,0.0,4.4940822383449355,0.0,0.0,1.777641805130739,3.6970240242489076,0.0,0.0,1.777641805130739,5.033000408246342,2.7566922533896223,3.567028830849159,0.0,2.382484246401365,1.777641805130739,4.245955561448347
M_TAL,HK2711,5417,HKD,18391881.0,0.9465416098744079,6.512525133291988,2.8387309191947514,4.4194075896357035,3.1527868275865547,5.573874087409784,2.7593220073353164,0.43419390677840086,2.3682027387264997,1.9662749984737464,4.269220072505596,5.067906136030352,7.617152746507186,5.671893726317831,0.0,1.5811205442650738,3.102763524334357,3.371089649372667,0.19678912056551978,5.888112972127671,0.7359366877115446,1.3278605549609395,3.2771591660408976,2.2261916493109477,0.1511021402813778,3.4535157062234747,2.9584939920907836,7.301574186604949,1.7921272722364956,1.0657493759727008,2.9122953178919513,3.9606247959700185,6.081815137117827,1.5698708042987748,2.755872441972619,3.182544668998721,5.436484530219973,0.5659984877409958,6.1999790514838375,0.502266183138067,2.3630978708446158,1.9586350680487266,2.22030553585275,0.052945156081408276,0.10322751419946269,4.776725538091331,0.596403469365144,1.7645752660785725,4.147185735533628,5.569737912099605,2.7661856434967422,4.019945111443456,1.383903999187861,0.39833733838027097,4.241448906848947,1.5922451341823818
M_TAL,HK2923,41,Control,81004.0,0.0,6.126361559735179,0.0,5.735367489674327,0.0,3.638512260706402,0.0,0.0,0.0,0.0,2.591146981740681,2.591146981740681,9.130768009041676,4.138765622670825,2.591146981740681,0.0,0.0,4.138765622670825,0.0,5.774463976062915,2.591146981740681,0.0,5.408118627208629,2.591146981740681,0.0,5.226692681425849,0.0,4.91848903374531,0.0,0.0,2.591146981740681,0.0,7.1390233977842446,0.0,3.638512260706402,3.638512260706402,3.638512260706402,0.0,7.078448370155378,3.2461072123753962,2.591146981740681,4.823909603670694,2.591146981740681,0.0,0.0,3.919599779388047,0.0,4.31842655673724,0.0,7.1291789580101526,3.2461072123753962,3.919599779388047,2.591146981740681,0.0,2.591146981740681,2.591146981740681
M_TAL,HK1650,21,HKD,14571.0,0.0,4.243187889999692,0.0,4.929128296456151,0.0,0.0,0.0,0.0,0.0,0.0,0.0,0.0,6.9377431565489704,0.0,0.0,0.0,0.0,5.841069901335385,0.0,4.243187889999692,0.0,0.0,0.0,0.0,0.0,5.618652519325281,0.0,0.0,0.0,0.0,0.0,0.0,6.176711583966253,0.0,7.0627921215381235,0.0,0.0,0.0,6.532763159404344,0.0,0.0,0.0,0.0,0.0,0.0,4.243187889999692,0.0,4.243187889999692,0.0,5.618652519325281,0.0,0.0,0.0,0.0,4.243187889999692,4.929128296456151
M_TAL,HK1635,23,DKD,68492.0,2.747286637472956,6.293805665395626,0.0,5.979408723504712,2.747286637472956,4.769004928743997,0.0,0.0,0.0,0.0,0.0,0.0,8.521879071061273,4.636685490397873,0.0,0.0,3.4078581682304,2.747286637472956,0.0,4.990449272634137,0.0,0.0,0.0,0.0,0.0,3.8022245645619908,0.0,5.819506032628057,0.0,0.0,2.747286637472956,4.304081666318239,6.901552762404532,0.0,0.0,3.4078581682304,4.304081666318239,0.0,4.769004928743997,0.0,3.8022245645619908,5.171636418296998,0.0,0.0,0.0,4.990449272634137,0.0,0.0,0.0,3.4078581682304,3.4078581682304,3.8022245645619908,0.0,0.0,4.484148468135886,3.8022245645619908
M_TAL,HK1997,23,Control,29495.0,0.0,5.4736493897765275,3.5526029122744456,4.917175579460017,3.5526029122744456,0.0,0.0,0.0,0.0,0.0,0.0,0.0,7.107872430091177,0.0,0.0,0.0,0.0,3.5526029122744456,0.0,4.231321515159879,0.0,0.0,0.0,0.0,0.0,4.231321515159879,0.0,0.0,0.0,0.0,0.0,4.231321515159879,4.631930460491278,0.0,5.7240309626966885,0.0,3.5526029122744456,0.0,7.786629734839574,0.0,0.0,5.320197780832108,0.0,0.0,0.0,4.231321515159879,0.0,0.0,0.0,7.187852163870863,0.0,0.0,0.0,0.0,0.0,0.0
M_TAL,HK1770,23,HKD,34635.0,0.0,5.313736353287986,3.396939255021965,5.160405919697802,3.396939255021965,0.0,0.0,0.0,0.0,0.0,0.0,0.0,0.0,0.0,4.073206989135626,0.0,0.0,0.0,3.396939255021965,0.0,0.0,0.0,4.472981701195351,0.0,3.396939255021965,0.0,0.0,3.396939255021965,0.0,0.0,0.0,4.073206989135626,0.0,3.396939255021965,6.30915076195461,0.0,0.0,0.0,7.73277672161914,0.0,3.396939255021965,4.472981701195351,0.0,0.0,0.0,0.0,0.0,0.0,0.0,7.027339876453295,0.0,0.0,0.0,0.0,0.0,0.0
M_TAL,HK1632,38,DKD,52287.0,0.0,5.949350716860067,0.0,5.787291834406088,3.66996228585077,4.066898650472768,0.0,0.0,0.0,0.0,0.0,3.001973395571327,9.037901058717488,0.0,0.0,0.0,0.0,4.3502889178727875,0.0,5.593792663108406,3.001973395571327,0.0,0.0,0.0,0.0,5.03696365523525,0.0,4.904359466156397,0.0,0.0,3.66996228585077,4.066898650472768,6.535977806160359,0.0,3.001973395571327,4.066898650472768,4.751443721915911,0.0,5.03696365523525,0.0,4.570848516833628,4.751443721915911,0.0,0.0,0.0,5.353644879649047,0.0,0.0,0.0,4.570848516833628,0.0,0.0,0.0,0.0,0.0,3.66996228585077
M_TAL,HK1664,20,Control,22990.0,3.795425651957694,3.795425651957694,0.0,6.1726790319937646,0.0,4.878942348026683,0.0,0.0,0.0,0.0,0.0,0.0,5.164721347464425,0.0,0.0,0.0,0.0,5.164721347464425,4.477272555226706,4.477272555226706,0.0,0.0,6.546720506129743,0.0,4.477272555226706,3.795425651957694,0.0,0.0,0.0,0.0,0.0,0.0,6.664344105370976,0.0,4.477272555226706,0.0,0.0,0.0,7.06938392538815,0.0,3.795425651957694,5.5682797539650775,0.0,0.0,0.0,3.795425651957694,0.0,0.0,0.0,5.5682797539650775,0.0,0.0,0.0,0.0,0.0,3.795425651957694
Macula_Densa,HK2893,178,Control,574855.0,1.4994306657495997,6.06130306268253,0.0,5.57471703923422,2.8127778352479287,4.917689181210282,1.4994306657495997,0.0,1.0078006484464472,2.271903751938351,2.4368899684877308,4.152998426340751,6.597634797506918,4.796040667226874,1.0078006484464472,3.0024725167950117,3.299295198737866,3.713818121816379,0.0,5.931573682160972,1.0078006484464472,0.0,2.8127778352479287,1.827562059781873,1.4994306657495997,3.7952470861214174,3.1618566282623384,6.427373233565027,1.4994306657495997,0.0,3.0024725167950117,3.906164579201313,6.073396334133658,0.0,3.7952470861214174,3.0024725167950117,4.766873390295261,0.0,3.625165960104326,1.0078006484464472,1.0078006484464472,3.2329352275440626,0.0,0.0,0.0,2.7024715271870607,1.0078006484464472,1.4994306657495997,5.048712088333492,3.3615242318180485,3.6704741201471087,3.3615242318180485,1.0078006484464472,2.7024715271870607,3.625165960104326,3.299295198737866
Macula_Densa,HK2898,63,Control,129032.0,0.0,5.942144986524481,3.4657378403017245,4.259154508256795,3.188418534911262,5.517454888434579,0.0,0.0,2.1690554718000685,2.1690554718000685,0.0,4.259154508256795,6.418774679879286,5.144585254946187,0.0,0.0,0.0,0.0,2.1690554718000685,6.418774679879286,0.0,3.188418534911262,0.0,0.0,0.0,2.8033622596964065,0.0,7.241368281891653,2.1690554718000685,2.1690554718000685,0.0,3.8607316689373317,4.8283157213043015,0.0,0.0,3.4657378403017245,5.606722754468881,0.0,4.888469645058135,0.0,0.0,3.188418534911262,0.0,0.0,0.0,4.011870304200767,0.0,0.0,2.1690554718000685,3.6826117907878744,3.188418534911262,2.1690554718000685,2.8033622596964065,0.0,4.143136694647501,0.0
Macula_Densa,HK2862,680,DKD,1196051.0,0.0,5.272854223610934,3.323405626304942,2.5420102947063437,4.16732300611288,6.233114841968407,0.0,0.0,2.400892321406626,2.6656544676758807,1.4688736172429202,3.2928185085181827,3.8498211907671385,4.0864120566368705,3.93505736453283,2.6656544676758807,0.0,2.722179295757877,1.4688736172429202,5.988902118073518,0.0,0.0,0.0,0.0,0.0,3.4371773029704267,2.322086914056425,7.129648805621401,0.0,2.039748856015316,1.4688736172429202,4.311811470545754,5.386245981845228,1.4688736172429202,2.039748856015316,1.9246271561451194,5.393873898779454,0.0,2.5420102947063437,0.0,1.2551185481332214,2.6656544676758807,1.79450710657412,0.0,0.0,3.756637103404867,0.0,2.236535830081359,0.98289068846376,3.0476619791286903,1.2551185481332214,3.323405626304942,2.7756792840362126,0.0,5.574169532592184,0.0
Macula_Densa,HK2596,480,DKD,575039.0,2.578175914294946,4.736512534889524,2.8124770225633795,1.4991820940299887,4.795723282355886,6.9545296180656,0.0,1.0075974482737027,0.0,0.0,0.0,4.067100318385097,3.00216838369499,4.640554092019519,3.419797071153348,0.0,0.0,2.4365979240030873,0.0,6.546218526651899,0.0,0.0,0.0,0.0,0.0,2.4365979240030873,0.0,6.674877857376132,0.0,1.4991820940299887,0.0,2.7021729555445324,3.9058509889072544,0.0,3.527572648609962,0.0,6.183004877329228,0.0,2.0739326376792295,0.0,0.0,3.0850312317705586,2.0739326376792295,1.0075974482737027,0.0,2.4365979240030873,1.0075974482737027,0.0,0.0,4.205922823664127,0.0,0.0,0.0,0.0,4.689683874967656,0.0
Macula_Densa,HK2774,156,HKD,878966.0,1.4845776856373665,5.741695341233265,3.9765781510751266,3.680893016469566,3.6218421843685324,6.628614080439318,1.1864402642677803,0.0,2.603778335473126,1.1864402642677803,3.0670574546320446,2.057477412316406,0.0,4.285999198979539,2.603778335473126,1.7139423745319107,2.684604500314137,3.214534781031051,0.0,5.8554624846578,0.0,1.1864402642677803,0.0,0.7597306878999832,0.7597306878999832,3.4568815600502365,1.7139423745319107,6.838165789288569,1.7139423745319107,3.259227035546308,0.7597306878999832,4.346735269849912,4.881555312201128,3.3824395775659903,2.759383518990091,2.828957600106751,5.512948769136224,2.5158402625104177,1.1864402642677803,1.1864402642677803,2.312694171146413,3.651803412201212,2.603778335473126,0.0,0.0,3.1186712501669254,1.1864402642677803,1.1864402642677803,0.0,2.057477412316406,1.7139423745319107,2.828957600106751,1.9003899584705222,0.7597306878999832,5.21585799490338,1.1864402642677803
Macula_Densa,HK2844,397,DKD,1534557.0,1.9264192560256979,6.064807702010904,3.3220751113833993,3.474428807175688,3.909500624287622,5.956167455321317,2.8502061811714534,0.0,0.5017771282824863,1.8266810375262248,2.9906173185903304,4.48833600738155,5.843756686330165,4.716543004812344,3.142263919581087,2.8117909711742683,1.9264192560256979,2.6868082576022676,0.0,6.4959128885176565,0.0,2.1002476499028533,1.4488628159112185,3.0843347193476047,0.0,3.113718734854605,1.8266810375262248,6.967807965133677,1.715881710936514,1.2827697867860233,0.8343462332116182,4.35536376944561,4.650267487767936,1.8266810375262248,0.5017771282824863,3.49441565924874,5.853154641284047,0.0,4.110089221556825,0.0,1.715881710936514,2.9573192614553436,0.0,0.0,0.0,3.3902297921545776,0.5017771282824863,0.0,4.230796713746407,4.06638292245288,3.5520856305778694,2.9573192614553436,2.177004452533443,0.8343462332116182,4.141659307830262,0.8343462332116182
Macula_Densa,HK2895,219,Control,726902.0,1.8722336307161183,5.65999031959234,2.2250783218644186,4.264941605427934,3.8071610418950823,5.674260857203592,4.408746149750689,0.8652926628377036,2.363671617155685,2.4853740496857686,2.691718402833308,4.441683459936509,6.959789192451571,5.373468424078471,1.6345409366297246,2.691718402833308,4.563549822821211,3.7441021686083418,0.0,6.4647079054052075,0.0,3.604634234781047,3.1359819326067675,4.025852467981848,2.0641383324245797,3.248924710763995,1.6345409366297246,7.627323472937589,0.0,2.2250783218644186,0.8652926628377036,4.391861529356042,4.8804629776688015,3.300946899024012,1.6345409366297246,3.711016038158342,5.61591455450225,0.0,3.604634234781047,1.8722336307161183,1.6345409366297246,1.8722336307161183,1.3221297773759133,0.0,0.0,4.025852467981848,0.0,0.8652926628377036,5.645513181886078,5.087331163380795,4.321319009486362,3.711016038158342,1.6345409366297246,3.074336360252478,4.605674968441799,1.6345409366297246
Macula_Densa,HK2868,178,HKD,667705.0,0.9153572495354154,5.306719119412716,3.0189445705133147,1.7034749456134004,4.157351130646254,5.836178699617154,2.8607335886144,0.9153572495354154,0.9153572495354154,1.7034749456134004,3.609403717998063,3.827118966256751,6.950217366473619,4.806567455834867,0.0,0.0,2.5635128696226728,1.3851273719783141,0.0,6.768087476670613,0.0,2.4409261726265474,0.0,1.944576335951056,0.0,0.9153572495354154,0.0,7.510242547429595,0.0,0.0,0.0,3.6491424066661264,4.475798224830417,1.7034749456134004,0.0,2.8607335886144,5.870565888434932,1.3851273719783141,3.2173818345728327,0.0,0.9153572495354154,1.7034749456134004,0.9153572495354154,0.0,0.0,3.7939679002049056,0.0,0.0,3.9204478890350773,4.633187821119729,3.0189445705133147,0.9153572495354154,0.0,1.3851273719783141,4.458606131201275,0.0
Macula_Densa,HK2833,158,Control,397224.0,2.609139672990563,5.561833040194367,3.356624742651233,0.0,4.901013685271943,5.949745353539337,0.0,0.0,1.2577423366903673,0.0,2.92435972036999,5.177408756244148,7.224769306232005,5.481304405174163,4.157894802388963,0.0,3.264793773115887,1.7975663269078583,0.0,6.702136288984798,0.0,4.40132766579107,2.4042283584022037,3.264793773115887,0.0,2.609139672990563,0.0,7.0086587679003785,0.0,1.7975663269078583,1.2577423366903673,3.163669252187523,5.024198069295451,1.7975663269078583,0.0,4.46123078912449,6.0959933321632,1.2577423366903673,3.986516119663107,4.157894802388963,1.7975663269078583,1.2577423366903673,1.2577423366903673,0.0,0.0,4.646468751118798,1.2577423366903673,0.0,4.117724281010788,4.901013685271943,4.571240090989634,2.779119071944672,0.0,3.356624742651233,3.590290335895941,2.14621355321602
Macula_Densa,HK2663,102,Control,368427.0,2.4729156774592926,4.994296286727597,3.8531667051025478,3.1229786211296413,3.8531667051025478,6.521446228404587,4.191801006364518,0.0,0.0,3.429352639050015,3.9091459542024483,4.30790273710098,5.6073603730736306,4.897823777693139,3.3372780105597233,0.0,4.106163143024573,3.3372780105597233,0.0,6.352115397726854,1.312174592383722,3.793866983741058,4.149898525154535,4.106163143024573,2.679047629344633,3.5136597032129457,2.2129585572009516,7.585192388334092,0.0,1.312174592383722,1.312174592383722,4.106163143024573,4.535651010541727,2.679047629344633,0.0,3.2358578933411826,6.075986524289204,1.312174592383722,4.149898525154535,3.1229786211296413,2.849865187698441,3.2358578933411826,1.312174592383722,1.312174592383722,0.0,4.060427146144655,0.0,1.8607387090961163,5.556260257182792,4.956816558944264,4.012498693237242,3.3372780105597233,1.312174592383722,2.679047629344633,4.444314564880486,3.2358578933411826
Macula_Densa,HK2867,77,Control,381883.0,0.0,5.719517878865813,1.8305323513510592,4.025184974696299,3.394663880751798,5.38607205556318,3.088713590935204,0.0,2.8161041948891805,2.6456793129501883,0.0,2.4401195406921037,7.017976383687269,4.901926639523768,0.0,1.2860880618606636,1.8305323513510592,2.8161041948891805,0.0,6.415317094743942,0.0,1.8305323513510592,3.478875355864152,3.3027032678488313,0.0,3.088713590935204,2.8161041948891805,6.994243827160959,0.0,1.2860880618606636,1.2860880618606636,4.114602491735201,5.324233816480833,2.1810736549759264,1.2860880618606636,3.088713590935204,5.298386534556233,0.0,2.4401195406921037,0.0,0.0,3.2014214891521613,0.0,0.0,0.0,3.818069456903683,0.0,0.0,4.196676651823722,2.1810736549759264,2.4401195406921037,3.2014214891521613,1.8305323513510592,0.0,4.272522590334649,1.8305323513510592
Macula_Densa,HK2739,528,HKD,1519185.0,1.9350267259761027,5.000231226079659,3.5430045245667467,3.651180642342832,4.287015118947616,5.971259598051595,2.323902993640124,0.0,1.2900561976113814,2.553223821214624,3.8234287507938083,3.865677140694904,6.028369576324106,4.505589427796828,1.9350267259761027,2.1859357808832516,0.8400554218614399,2.9324030118506923,0.0,6.709936287090736,0.5057614296662529,1.59928374757939,3.3079816027210667,3.151898966191412,0.0,2.9324030118506923,0.5057614296662529,7.04491314576761,0.8400554218614399,0.0,0.5057614296662529,3.6164061311884095,4.390093623117761,1.090157661002371,0.8400554218614399,1.9350267259761027,5.644492401796073,0.0,2.257296871495247,0.0,0.8400554218614399,2.8212565153804543,0.8400554218614399,0.0,0.0,3.442959517384413,0.0,0.0,4.192174597953786,3.093943954626313,1.7241466721392789,2.8596944264725592,0.5057614296662529,1.2900561976113814,3.892882602162782,0.0
Macula_Densa,HK2558,30,HKD,263005.0,2.9962843919779343,6.3209886408137095,4.124475131970857,3.993251357676853,3.993251357676853,6.927550096808578,0.0,0.0,0.0,0.0,3.664127917428684,4.3443790452165745,6.841982326418668,5.73327310551807,2.7855565462435745,2.152275811683676,4.184148008049408,2.9962843919779343,0.0,6.181838086179698,0.0,0.0,0.0,0.0,0.0,2.7855565462435745,1.5690760377669477,7.899808645369805,0.0,0.0,1.5690760377669477,4.240459664565694,4.809503453348204,0.0,2.152275811683676,3.3183758906228,5.972861415904006,1.5690760377669477,2.7855565462435745,0.0,1.5690760377669477,2.7855565462435745,1.5690760377669477,0.0,0.0,4.809503453348204,0.0,1.5690760377669477,2.9962843919779343,0.0,1.5690760377669477,4.438508567822205,0.0,0.0,5.82716935990841,1.5690760377669477
Macula_Densa,HK2891,236,HKD,1783307.0,0.0,5.554458376821386,3.24545004292445,3.9940050252888564,4.45707500834421,5.745501042472988,2.848503056759876,0.7521289891070141,2.1150291330250197,1.8882143631014252,1.9696706733934677,3.495388414265428,8.037805526870187,4.703633653090438,2.180483356760334,0.7521289891070141,2.7459658669421647,3.24545004292445,0.4451702832964122,6.514755126320467,0.7521289891070141,1.7022080601742613,3.512256969054934,3.0795204163185,0.7521289891070141,3.8616291662293385,0.7521289891070141,7.306401881144603,0.9866626425202443,1.3359952353734355,1.4735118063677872,3.8616291662293385,5.814758819629445,2.180483356760334,1.7995297844599911,3.8497642813920185,5.477806900890811,0.4451702832964122,3.7754573394047695,2.180483356760334,3.0795204163185,3.7361251858498084,1.4735118063677872,0.0,0.0,4.83666735236926,0.4451702832964122,1.7995297844599911,3.561219720262302,4.248109183200464,3.24545004292445,2.6712577612431927,3.2007831202410997,1.4735118063677872,4.495349060272732,1.4735118063677872
Macula_Densa,HK2770,93,HKD,396957.0,1.7981273327045315,5.755411678060422,3.1643132299656918,4.823816139610007,3.7802226223725586,5.285712429331299,3.357273706447503,0.0,1.258223616061446,2.404840027259534,3.6580972089957684,3.1643132299656918,8.081971909516648,5.041287590168081,0.0,0.0,3.441378355772607,3.6580972089957684,0.0,6.402050398602783,0.0,2.6097625927191967,5.382879771786088,3.7210230853370816,1.258223616061446,4.2343592653361455,0.0,7.013871916328873,0.0,1.7981273327045315,0.0,3.051796694815532,5.923818141635928,1.258223616061446,0.0,3.5189549081196114,5.20609158462535,0.0,4.938451980950539,3.1643132299656918,2.404840027259534,3.357273706447503,0.0,1.258223616061446,1.258223616061446,4.33826982122148,0.0,0.0,4.694316639944521,3.2654404836825957,3.7210230853370816,2.6097625927191967,3.357273706447503,2.6097625927191967,3.1643132299656918,3.441378355772607
Macula_Densa,HK2711,235,HKD,776733.0,2.0064969149831824,6.121324633432387,3.540191955807969,4.139912033387374,2.7187844223061415,5.248361190941987,3.378398149469734,0.0,1.8164154570382123,2.53266399617236,2.8002843994788926,4.619276303778848,7.517232542707342,5.2881603817553815,1.2739336737933238,2.166153744426366,2.303794944131031,3.4625636443278203,0.0,6.448647922449785,1.8164154570382123,1.2739336737933238,3.742377520931535,3.286492371843864,0.0,3.540191955807969,3.011194876774864,7.330811926740304,0.8274349016597861,0.8274349016597861,1.8164154570382123,3.742377520931535,5.460923986749704,1.8164154570382123,3.1305490844328676,3.1305490844328676,5.617590783675563,0.8274349016597861,5.199833798501556,2.0064969149831824,2.7187844223061415,2.424762859742482,0.8274349016597861,0.0,0.0,3.8016071882313422,1.2739336737933238,0.0,5.029904154591256,3.6463859337504307,3.829956382930663,3.679417599438781,3.8843520010214148,1.8164154570382123,4.054347268844264,1.5815179672191797
Macula_Densa,HK2713,23,Control,13385.0,0.0,5.416684633616504,0.0,4.326916814302162,0.0,6.394733870575287,0.0,0.0,0.0,0.0,0.0,4.326916814302162,5.703255626893673,4.326916814302162,0.0,0.0,0.0,0.0,0.0,4.326916814302162,0.0,0.0,0.0,0.0,0.0,5.01343798721082,0.0,5.416684633616504,0.0,0.0,0.0,4.326916814302162,6.261441068104237,0.0,0.0,0.0,5.01343798721082,0.0,5.703255626893673,0.0,0.0,0.0,0.0,0.0,0.0,4.326916814302162,0.0,0.0,0.0,0.0,0.0,0.0,0.0,0.0,4.326916814302162,0.0
Macula_Densa,HK2923,32,Control,91884.0,2.475133011637138,5.101385482944316,0.0,5.973296387181595,3.125293462397672,3.5160089809138135,2.475133011637138,0.0,0.0,0.0,0.0,0.0,9.27078509248765,4.478089951120078,2.475133011637138,2.475133011637138,3.125293462397672,4.014876266666144,0.0,6.2178652495060325,0.0,2.475133011637138,6.1505630401765,4.346179398683363,3.125293462397672,5.282691806984524,0.0,4.698959903523028,2.475133011637138,0.0,2.475133011637138,2.475133011637138,7.003258212913698,0.0,2.475133011637138,5.032827395887484,3.125293462397672,0.0,2.475133011637138,4.346179398683363,2.475133011637138,4.346179398683363,0.0,0.0,0.0,4.346179398683363,0.0,0.0,3.7962338667546285,3.5160089809138135,2.475133011637138,2.475133011637138,3.5160089809138135,3.125293462397672,0.0,0.0
Macula_Densa,HK2662,27,Control,377302.0,0.0,1.2948358642608486,1.84067558241657,2.8274544751077935,1.2948358642608486,2.451141904062796,0.0,0.0,0.0,0.0,0.0,0.0,4.595772972991681,0.0,0.0,0.0,0.0,1.84067558241657,0.0,3.100235256818418,0.0,0.0,0.0,0.0,0.0,0.0,0.0,1.2948358642608486,0.0,0.0,0.0,1.2948358642608486,4.6478989101332315,0.0,0.0,3.100235256818418,1.84067558241657,0.0,3.406329669192902,0.0,1.84067558241657,2.191786517096059,0.0,0.0,0.0,2.8274544751077935,0.0,0.0,0.0,1.84067558241657,1.2948358642608486,0.0,1.2948358642608486,0.0,0.0,0.0
Macula_Densa,HK1597,69,HKD,164956.0,0.0,2.9542156607558936,0.0,5.104004267581003,3.2287822186474147,4.806022753634539,0.0,0.0,0.0,0.0,0.0,0.0,6.715943569827638,2.574476545232397,5.175044358856926,2.9542156607558936,0.0,3.44397309096836,0.0,6.198560084967175,0.0,0.0,0.0,0.0,2.574476545232397,4.755159910288171,1.9547598253741834,4.452847534339963,1.9547598253741834,0.0,1.9547598253741834,3.901927844863141,6.884504919208068,2.574476545232397,2.9542156607558936,2.9542156607558936,3.901927844863141,1.9547598253741834,5.848017560601997,0.0,2.9542156607558936,5.75648743575225,4.017463587717359,0.0,0.0,5.495071381454136,0.0,1.9547598253741834,0.0,5.543665956816654,2.574476545232397,1.9547598253741834,4.986979991790262,0.0,2.9542156607558936,3.44397309096836
Macula_Densa,HK1632,105,DKD,211278.0,0.0,4.208616351878656,3.2054056003389455,5.601331523932283,3.2054056003389455,4.60911349850763,1.7462564777201068,0.0,0.0,0.0,2.721249465899378,1.7462564777201068,8.87193316650604,4.135651335894369,2.3481511060822733,3.2054056003389455,0.0,3.5302266665527893,0.0,6.59936774978412,0.0,0.0,0.0,1.7462564777201068,1.7462564777201068,4.99535998100768,2.3481511060822733,5.6524401541104945,0.0,1.7462564777201068,2.3481511060822733,3.3809471490229037,6.3270539921213125,0.0,2.721249465899378,3.2054056003389455,5.14395109442176,0.0,5.732212906583586,0.0,3.5302266665527893,5.115946906164319,2.721249465899378,0.0,0.0,5.732212906583586,0.0,0.0,1.7462564777201068,4.51007797956705,0.0,0.0,5.297267913670949,0.0,2.721249465899378,3.3809471490229037
DCT1,HK2893,406,Control,2173070.0,1.5436031184622094,6.310741717114206,1.8020336798480843,4.255427544279851,2.7255974879032285,5.182730888078701,1.8752027708559025,0.0,0.3785586592134608,1.9433812317054482,2.630808890420942,2.78413981869542,5.32456601179062,5.888488834254039,0.0,0.6525110616863505,3.7144381738884973,3.0562558134171582,0.0,6.094092200991526,0.0,0.0,0.0,2.0072065990444674,0.0,1.5436031184622094,1.7230852205570775,7.483362070416891,0.3785586592134608,0.867325408444423,0.867325408444423,3.98751115829774,4.934859018412609,0.3785586592134608,0.0,2.1237999136747314,5.517598220980391,0.0,1.3247036889986767,0.0,1.044055368767502,1.194192821629339,0.0,0.0,0.0,3.7031606733071016,0.0,0.3785586592134608,4.862829472928761,1.3247036889986767,3.7900084665667406,3.07768226463285,1.194192821629339,1.8752027708559025,2.0672015448743615,2.0072065990444674
DCT1,HK2898,1220,Control,3855749.0,0.0,6.193101816556781,2.5393067770919204,3.743299552256033,1.204225823018293,4.0965501254658525,1.4139668662239708,0.5755222890882898,0.7116803391712778,0.8315015713692877,0.9384896584774638,0.7116803391712778,1.9774740910905217,5.204162615887096,0.0,0.0,0.8315015713692877,1.532760247931821,0.0,5.761013078858049,0.0,0.7116803391712778,0.0,1.12324761634574,0.0,2.3102907640051247,1.7348987177931816,7.837901037807166,0.7116803391712778,0.23059808252003572,0.23059808252003572,3.4113749783347966,4.284709007005837,0.23059808252003572,0.0,0.4178586324499112,5.85596279883548,0.23059808252003572,2.5595685344676133,0.7116803391712778,1.12324761634574,1.3488216471086096,0.0,0.0,0.23059808252003572,2.9525485716659667,0.4178586324499112,0.0,2.111652586815732,1.6389283060984043,1.9409146322230306,1.6389283060984043,0.8315015713692877,0.5755222890882898,0.4178586324499112,0.0
DCT1,HK2862,73,DKD,97296.0,0.0,5.6656707445558885,3.4605268733925425,3.0706462965924395,3.0706462965924395,5.629431344914037,0.0,0.0,2.422846372301137,0.0,0.0,0.0,3.0706462965924395,5.379142281215511,0.0,3.0706462965924395,0.0,3.4605268733925425,0.0,5.168917722954372,0.0,0.0,0.0,0.0,0.0,2.422846372301137,2.422846372301137,7.1429724676721404,0.0,2.422846372301137,0.0,4.642265065835181,5.379142281215511,0.0,2.422846372301137,3.0706462965924395,5.469712955003454,0.0,0.0,0.0,2.422846372301137,3.4605268733925425,0.0,0.0,0.0,3.9587076036525906,0.0,0.0,0.0,2.422846372301137,0.0,0.0,0.0,0.0,4.421527579389592,0.0
DCT1,HK2899,644,Control,425051.0,0.0,5.800220018858768,3.0989172617171623,4.129858579002122,3.4526685565275383,5.255229094762506,2.860405670609187,0.0,0.0,1.2097537198110144,3.5915389933640376,2.086662479371419,4.579431911709628,5.982036966909225,0.0,1.2097537198110144,2.715750685750115,2.715750685750115,0.0,5.8556262410217075,0.0,0.0,0.0,0.0,0.0,1.2097537198110144,0.0,7.668358705002761,2.342827921074349,1.2097537198110144,0.0,3.375260793859179,4.8523706614466775,0.0,0.0,3.96572479944691,6.145957569258115,0.0,4.671609854268524,2.860405670609187,2.086662479371419,2.860405670609187,1.741398672353279,0.0,0.0,2.715750685750115,0.0,0.0,5.021048665413421,4.714696708459826,3.7692573233070044,1.741398672353279,1.2097537198110144,1.741398672353279,1.2097537198110144,2.715750685750115
DCT1,HK2844,444,DKD,1939079.0,0.0,6.464628757090046,2.801617188973496,4.24999371876632,2.3794041035856894,5.133659445325079,0.41588314888523553,0.0,0.0,2.3794041035856894,0.41588314888523553,0.0,0.0,5.30633862158046,0.0,0.0,0.9349657584898772,2.106560774439487,0.0,5.868575699578533,0.0,0.41588314888523553,0.0,0.7087338215579856,0.0,3.025142150051002,0.0,6.973061337310142,0.0,0.0,0.0,3.869731095907216,4.749160928033426,0.7087338215579856,0.0,2.3794041035856894,5.799159864679044,0.9349657584898772,1.6342612423586362,0.0,1.5282194456628495,1.7301284888968853,0.0,0.0,0.0,2.4260563577624206,0.0,0.0,2.279014341250255,0.7087338215579856,2.7029797781511133,1.9724832162017567,1.1193409527665246,0.0,1.4095841554874853,0.0
DCT1,HK2895,847,Control,5120465.0,0.8616500910018314,5.795753472039391,1.5074729008186698,3.787822632995188,2.7250068031317136,4.700248319816033,2.1760906577477606,0.0,1.3684922010564822,0.6813143561803133,0.9409279697210567,0.3297277770401078,1.2070292763196888,5.443510299116209,0.5772755343885589,0.17839281879002628,1.590437597335164,1.95361434698007,0.0,5.659854370154738,0.0,1.3175139721712072,2.7121234246084263,1.1468443275762847,0.3297277770401078,2.6169694362799203,0.17839281879002628,7.696931195900188,0.0,0.9409279697210567,0.461142163303802,4.050744173074122,3.765462388267628,1.0143799082941791,0.461142163303802,2.495830228524381,5.711551615649312,0.0,0.17839281879002628,0.3297277770401078,0.0,0.461142163303802,0.0,0.0,0.0,2.5582330503559696,0.17839281879002628,0.0,2.7250068031317136,2.21946215247569,2.762690016834963,1.9255387537581687,0.77554184925491,0.6813143561803133,0.8616500910018314,1.4169972204011423
DCT1,HK2868,594,HKD,3237129.0,1.0485442972215941,6.068280702716955,1.9270765434581096,2.3586238725943276,2.8548903712593705,4.660817030584379,1.0485442972215941,0.0,0.0,0.6558331544861785,1.6723788941805615,0.0,2.013198887727814,5.2391607918300425,0.6558331544861785,0.0,0.9339650350135209,0.0,0.0,5.870425008345449,0.0,0.6558331544861785,0.4810866215525212,1.8328321606672242,0.0,0.0,0.0,7.5653678177196255,0.0,0.0,0.0,3.349675924286563,4.210895393462032,0.0,0.0,0.9339650350135209,5.671445282479629,0.0,0.2691990913866834,0.4810866215525212,0.4810866215525212,0.2691990913866834,0.0,0.0,0.0,2.23438378046341,0.0,0.0,2.4691201810481904,0.4810866215525212,0.9339650350135209,0.6558331544861785,0.0,0.4810866215525212,1.0485442972215941,0.0
DCT1,HK2833,452,Control,1529894.0,0.5029789526699637,5.711512738580811,2.3799720472706403,2.596683615883123,2.733073245883196,4.880739275744428,0.5029789526699637,0.0,0.5029789526699637,0.0,0.0,0.0,2.3175683596797176,5.735016592782418,1.4511922584262145,0.0,0.0,0.0,0.0,5.985847586624689,0.0,3.7419301373410185,2.4387092001793573,1.0855000877041199,0.0,1.5936825127289376,0.0,7.596888218700693,0.0,0.0,0.8360693902071842,2.6896445976365415,4.943250642666354,1.0855000877041199,0.0,2.3799720472706403,6.120912260656125,1.284970195218383,2.3799720472706403,2.0197446888716586,0.0,0.5029789526699637,2.1029188572169155,0.0,0.0,3.6612801545903473,0.0,0.0,1.7183784827386341,2.1029188572169155,3.348249468500463,0.5029789526699637,0.5029789526699637,0.8360693902071842,1.8292351428755027,0.5029789526699637
DCT1,HK2663,256,Control,1286375.0,2.171768060827736,5.9204700937148935,2.7075707028814215,3.9115195262598954,2.896040240407918,5.355026176529515,3.7238524848013177,0.0,0.5751394087398342,2.896040240407918,2.8521473200165257,1.8627844145171228,2.5980904337773194,5.779545239689867,1.7341779806576518,0.0,3.339614141284746,3.6253212445919223,0.0,6.152220031190908,0.0,2.896040240407918,3.7238524848013177,3.4926367449725593,1.2036132022169306,2.7581212932639594,1.8627844145171228,7.875070158153435,0.0,0.0,0.0,3.9115195262598954,4.336057226065037,1.2036132022169306,0.0,2.3349108888700654,5.82417596264157,0.0,1.5865564078011416,2.5980904337773194,1.9767200869810442,2.7075707028814215,1.2036132022169306,0.5751394087398342,0.0,3.685596937184218,0.5751394087398342,1.4133045706029435,5.425905872787894,2.7075707028814215,3.9115195262598954,2.5980904337773194,2.171768060827736,2.8062390115027442,1.8627844145171228,2.896040240407918
DCT1,HK2867,976,Control,5872943.0,0.2930760731805221,6.058428075231306,2.1784414536909646,4.112612535562387,2.234664514437478,4.860159879158659,2.03347913625607,0.2930760731805221,2.3707600411173195,1.8638810810620081,1.4023898545253497,0.0,3.922948374861148,5.2380344246746136,0.0,0.15723652772173669,1.2680978558978369,2.901284809226429,0.0,5.405036625136272,0.15723652772173669,2.0770847295993877,1.8096274633951583,2.782182683259686,0.15723652772173669,1.9401124327304449,2.0770847295993877,7.351139401100578,0.6159215385968038,0.6159215385968038,0.7847717957337553,3.7262914931971576,4.971194804073578,0.41265066278804935,0.6159215385968038,1.9642839954889788,5.550748649739503,0.0,0.5194421142298198,0.15723652772173669,1.0553554619706917,1.4023898545253497,0.6159215385968038,0.0,0.0,3.32261453498665,1.359598812559309,0.0,3.6226939766367927,0.41265066278804935,2.8435058637468242,2.234664514437478,0.15723652772173669,0.5194421142298198,0.5194421142298198,0.8595845253281464
DCT1,HK2739,1239,HKD,3695775.0,0.432534396621975,6.0753669618846,3.2746680381842497,4.444416103192646,2.4232095294237963,4.6108854352420305,0.0,0.0,0.0,0.0,0.23947289295737414,0.0,2.8625056226805863,5.07411084645371,0.0,0.0,0.0,1.3098971158072328,0.0,5.820259232915955,0.432534396621975,0.23947289295737414,0.0,1.5661356352182931,0.0,2.965241544485468,0.0,7.034385820110373,1.4462012925548726,0.0,0.0,3.6811706091585306,4.31572834212863,0.432534396621975,0.0,0.0,5.804889196529885,0.0,0.0,0.0,0.7334812016662859,2.014089599181039,0.0,0.0,0.0,3.2003204985941855,0.0,0.7334812016662859,2.4232095294237963,0.23947289295737414,0.432534396621975,1.6732138704345256,1.3098971158072328,0.0,0.0,0.0
DCT1,HK2891,458,HKD,4080532.0,0.6832303398770857,6.367400974393945,3.304028079695531,4.087165423772037,2.738184823721599,4.930740883430022,2.4241631893872655,0.21918860844400648,0.7999054091326123,2.0620219943293407,2.333357838862474,0.6832303398770857,4.763551823215635,4.847756296742626,0.5511216740529897,0.0,2.2593970681106406,3.2579711694353186,0.0,5.892272215095952,0.0,1.431711963343718,2.284663358068997,2.466649982984969,0.5511216740529897,2.9123339253957625,0.3988648200775592,7.37978314594689,0.21918860844400648,1.085367859199433,0.7999054091326123,3.5359901137275815,5.28347205626936,1.8925877212733195,0.3988648200775592,3.285859063047262,5.604157174903853,0.9989623225342998,3.9460123568330996,0.9043786669556877,2.6205613570566553,2.784646807955158,1.5935234164238576,0.0,0.0,3.764714086494957,0.0,0.3988648200775592,3.0014734908103216,4.4051547056132865,2.6025689604194806,1.9638415747857494,1.8925877212733195,1.431711963343718,2.925565038779399,1.5935234164238576
DCT1,HK2770,536,HKD,2882407.0,0.7133403229090708,5.981807704830164,1.879604933017474,4.603926378746763,2.6998359396020724,4.7845778006731035,2.3715609600294894,0.0,1.4164331938590136,1.6415540680951974,2.1949377625096966,0.5270126269876645,3.535305627070067,5.641960749269331,0.5270126269876645,0.0,3.6037034014028886,3.719509119092108,0.29782961313511574,5.759076196647247,1.0060076050995566,1.2321303965895998,4.813160777732816,2.4034286439733714,1.3285217395967615,3.6765406894896993,0.0,7.565425709224033,0.0,0.7133403229090708,0.0,4.1392214260655695,5.304199627452304,0.0,0.7133403229090708,3.283651363724137,5.814416385937956,0.5270126269876645,2.7228877790696946,1.3285217395967615,2.4034286439733714,3.257293267437085,1.2321303965895998,0.29782961313511574,0.0,3.9710433352021726,0.0,0.0,3.545367855059324,2.02705727166341,3.0826407176698285,2.4034286439733714,3.2438490256789816,0.8703427364309702,0.0,2.5758611000851763
DCT1,HK2711,372,HKD,1663291.0,0.7895637538510517,6.4783811248202445,1.7595361035652515,4.26749182528046,2.46995532656765,4.340598089040062,2.46995532656765,0.0,1.2252070021328734,1.2252070021328734,2.696517773950074,3.334159625740921,5.8536492323378235,5.197192834189126,0.0,1.3878153367777948,1.6502965036089101,2.9142680363655225,0.0,5.90410865293238,1.0309232521856466,1.0309232521856466,2.4177603765582956,1.8580089254251801,0.0,3.3124965448501555,2.1765489897989396,7.420207060896114,0.47076440624552873,0.47076440624552873,1.0309232521856466,3.8041903824738723,5.015312398566099,1.8580089254251801,2.0299091656712065,2.566820999219812,5.699114143734368,0.0,3.856378434550213,1.0309232521856466,1.947648218226806,2.2425216518706255,0.0,0.7895637538510517,0.0,2.946359827380613,0.0,0.47076440624552873,3.612890624501722,3.007609785949678,2.946359827380613,2.362690361285436,1.6502965036089101,0.47076440624552873,2.2425216518706255,0.0
DCT1,HK2713,105,Control,57588.0,0.0,5.497603387486211,0.0,4.255029774721121,0.0,4.655752767366366,0.0,0.0,0.0,2.9104319099241613,0.0,0.0,0.0,6.152408549832899,0.0,0.0,0.0,0.0,0.0,3.5759754893248603,0.0,0.0,0.0,0.0,0.0,2.9104319099241613,0.0,5.630622576757975,0.0,0.0,0.0,3.5759754893248603,4.475330756127552,0.0,0.0,4.808544416390403,6.034891522462698,0.0,4.475330756127552,0.0,0.0,0.0,0.0,0.0,0.0,3.9720674361674164,0.0,0.0,0.0,3.9720674361674164,0.0,0.0,0.0,0.0,0.0,0.0
DCT1,HK2923,58,Control,230991.0,1.6731960663047323,5.320426796372627,0.0,5.73130452082903,2.638165431581467,3.7907979774753158,0.0,0.0,0.0,0.0,1.6731960663047323,0.0,2.907812774837273,3.7907979774753158,0.0,1.6731960663047323,2.907812774837273,3.969349506928088,0.0,5.382008717071111,1.6731960663047323,1.6731960663047323,4.906787433358511,1.6731960663047323,2.638165431581467,5.184566712584449,0.0,4.998507933593708,0.0,0.0,2.2678224116351227,2.638165431581467,6.7747870941407315,0.0,1.6731960663047323,3.5732829508209276,2.907812774837273,1.6731960663047323,5.401721172156617,2.638165431581467,2.638165431581467,4.421899622592522,2.638165431581467,0.0,0.0,4.368499478414875,0.0,0.0,2.2678224116351227,5.945334803436494,2.2678224116351227,2.2678224116351227,0.0,0.0,0.0,3.294911919428399
DCT1,HK1585,23,Control,53240.0,0.0,5.42227878891828,0.0,4.733538951339194,0.0,4.049148607320364,0.0,0.0,0.0,0.0,0.0,0.0,4.886432371175487,4.049148607320364,0.0,0.0,0.0,3.6523643187540014,0.0,4.332461846744239,0.0,0.0,0.0,0.0,0.0,4.733538951339194,2.984816412865116,4.886432371175487,0.0,0.0,2.984816412865116,2.984816412865116,6.19308742212014,0.0,2.984816412865116,0.0,2.984816412865116,0.0,3.6523643187540014,0.0,2.984816412865116,5.0190197803825995,0.0,0.0,0.0,4.886432371175487,0.0,0.0,0.0,5.240840256064148,0.0,3.6523643187540014,0.0,0.0,0.0,2.984816412865116
DCT1,HK1997,28,Control,44407.0,0.0,4.227664301025058,0.0,5.602958567121368,3.8294659362065664,4.511693103334823,0.0,0.0,0.0,0.0,0.0,0.0,4.732638269089007,3.8294659362065664,0.0,0.0,0.0,4.227664301025058,0.0,5.066592132948383,0.0,3.157807424546207,3.8294659362065664,0.0,0.0,5.199335231661449,0.0,4.732638269089007,3.157807424546207,0.0,0.0,4.227664301025058,6.294260576646563,0.0,3.8294659362065664,3.157807424546207,3.157807424546207,0.0,5.889718479637732,0.0,0.0,4.913491545966511,3.157807424546207,0.0,0.0,5.199335231661449,0.0,0.0,0.0,5.756582402546706,3.8294659362065664,0.0,0.0,0.0,0.0,0.0
DCT1,HK1584,40,DKD,44549.0,0.0,4.729473826374893,0.0,3.8263427992817594,0.0,3.154750785318771,0.0,0.0,0.0,0.0,0.0,0.0,3.154750785318771,3.154750785318771,3.154750785318771,0.0,0.0,0.0,0.0,4.729473826374893,0.0,0.0,0.0,0.0,0.0,3.154750785318771,0.0,5.19616029121492,0.0,0.0,0.0,3.154750785318771,6.157807143730793,0.0,4.224518350540152,0.0,0.0,0.0,5.679535917364214,0.0,3.8263427992817594,4.5085356206270415,3.154750785318771,0.0,0.0,5.946996017873924,0.0,0.0,0.0,5.19616029121492,0.0,3.154750785318771,4.5085356206270415,0.0,0.0,0.0
DCT1,HK1597,96,HKD,241181.0,0.0,5.066120561632017,2.5981453595953417,5.537027445419223,1.6382709357427458,3.0787544446522053,0.0,0.0,0.0,0.0,0.0,0.0,4.568133338282981,3.2533770173284013,0.0,0.0,1.6382709357427458,4.078345427972639,2.5981453595953417,4.895452138515658,0.0,0.0,0.0,1.6382709357427458,0.0,4.568133338282981,2.2292105491062726,4.984422903594278,0.0,0.0,0.0,2.8670493582297825,6.329267300459541,0.0,2.5981453595953417,2.5981453595953417,3.0787544446522053,0.0,5.469481176934782,0.0,2.2292105491062726,5.141644886018614,2.5981453595953417,0.0,0.0,5.012403658978513,0.0,1.6382709357427458,0.0,4.524153160524978,1.6382709357427458,1.6382709357427458,3.9270133493922206,0.0,0.0,3.645877281373412
DCT1,HK1632,102,DKD,287887.0,0.0,4.916103489487576,3.473898315036641,5.725790155082981,2.4354323461578304,3.35998228820536,0.0,0.0,0.0,0.0,1.4981901278652128,0.0,4.551630141044469,3.2314008918488906,1.4981901278652128,0.0,0.0,4.204664519247861,0.0,5.691219676675744,0.0,0.0,0.0,0.0,0.0,4.435164985650166,0.0,6.188883883910322,0.0,1.4981901278652128,0.0,3.0838123211785793,5.957307657324308,0.0,1.4981901278652128,2.4354323461578304,4.435164985650166,0.0,4.916103489487576,0.0,3.2314008918488906,5.2208962815072235,1.4981901278652128,0.0,0.0,4.3931205910981745,0.0,0.0,0.0,4.51429549969748,1.4981901278652128,1.4981901278652128,4.916103489487576,0.0,0.0,3.668917440820711
DCT1,HK1594,56,HKD,218931.0,0.0,5.051777696237894,0.0,5.455107877103263,0.0,3.171291258953623,0.0,0.0,0.0,0.0,0.0,0.0,5.285277284156662,3.9366012865664333,0.0,1.716972912426788,0.0,1.716972912426788,1.716972912426788,4.991552866351497,0.0,0.0,0.0,0.0,1.716972912426788,4.365008085397966,0.0,4.305177807530112,0.0,0.0,2.9585804457253615,2.31602421568241,6.3649081357517865,0.0,3.171291258953623,2.9585804457253615,3.8432406477821806,0.0,6.15585094345019,0.0,3.495705548304096,5.0221185915606785,2.6880479841618943,0.0,0.0,4.663966604614898,0.0,0.0,2.6880479841618943,5.455107877103263,1.716972912426788,1.716972912426788,2.6880479841618943,0.0,0.0,3.171291258953623
DCT2,HK2893,99,Control,382800.0,2.437930408952439,5.507601472563908,2.9593955898543367,4.683107954970433,2.643451304288587,5.939612883145042,3.300393210283525,0.0,1.2843530484686703,1.828518886175733,3.5542129197735455,2.9593955898543367,5.608307530321092,5.608307530321092,0.0,0.0,5.269467351719824,3.69349262152729,0.0,5.140501846334835,0.0,0.0,1.2843530484686703,3.300393210283525,1.2843530484686703,1.2843530484686703,2.643451304288587,7.91333716266231,0.0,0.0,0.0,4.2329549020758686,5.2960001593399975,0.0,1.2843530484686703,3.69349262152729,5.6459120242325,0.0,2.437930408952439,1.2843530484686703,2.643451304288587,2.178946388329268,0.0,0.0,0.0,4.068535426168181,0.0,0.0,5.464296603211969,3.6262756676235366,4.340652088535195,4.112243328755588,0.0,1.2843530484686703,4.526468445761003,2.437930408952439
DCT2,HK2898,271,Control,636038.0,0.0,4.80452869560122,3.5268573193388852,2.718006997289097,2.4853758512777757,5.440450553616823,1.986357091164432,0.0,2.4853758512777757,2.1816783053833877,0.9447744342938751,1.4217740013170497,0.9447744342938751,4.878971472758083,0.0,0.9447744342938751,3.32244139117618,2.4853758512777757,0.0,4.471328125754859,0.0,2.3450120676521804,0.0,2.4853758512777757,0.0,2.816745015145318,1.986357091164432,8.079377087301166,0.0,1.4217740013170497,0.0,2.3450120676521804,4.948254417936834,1.4217740013170497,0.0,3.2020753472160397,5.702863018946792,1.7433915963049333,4.05352936977055,0.0,2.6084408818273594,1.4217740013170497,0.0,0.0,0.0,3.9680950207111647,0.0,0.0,3.6152695501983856,4.132235723919793,2.6084408818273594,1.986357091164432,0.9447744342938751,0.0,2.4853758512777757,0.0
DCT2,HK2862,408,DKD,601143.0,0.0,4.847534434283585,3.581668665934096,2.770804589863761,3.042709960106202,5.748556866603727,0.0,0.0,1.7901737310469525,0.9796401851787202,0.0,0.0,0.9796401851787202,4.645705972702653,0.0,1.7901737310469525,3.896735411426692,3.4845103168400184,0.0,4.645705972702653,0.0,1.7901737310469525,0.0,0.0,0.0,2.869884261470791,2.035227186867656,7.050819509366197,0.0,2.035227186867656,0.9796401851787202,4.237050078828646,5.403781252432517,1.7901737310469525,3.626922916197943,2.396165251833669,5.489793421983845,1.4648733997868668,2.231893120034279,0.0,1.4648733997868668,2.9600260637182214,2.660817537382204,0.0,0.0,3.896735411426692,0.0,0.0,0.0,3.1190762693054914,1.7901737310469525,3.8623691180395383,0.9796401851787202,0.0,5.058591994414619,0.0
DCT2,HK2596,26,DKD,43822.0,3.170508281436353,3.170508281436353,3.842440888997334,0.0,4.9266558978785575,7.404893877356065,0.0,0.0,0.0,0.0,0.0,3.170508281436353,3.170508281436353,3.842440888997334,0.0,0.0,0.0,0.0,0.0,5.963407096621929,0.0,0.0,0.0,0.0,0.0,0.0,0.0,6.999732857344888,0.0,0.0,0.0,0.0,0.0,0.0,3.842440888997334,0.0,5.616171135963781,0.0,0.0,0.0,0.0,0.0,0.0,0.0,0.0,0.0,0.0,0.0,0.0,3.170508281436353,0.0,0.0,0.0,0.0,4.9266558978785575,0.0
DCT2,HK2774,255,HKD,1338796.0,2.136459417223018,5.998573234852457,3.9179658315548633,3.5655594681244653,3.0165360896862508,6.1749007817861346,1.7014040938736952,0.0,2.9003009178358026,1.1758261876692602,2.220977742235056,1.3832294567851944,0.0,4.727750303037713,0.9138395603581575,1.7014040938736952,3.405542983173913,3.1844969214183516,1.554918142451705,5.2967460503045,0.0,1.1758261876692602,0.0,0.9138395603581575,1.1758261876692602,3.5864637654554157,2.136459417223018,7.135574954819798,2.4386146026443685,2.720759492561069,0.9138395603581575,4.547196452984684,5.089686705311643,3.3011152282833187,3.3011152282833187,3.1206565869465996,5.452317780678279,2.7687561218128085,3.5655594681244653,0.5578655644387933,1.8291481388403563,3.1530861162315533,3.2732106946672634,0.0,0.5578655644387933,3.3011152282833187,1.1758261876692602,1.3832294567851944,1.7014040938736952,3.1844969214183516,2.720759492561069,2.9003009178358026,1.9424066334081516,0.9138395603581575,5.816006457399927,2.044132718694353
DCT2,HK2899,111,Control,76351.0,2.6459907665500313,4.977226444773758,3.97761637531631,2.6459907665500313,3.696158304192524,5.571956705028634,0.0,0.0,0.0,0.0,3.3030261759828794,2.6459907665500313,4.529172529189819,5.711222476713707,0.0,0.0,3.3030261759828794,2.6459907665500313,0.0,5.410108673675925,0.0,0.0,2.6459907665500313,2.6459907665500313,0.0,2.6459907665500313,0.0,8.383783712487363,2.6459907665500313,0.0,0.0,2.6459907665500313,5.410108673675925,0.0,0.0,4.882605342962035,6.402713974710336,0.0,5.467018659199661,3.3030261759828794,0.0,3.3030261759828794,0.0,0.0,0.0,3.3030261759828794,0.0,0.0,5.833442961451493,5.349763459964421,4.376818501159922,0.0,0.0,0.0,0.0,0.0
DCT2,HK2844,314,DKD,1166681.0,0.6190335381301403,5.60841243408138,4.138577174280794,3.4612497224161385,2.7990104414949273,5.814970797799415,2.84986882164616,0.6190335381301403,0.0,1.945899618516997,2.3445381845357587,0.6190335381301403,1.6649978022717171,4.9648284390105735,0.998521070777856,0.0,4.659375602627542,2.1649528393142528,0.0,5.602106580575622,0.0,2.4235265063798934,0.6190335381301403,2.1649528393142528,0.0,3.0308119008297165,0.0,7.832058587477283,0.0,0.6190335381301403,0.0,3.942955761865869,4.877363781241531,1.4880675439807163,0.0,3.1103239184247284,5.689864468227286,0.998521070777856,4.3585265249490455,1.2729568301681538,1.945899618516997,2.6287894304067976,0.0,0.0,0.0,3.6109059590516845,0.0,0.0,3.9756562155126614,4.432503894967632,3.0713579716570556,3.1103239184247284,0.6190335381301403,0.0,3.0713579716570556,1.2729568301681538
DCT2,HK2895,509,Control,2605557.0,0.9302647925447823,5.252161237040196,3.3273949896743145,3.6634517566036435,2.3959545277242538,5.741367982970252,2.20383567848855,0.0,1.493837563200895,0.9302647925447823,0.32482979450321475,0.32482979450321475,1.0712326923909523,5.237993986779918,0.5696171459489985,1.7899805968467413,5.906789485349298,2.11530407819385,0.0,4.916175658699841,0.0,1.1947616854499528,2.905303026193921,1.3046953132420913,0.0,2.3959545277242538,1.493837563200895,8.015528190805487,1.4037316371055724,1.9105681189185986,0.0,3.9447022297212433,4.870138345745065,1.9658138276121888,0.32482979450321475,3.6025844740561563,5.898400223289077,1.4037316371055724,1.8520909264524201,0.32482979450321475,1.4037316371055724,1.493837563200895,0.7661119552173201,0.0,0.0,3.843136195574139,0.0,0.0,3.891297448192231,5.507884622398744,3.1467401166141604,3.5488690747819076,0.5696171459489985,1.4037316371055724,3.8181568685137526,0.0
DCT2,HK2868,261,HKD,1108871.0,0.0,4.96624631058215,3.8306157023330676,1.7063995964665177,3.612881557035774,5.37357659481465,1.85800106017811,0.0,1.85800106017811,0.6428103526038099,2.992636550105624,0.6428103526038099,2.8978186803928137,4.7878249917236015,0.0,0.6428103526038099,4.1029738603099295,1.7063995964665177,0.0,4.502915923180656,0.0,1.7063995964665177,0.0,2.4699467960072066,0.0,0.0,0.6428103526038099,8.216157845984617,1.0309172571819845,0.0,0.0,1.9896162669932924,4.522697226210268,1.527636059877787,0.0,3.1198788293997,5.865643583090205,2.3044015977333463,3.0792374834614407,0.0,0.0,0.6428103526038099,0.0,0.0,0.0,3.7057365428045665,0.0,0.0,3.0368741891901747,4.132340721101864,1.309805914316079,1.0309172571819845,0.0,1.7063995964665177,3.7701242077888426,0.0
DCT2,HK2833,284,Control,703871.0,2.6236850563168765,4.623704913241337,4.057483376741645,1.660538667214337,3.5167985463876903,5.632859583167381,1.8995459650016162,1.3458446281928145,0.8840628995667708,0.0,3.224943494483981,1.660538667214337,3.558120130253015,5.765943584707932,3.9264192925305945,0.0,4.236918691833333,2.2538452990019193,0.8840628995667708,5.177102072956895,0.0,4.802058172029211,4.334645262828561,2.968838525918239,0.0,3.5167985463876903,0.8840628995667708,7.959387679548599,0.0,1.3458446281928145,0.0,2.811079820034926,5.411879218525921,0.8840628995667708,1.3458446281928145,4.825126215765348,6.411926581438319,2.2538452990019193,2.392883108058055,3.9264192925305945,1.3458446281928145,0.0,1.8995459650016162,0.0,0.0,4.5054055082132205,0.8840628995667708,0.8840628995667708,3.9264192925305945,4.901915054059275,4.79032148134373,2.392883108058055,1.3458446281928145,2.6236850563168765,2.2538452990019193,1.3458446281928145
DCT2,HK2663,229,Control,988568.0,2.312939086682322,5.111294565717299,3.537522080422125,3.445116209917515,2.9012342926563988,6.109546439588451,3.9030848124079123,1.106292190553059,0.0,2.4954513766858755,3.8398906915031614,2.312939086682322,1.6186467422704705,5.289554178638689,2.7833718145028463,1.106292190553059,4.533162156098295,4.018623156722108,0.0,5.258461749569083,0.0,3.2299162879236594,4.185709225144242,3.9232921869258783,1.106292190553059,2.7833718145028463,1.394930116879477,8.147134402423887,0.6989126293513847,1.955773518806487,0.0,3.8824606635148813,4.747596010304137,2.4083533072925785,0.6989126293513847,3.1890752311716932,5.810555859076063,1.955773518806487,4.315408442423259,2.4083533072925785,1.8013501660780675,2.955334961511171,2.2074513953377877,1.106292190553059,0.0,4.0366453746778586,0.6989126293513847,1.6186467422704705,5.42309286247823,4.575726948683362,3.9625216958977147,3.1464948965236736,1.106292190553059,3.3783993930097997,4.616553707092904,2.649738272250475
DCT2,HK2867,153,Control,675341.0,0.908554257134058,5.193893888750859,3.078706132728962,4.098159567085423,2.553022163905216,5.331858267211509,3.938566330814515,0.0,2.4305502529412033,2.128668180155473,2.662118014260272,0.0,4.877519376643032,5.151932744967488,0.0,0.908554257134058,4.214096098514613,3.078706132728962,0.0,4.7056874610338815,0.0,2.850016541324701,3.1446263711558236,3.5569715728350038,0.908554257134058,2.128668180155473,2.128668180155473,7.870523680952841,0.0,0.908554257134058,0.0,3.5569715728350038,4.854706956287938,1.3766143793465255,2.128668180155473,3.319741521045161,5.42085124309674,0.0,3.468712785440961,2.128668180155473,1.6941834479633,2.662118014260272,1.6941834479633,0.0,0.0,4.146158789762907,1.6941834479633,0.0,5.052909103809997,3.078706132728962,3.319741521045161,3.468712785440961,0.0,2.2909578196112803,2.553022163905216,2.2909578196112803
DCT2,HK2739,789,HKD,2320584.0,0.8297641936259261,5.02838322970223,3.4253661032689084,3.6942218270315657,3.076595339909265,5.974172567711429,1.8873784055513865,0.6215717001655657,0.0,2.1698154843158264,2.2178541129036167,0.0,3.2411374839912943,4.772478558914008,0.0,0.0,4.942992230313558,2.722647032001457,0.0,5.167781672925645,0.3583217929346836,1.148871228072672,1.9506082550704984,2.1193521779318494,0.0,2.307517525911426,0.0,7.0265580679540705,1.0019927308140277,0.0,0.0,3.5928071326263282,4.842850716890452,0.6215717001655657,0.0,3.3969230113700304,5.726709190364089,0.0,2.5017700119428814,0.0,2.389798783641975,3.0962730411228554,2.1193521779318494,0.0,0.0,4.266067644041295,0.0,0.3583217929346836,3.2411374839912943,2.9034547089378133,1.0019927308140277,3.134503569849767,2.8550432296462587,1.148871228072672,3.2904728943680874,0.0
DCT2,HK2891,276,HKD,1818537.0,1.5788236515670828,5.420119269507049,4.034933326099565,3.781723439035656,2.8620167128026335,5.488329894259092,2.892961176513333,0.0,2.388585380171176,0.9744380233406265,2.5295409002720266,0.7418350332907814,3.060865558594004,4.843599516022631,0.9744380233406265,0.43818562432614855,4.482244298274107,3.47642472864688,0.43818562432614855,5.153964068138654,0.0,1.321612601037169,0.0,2.388585380171176,0.0,3.182024615351213,0.43818562432614855,7.869722378227232,0.0,1.321612601037169,0.43818562432614855,3.676110286542794,5.645782151554908,2.0978465653689917,1.9528599947384688,3.7170333434562366,5.618211502199923,1.321612601037169,4.26810527441452,1.321612601037169,2.388585380171176,3.158938784623122,2.282206988229649,0.0,0.43818562432614855,4.743433299126223,0.43818562432614855,1.5788236515670828,3.182024615351213,4.709336630299022,2.980433221016759,2.980433221016759,2.7629864942468005,0.43818562432614855,4.196257394037624,1.1630165238957226
DCT2,HK2770,253,HKD,1033111.0,1.7646881597137756,4.978281371354609,2.964811816259593,4.20201162067974,2.60884497028216,5.831150598132982,3.1468578661576236,0.0,2.1683221879863694,2.2733160849906002,3.335862298914345,1.5834636436095617,2.1683221879863694,5.309918026871927,1.3619634000661047,0.0,6.017236905781913,3.681804687766404,0.0,5.091586410887274,1.3619634000661047,1.7646881597137756,4.916420054215046,3.551863627363094,1.0770141870829062,3.551863627363094,0.0,8.035838693254043,0.0,1.0770141870829062,0.0,3.8999000189742272,5.370251881017217,0.0,1.5834636436095617,4.078841881805431,5.8728774263112165,0.676992493888184,4.398636261364621,2.677680529992018,1.7646881597137756,2.913605508282526,1.0770141870829062,0.676992493888184,0.0,4.44513836669113,0.676992493888184,0.0,4.216393506116924,4.410466083433164,3.579237765976936,3.6318356475508464,1.7646881597137756,1.7646881597137756,2.8596349297058334,2.3683262040723134
DCT2,HK2711,87,HKD,366171.0,0.0,5.990766343997579,3.519619440855567,3.859178959993187,2.6847694603844703,5.508524824336684,2.6847694603844703,0.0,1.8659278784006104,1.316666777906044,2.478541265221782,3.736823246425046,6.339141014135138,4.841224961629257,0.0,1.316666777906044,3.5973818042386645,1.8659278784006104,0.0,5.530415638468748,0.0,0.0,2.8556530315266797,1.8659278784006104,0.0,2.8556530315266797,2.8556530315266797,7.806345102352293,1.8659278784006104,0.0,0.0,3.91516528140685,5.300117785397574,0.0,0.0,1.316666777906044,5.5623787554671305,1.316666777906044,5.000396945387307,0.0,0.0,1.8659278784006104,0.0,0.0,0.0,2.8556530315266797,0.0,0.0,3.6695310482624013,4.112204435686249,3.519619440855567,3.9681826226345223,3.1288511542628825,1.316666777906044,4.018530081637158,0.0
DCT2,HK2713,55,Control,34554.0,0.0,5.316066252486987,0.0,0.0,4.075508591484866,6.862786065787808,0.0,0.0,0.0,0.0,0.0,4.075508591484866,0.0,5.448983451722252,0.0,0.0,3.3992023772006945,0.0,0.0,3.3992023772006945,0.0,3.3992023772006945,0.0,0.0,0.0,4.075508591484866,3.3992023772006945,4.98155690353622,0.0,0.0,0.0,0.0,4.98155690353622,0.0,4.075508591484866,4.4752964227184195,4.98155690353622,0.0,6.257521545587,0.0,0.0,0.0,0.0,0.0,0.0,4.4752964227184195,0.0,0.0,0.0,3.3992023772006945,0.0,0.0,0.0,0.0,0.0,0.0
DCT2,HK2923,30,Control,146722.0,0.0,4.236366336821488,0.0,5.103364275056235,2.0561230765270047,4.132611202894086,0.0,0.0,0.0,2.0561230765270047,0.0,0.0,0.0,4.016831276916372,2.0561230765270047,2.0561230765270047,4.495388089142545,3.7351345707491443,0.0,4.761022657476828,2.6831576666735906,0.0,3.5575756463261903,3.0655769152405807,2.6831576666735906,5.103364275056235,0.0,4.970700544460837,2.0561230765270047,0.0,0.0,3.3415337817654676,7.145750829869065,3.3415337817654676,4.132611202894086,4.330361102811031,3.0655769152405807,0.0,5.389526125080986,2.0561230765270047,0.0,4.132611202894086,3.3415337817654676,0.0,0.0,5.325291833371133,0.0,3.0655769152405807,0.0,5.7510415683338545,2.0561230765270047,2.6831576666735906,2.6831576666735906,2.0561230765270047,3.3415337817654676,2.6831576666735906
DCT2,HK1585,139,Control,505198.0,0.0,4.252483955639672,0.0,5.007006348909029,1.9370518569603683,3.92168712187027,0.0,0.0,0.0,0.0,0.0,0.0,1.6011726206711723,3.92168712187027,1.9370518569603683,0.0,4.359237105527755,3.357311915287381,1.091729298351007,4.864934345612915,0.0,0.0,0.0,0.0,0.0,4.067371298555435,0.0,4.699281521366266,1.091729298351007,0.0,0.0,3.4864802089397626,6.547870215584716,0.0,2.555406396967582,3.7510995206962634,3.92168712187027,1.091729298351007,5.432120380620012,0.0,2.823482353341945,5.17710154914845,0.0,0.0,0.0,5.7165392769879135,0.0,0.0,1.091729298351007,6.123078260500397,1.091729298351007,3.1256037805898,1.6011726206711723,0.0,0.0,2.188036688601673
DCT2,HK1997,115,Control,150882.0,0.0,4.541034158919661,2.0317858095535444,4.789976359188987,0.0,3.707852690787183,0.0,0.0,0.0,0.0,0.0,0.0,2.0317858095535444,3.038939618262363,2.6571351951928466,0.0,2.0317858095535444,3.038939618262363,0.0,4.8436059766248025,0.0,2.0317858095535444,0.0,0.0,3.038939618262363,4.541034158919661,0.0,5.1551401230491285,0.0,0.0,0.0,3.038939618262363,6.628778304238887,0.0,4.302775802534159,3.314578046399268,3.8584929103589736,2.0317858095535444,6.335681969863984,0.0,3.314578046399268,5.228835890861564,3.038939618262363,0.0,0.0,5.558680155536182,0.0,2.0317858095535444,2.6571351951928466,6.275168087979332,3.038939618262363,3.314578046399268,2.0317858095535444,2.0317858095535444,3.038939618262363,2.6571351951928466
DCT2,HK1770,99,HKD,268869.0,0.0,4.218729470557294,2.132812476291573,5.080964422538659,2.132812476291573,4.272021795281505,1.551656959358573,0.0,0.0,1.551656959358573,0.0,0.0,1.551656959358573,3.1491269624442424,2.764879927807046,0.0,4.218729470557294,2.764879927807046,1.551656959358573,4.983963074409481,0.0,0.0,1.551656959358573,1.551656959358573,3.1491269624442424,4.787633964262908,1.551656959358573,5.190317825541061,0.0,0.0,1.551656959358573,3.4260287471574253,6.652360891230785,0.0,3.540192372507339,4.272021795281505,3.97161117801029,1.551656959358573,6.479852196008489,0.0,3.7355749749366765,5.126150584548501,3.540192372507339,0.0,0.0,6.242731122564021,0.0,0.0,2.132812476291573,6.587908431100759,2.497975060367628,2.497975060367628,0.0,0.0,2.764879927807046,3.540192372507339
DCT2,HK1584,39,DKD,44918.0,0.0,4.500377952064915,0.0,3.8182743645919217,0.0,4.721298073657534,0.0,0.0,0.0,0.0,0.0,0.0,3.1468550871390137,0.0,0.0,0.0,4.721298073657534,0.0,0.0,3.8182743645919217,0.0,0.0,0.0,0.0,0.0,3.8182743645919217,0.0,3.1468550871390137,0.0,0.0,0.0,0.0,6.538351797186868,0.0,0.0,4.500377952064915,3.8182743645919217,0.0,6.323587606398219,0.0,3.1468550871390137,4.500377952064915,0.0,0.0,0.0,6.2828403381520115,0.0,0.0,0.0,5.409983508668878,0.0,0.0,0.0,0.0,0.0,3.1468550871390137
DCT2,HK1588,61,Control,290569.0,0.0,3.5671420541007546,0.0,5.716547504943005,1.4909974157746964,3.963150442493134,0.0,0.0,0.0,0.0,0.0,0.0,0.0,3.4649140089839023,0.0,0.0,4.195530533010698,3.963150442493134,1.4909974157746964,4.9320316310939125,0.0,0.0,0.0,0.0,0.0,4.679230951618314,0.0,4.827472109731853,0.0,0.0,2.0647144676972196,3.351032813083051,6.287631105894774,0.0,3.07496573704959,3.7447464296886355,3.5671420541007546,1.4909974157746964,5.9920061736123555,0.0,2.42697470753102,4.9320316310939125,1.4909974157746964,0.0,0.0,5.974658265839728,0.0,0.0,0.0,5.474223016848066,0.0,2.692333567556754,0.0,0.0,0.0,3.6598819848537314
DCT2,HK1597,238,HKD,665962.0,0.0,3.980719455715899,2.5659256054820356,5.657045674027284,2.675133309236178,4.5911033761744555,0.0,0.0,0.0,0.0,0.9169254014874902,0.0,3.092051965768007,3.6119469036870524,2.7735802165760144,1.9468166966721219,2.945440905058456,3.980719455715899,0.9169254014874902,4.809159960394583,0.0,0.0,0.0,0.9169254014874902,0.0,4.706063514319654,0.9169254014874902,4.946257524632285,0.0,0.0,0.0,3.3332243184811112,6.556412947271803,0.0,2.44331267711992,3.923009964387651,2.7735802165760144,0.9169254014874902,6.600246115557153,0.0,2.5659256054820356,5.5284963457661185,4.311842496383858,0.0,0.0,5.467001297595847,0.0,0.0,0.0,5.56939802842027,2.44331267711992,3.6516883453898576,4.159924126616744,0.9169254014874902,0.9169254014874902,3.435010666148101
DCT2,HK1632,290,DKD,823662.0,0.0,3.074521927769445,2.2511477587904203,5.47120959799885,3.1808713021011443,4.040383700842516,0.0,0.0,0.0,0.7948415948631956,0.7948415948631956,0.0,4.082210099793457,3.3217928322286006,0.0,1.2320296514825668,3.8269299130185606,3.9274572833249075,0.0,4.713865047804428,0.0,0.0,0.0,0.0,0.7948415948631956,4.548440551161058,2.2511477587904203,6.287166664024537,0.0,0.7948415948631956,0.0,3.2769898214045283,6.1571209571880114,0.0,1.767528418035199,3.715155644133518,4.724696613139018,0.0,5.698609485155105,0.0,3.58929713268452,5.496422246920631,0.0,0.0,0.7948415948631956,5.486413338684598,0.0,0.0,1.5352036295613338,4.425542637629523,2.114391305295918,2.745287085529029,3.8001356550764442,0.0,0.0,3.4057923385978253
CNT,HK2893,75,Control,309075.0,2.370840007229606,6.0363767820189125,3.163288039856412,4.025402243529971,3.163288039856412,6.346409875927124,3.0161603861865225,0.0,0.0,2.370840007229606,3.902617102906063,2.0110183245277526,5.8021696917896755,5.051790744297654,2.370840007229606,2.6348945770018686,5.455120953049255,3.5997768138424537,0.0,4.68000119547055,0.0,2.6348945770018686,3.0161603861865225,3.6845081083013502,2.370840007229606,3.163288039856412,2.0110183245277526,7.277421111719191,0.0,0.0,2.0110183245277526,3.762617446462081,6.498687839741565,0.0,3.902617102906063,3.0161603861865225,5.222630301232884,1.4434920940211073,6.0049545985456945,1.4434920940211073,2.370840007229606,4.025402243529971,0.0,1.4434920940211073,0.0,5.840521966382942,0.0,0.0,5.5600539413549255,7.101921199593249,3.835065264456434,3.965893014441194,4.68000119547055,3.2915196040882155,4.965360822433808,2.370840007229606
CNT,HK2898,516,Control,1102716.0,0.0,5.1497883090928624,3.9982788043511035,3.3711644096318825,2.997924269383509,5.925920041543646,1.994423086600275,0.0,2.6812117258983656,1.313872965902058,2.3956536627078915,0.6454536149108667,1.994423086600275,4.557161892087477,0.6454536149108667,0.6454536149108667,4.488238824706011,2.3956536627078915,0.6454536149108667,3.5425093381644475,0.0,1.994423086600275,1.5319967194792699,3.0845483037254904,0.0,2.3956536627078915,1.313872965902058,7.935591115517271,1.710957690471647,1.5319967194792699,0.6454536149108667,3.238089998956482,5.185948766354224,1.0345016294296299,0.0,3.8360614189654285,5.677094260948813,1.313872965902058,3.0845483037254904,0.6454536149108667,1.313872965902058,2.548591175431241,0.0,1.0345016294296299,0.6454536149108667,4.062710506807124,0.0,0.0,3.8744518481990196,4.747219319451167,2.3956536627078915,3.164263142700614,0.6454536149108667,0.0,4.2729709829506035,1.0345016294296299
CNT,HK2862,602,DKD,912280.0,0.0,5.134667339717632,4.002075383150315,3.3843910065012195,2.85889945666334,6.377643047694361,0.0,0.0,2.7939933530751753,0.7401045659062371,2.56937811929817,0.0,0.0,4.264845138471142,0.0,2.4816970790801336,5.238792665203407,3.3843910065012195,1.1607445980422966,3.132144864717885,0.7401045659062371,2.9772948296370254,0.0,0.0,1.455928642737543,3.490077416906844,3.4208750538460038,7.228221739436471,1.455928642737543,2.4816970790801336,0.0,4.167857876375272,5.632727804461041,2.56937811929817,3.940087793352663,3.490077416906844,5.5467544917650216,1.455928642737543,3.132144864717885,0.0,0.0,3.8509663505435254,1.6835465109617345,0.0,0.0,3.6155855091647453,0.0,2.0251078584247235,2.0251078584247235,3.7531182005256847,1.1607445980422966,4.002075383150315,1.8688398623076303,0.0,5.722705642266656,0.0
CNT,HK2596,632,DKD,846411.0,3.048552645326987,1.9325781904427775,5.617129277696632,0.0,4.697696855052315,7.72048057313196,0.0,1.5138907274748497,0.0,0.0,3.1030727196313292,0.0,0.0,4.25853168536606,1.5138907274748497,0.7799939765961627,0.0,3.1547734064837467,1.212809124195872,4.883876821547246,0.0,0.0,0.0,0.0,0.0,0.7799939765961627,1.212809124195872,6.546612404414832,0.0,2.453857245047803,0.0,2.719814694462204,3.7735084407914683,0.7799939765961627,4.83814261380064,0.0,5.818700347976468,0.0,2.3467620617876896,0.0,0.0,3.5957706282119073,3.250786873500421,0.7799939765961627,0.0,0.0,1.212809124195872,0.0,0.0,3.3794635372960324,0.0,1.5138907274748497,0.0,0.0,5.169665197392702,0.0
CNT,HK2774,787,HKD,3898529.0,1.4056272867247248,4.9252098151238535,4.491311551424109,3.5439235562822997,3.2828154376625305,6.8980559124052565,2.3746514164148977,0.7060772371051396,3.044881727271416,1.3406631807472347,2.886445302170912,1.1158154765329868,0.0,4.871649340544021,1.5784847858504538,1.4666272742222382,5.236407957336342,3.2233322213889717,1.2711837047000616,3.3298172195440108,0.0,0.5707088979711911,0.0,1.1158154765329868,1.8935868692274318,3.138082276220219,2.300357132501026,7.290757324336279,2.764897112774129,2.3982382338034522,0.4141036952935231,4.645503897294606,5.428258164820463,3.3569931670673543,3.2026913403787214,3.498426195434432,5.509348734069915,2.7320526447255205,3.809307986504115,0.22833565346633553,2.300357132501026,3.434352287968149,3.2923941899266507,0.22833565346633553,0.8252866796804778,3.720174609133774,0.22833565346633553,2.132828643027201,0.8252866796804778,3.720174609133774,2.607776228795915,3.5214336047745607,2.2200970172260286,0.931786857743639,5.9193390161693085,1.8935868692274318
CNT,HK2899,193,Control,115270.0,0.0,5.256746396522959,3.7927082603034314,4.122721255188214,2.2695746044334895,5.924355303075593,0.0,0.0,0.0,0.0,0.0,0.0,4.254225548501318,5.110965568450531,0.0,2.2695746044334895,5.300971514467986,2.9096605402941353,0.0,5.300971514467986,0.0,0.0,3.9712669982539643,0.0,0.0,3.9712669982539643,0.0,7.983864949215804,2.2695746044334895,0.0,0.0,0.0,5.801093065609629,0.0,2.2695746044334895,3.9712669982539643,6.305440813470302,2.2695746044334895,6.556349305833571,2.2695746044334895,0.0,2.2695746044334895,0.0,0.0,0.0,4.254225548501318,0.0,0.0,5.256746396522959,7.314435749565353,0.0,2.2695746044334895,0.0,0.0,2.2695746044334895,0.0
CNT,HK2844,278,DKD,900592.0,1.1696178082111812,5.927454699837372,3.73966968614019,3.7657124231386283,2.8710592953584992,6.496453541086063,2.8710592953584992,0.746868370710154,0.0,1.6940589682664375,3.191216622541599,1.1696178082111812,2.0363101591453328,4.795138420225151,0.0,0.0,5.593229819026287,3.5025812336527706,0.0,5.016626631412864,0.0,2.9320516050223357,1.1696178082111812,3.3589687797081593,0.0,2.989536739046551,1.6940589682664375,7.739475584313082,0.0,0.0,0.0,4.054033150778879,5.2915332537414645,0.746868370710154,1.1696178082111812,2.989536739046551,5.808154013865376,2.2908207455009095,4.804279202231293,0.0,1.1696178082111812,2.8061038978267914,1.4658312906087503,0.0,0.0,3.9311809687078423,0.0,0.0,4.180554095661847,5.023958010730408,3.1444804380494924,3.8400029098275925,1.1696178082111812,1.1696178082111812,4.163430563172753,1.4658312906087503
CNT,HK2895,406,Control,1738680.0,1.4931049257834337,5.592643324677236,3.7058663190834875,3.64765849024521,3.1540518050461532,6.398395861502809,2.965518749010992,0.0,1.9915168294625272,1.909763167324199,1.6146329438745253,0.4543498478569743,2.5259669576398855,5.156435140136703,1.1941030140901452,1.1941030140901452,5.9831865965808415,2.5709412345056712,0.0,4.520413025388535,0.0,2.377463632124238,2.839322350741371,3.1291988160301445,0.0,2.322621361357269,0.4543498478569743,8.000155623172425,1.8207259718608497,1.0026324112727951,0.4543498478569743,3.997996159891144,5.0949274690881925,2.965518749010992,0.4543498478569743,3.6325612842965085,5.724904817874222,1.9915168294625272,3.0231073710027863,0.4543498478569743,1.8207259718608497,1.3547378554081193,2.1373491258738495,0.0,0.0,3.7741627896399783,0.4543498478569743,0.0,4.806938353408794,6.367287299894797,3.6916289089850896,3.8625610026779538,1.4931049257834337,2.65524180601156,4.883816284436768,1.0026324112727951
CNT,HK2868,783,HKD,3358157.0,0.6383462439008522,5.43805606479586,4.295394088285969,1.9395539477169996,3.501359334938333,6.341032967230559,1.8957989093358145,0.0,1.5833343604343963,1.126382013670451,2.784202373519946,0.784417182192205,0.2606569499907164,4.716488343917281,0.0,0.0,5.16764176366606,1.2185438526331787,0.0,3.6665353038768673,0.0,2.168178117713812,0.0,1.9395539477169996,0.0,1.0248560578097483,0.784417182192205,7.814106309416308,0.4672277610888085,0.0,0.0,3.2923889836161275,4.516621391193681,1.6426702284193169,0.6383462439008522,3.519160025728291,5.75402617986271,2.837922753788045,2.51087735766337,0.784417182192205,0.2606569499907164,0.4672277610888085,1.452925901182411,0.6383462439008522,0.0,3.788237018475721,0.2606569499907164,0.0,3.1996851929588934,4.850899123841445,2.0603854790671545,2.021708141843937,0.2606569499907164,1.9814744715824613,4.656089840047903,0.0
CNT,HK2833,338,Control,682408.0,3.068777601975985,5.60616528997409,3.4586288000582783,2.5434264690974233,3.9567853537677404,6.344890137823783,3.2546978065742254,0.9023536600507525,2.2816059611774704,0.9023536600507525,4.28777846620388,0.9023536600507525,4.135914404254763,5.45531445215373,4.135914404254763,0.0,5.600765195867508,2.2816059611774704,0.0,4.8327750898636905,0.0,5.097786759930159,4.28777846620388,4.267445292339643,0.9023536600507525,3.7384115326992524,0.9023536600507525,7.10677986610646,0.0,0.9023536600507525,1.3688424581132117,4.037512482586365,5.9830737669819065,3.068777601975985,1.3688424581132117,4.695372121939747,6.204233392004387,3.50371720560708,3.5468600535789587,4.654372921396377,2.5434264690974233,1.3688424581132117,2.1195026461002673,0.0,0.0,4.668226934058591,0.0,0.0,5.088792470640907,6.088182144335195,5.231673552716741,3.5882183227032987,0.0,3.702924680729304,3.7726821066275824,2.750725835826676
CNT,HK2663,430,Control,1732492.0,2.6172842452166294,5.373979444993875,4.418393043010622,3.205398733170487,2.6585570102875127,6.774093259701021,4.001496211419142,1.4958703565156648,0.0,2.2677916234144435,3.764354129634407,1.6174899471138378,0.45565317887576184,5.021575539388088,2.4327057827111696,0.0,5.606851236215734,3.666005171232588,0.0,4.3387749299519,0.45565317887576184,3.5062593001391313,4.157556476182948,4.001496211419142,1.9945963169964116,2.875759631781937,1.196589505730627,8.101941633044305,1.357384522970394,1.8237149412501708,0.0,3.651131136274287,5.087841395675738,2.20616729345067,0.0,3.556918008686262,5.7689251666857935,2.20616729345067,4.504979645028269,2.6981936390609897,1.6174899471138378,2.574234432232168,2.4327057827111696,1.196589505730627,0.0,3.471002481708128,0.0,1.6174899471138378,5.443733267983827,5.069870329357504,3.841580286790385,3.2511392934763337,1.0048910791948122,3.396525221595526,5.638153839955401,3.0809607455659647
CNT,HK2867,80,Control,236005.0,2.618241832052759,5.695763359025924,2.618241832052759,4.290902797584336,2.618241832052759,5.751151562809101,4.499600377910913,0.0,3.0994610907149016,2.618241832052759,4.099676606610417,0.0,4.97718015580473,5.340527452540033,2.248593079166588,0.0,4.672174032378478,4.231133594674508,0.0,4.63174162512767,2.618241832052759,3.769813694509761,4.916986283308624,4.852935720535984,0.0,3.552417683996458,1.6557866920750386,7.666946710099214,0.0,2.618241832052759,0.0,4.499600377910913,5.957351898577506,1.6557866920750386,2.887522895837571,3.769813694509761,5.574835978532345,2.887522895837571,4.231133594674508,2.887522895837571,0.0,3.2742420407315103,1.6557866920750386,0.0,0.0,4.63174162512767,0.0,0.0,5.816333091843341,5.277661111313136,4.499600377910913,3.9482851226591236,1.6557866920750386,3.4229715462625854,2.618241832052759,4.099676606610417
CNT,HK2739,1076,HKD,3094332.0,1.4426074139675402,5.058885753676058,4.143911144584322,3.746345104808235,3.641911677971117,6.536694057438807,2.586298153595082,0.0,0.0,0.8297241045147021,3.5441380026965157,0.0,1.9657490541868579,4.725770127089256,0.0,0.0,6.52444185693134,2.982847045062667,0.0,3.907992909484376,0.8297241045147021,1.6488951094625282,2.6567591972611106,2.274764797520847,0.0,2.1697525038645527,0.0,6.864079790866623,0.49855649829442894,0.0,0.0,4.080429444585039,5.28240110141198,0.2800315273810443,0.0,3.833932026258284,5.701404049013701,0.0,3.39324134871069,0.0,1.9194323279488783,3.1621787752754287,1.4426074139675402,0.0,0.0,4.143911144584322,0.0,1.0780793114694451,3.7910971927731842,4.102040888006315,1.709174895720235,3.958606411205568,3.3258715279826263,1.1824020273490043,3.723194910387088,0.0
CNT,HK2558,699,HKD,5856462.0,0.15764589826645767,5.56079743458278,3.4190379288985104,3.1513869869656546,3.8702980604475536,7.044680978436146,0.0,0.2937907108872716,1.594788287018432,2.0795432617457474,2.161461527076943,1.1693099998289025,3.9749973572684563,4.758739012368852,1.4850148833824104,2.389092116319311,5.598176376724344,2.940690562366758,1.3169509545354336,4.21097664452846,0.0,0.0,0.0,0.15764589826645767,0.520581613702856,2.8159560645287645,1.522960795399753,7.881814276537722,0.9960314474085578,0.6172148117486053,0.15764589826645767,4.881252935696119,4.882547674833933,0.7863008973274919,2.2000343084292044,2.0579704596227453,6.140788719584349,2.5873212336258558,3.784857414275259,0.15764589826645767,1.7545842151832645,2.389092116319311,1.1148197925303878,1.693694582989398,0.0,4.493672052325431,0.15764589826645767,1.220983828728046,2.6495640702203014,2.931628955782118,3.255390078749715,4.006560008983298,2.6615608844996865,1.693694582989398,5.778296655671167,2.1213409852479654
CNT,HK2891,549,HKD,3519211.0,1.6050612334897214,5.530193350554602,4.367653342861236,3.4378631600327436,3.23621643353403,6.140867162778737,2.7218038568009635,0.2501006043272018,2.559897639869558,1.1857793465810165,2.5816285503016374,0.7592243954865953,1.9412201159783877,4.632078365890896,0.995075150459553,0.44999809853236905,5.338252750410594,3.4825057738220377,0.2501006043272018,4.216213039592849,0.0,1.2690275277589556,1.0949663877390465,3.23621643353403,0.44999809853236905,3.2136215067928915,0.0,7.685337112798244,0.6165165395881708,1.713162343328189,0.44999809853236905,3.620916115444407,5.915353014425686,2.1923604161926145,2.602897254623319,3.7357215946087723,5.500460538439134,2.2235942056347864,4.961397053290345,0.8840869141613785,2.392920287096228,3.4006562143677312,2.392920287096228,0.2501006043272018,0.2501006043272018,4.797420592535754,1.0949663877390465,3.2249827851453032,3.582157345491932,5.806965882682572,2.6837179504799606,2.6837179504799606,3.269179492683137,0.995075150459553,4.6485387753586656,1.810709254294809
CNT,HK2770,276,HKD,1066776.0,1.3382095320707958,5.672146664849361,4.095284898537493,3.9255788593211745,2.934424496252001,6.513313210959097,2.7724926337220275,0.0,1.3382095320707958,2.425814875011243,3.433888016184059,0.0,1.8907633487034796,5.094797979823751,0.0,0.0,6.0447549469818,3.743504285088509,1.3382095320707958,4.468676241119713,1.055985831040469,2.244599480696082,4.12602497223565,3.403179462676343,0.0,2.983056186459847,0.6613488893246112,8.08411309786747,0.0,0.6613488893246112,0.0,3.6006313712208935,4.898670470415825,0.0,0.0,3.6746172445999488,5.921978754220801,0.0,3.029432113060553,1.738186311345463,1.055985831040469,3.1960205373629558,2.244599480696082,0.0,0.6613488893246112,3.943905542004147,1.055985831040469,0.6613488893246112,4.54119670725078,5.333823793839821,3.338779758872688,3.4926131136165566,1.8907633487034796,1.5580637020138621,4.589955094039405,1.738186311345463
CNT,HK2711,458,HKD,1743929.0,1.818200237210665,5.9219756009467615,4.085785028087151,3.9950371543821914,3.4998776046858024,6.028297026947512,3.2885437726905664,0.0,1.818200237210665,2.611186263102491,2.9626599060075454,3.126316486227348,6.229157643727758,4.601441929178359,0.0,1.9889143876941147,4.952210460511963,3.390166497605092,2.7301668806642985,4.960283356061821,0.7639949811114212,1.1920028572963965,3.0202398228885605,1.9889143876941147,0.45325022124441816,2.9626599060075454,1.7205038107567925,7.519051255859017,1.0007250816613436,0.0,0.7639949811114212,4.566297970787932,5.9033630233228696,2.261895131160918,2.69205821867315,1.7205038107567925,5.661949274303128,1.3525020791186069,5.808169304223346,0.45325022124441816,1.6122190173387594,2.064456585689088,1.4907685678949183,0.0,0.0,4.309422117321683,1.0007250816613436,0.0,4.270122454467873,6.068912079965367,2.869551930217275,3.702926110005351,3.8952246710569765,1.90719581256466,5.119735848389519,0.0
CNT,HK2896,22,Control,156323.0,2.624235355766492,3.9546243541440504,2.624235355766492,4.998098774457583,2.624235355766492,4.353680345411642,2.624235355766492,0.0,0.0,3.0052386419565047,3.280461688647123,0.0,0.0,3.4960546280459597,4.07027557835137,0.0,4.173927366666053,4.859348935164479,4.267837321845437,3.4960546280459597,2.0010760424562597,3.0052386419565047,6.85409885229489,3.9546243541440504,4.173927366666053,5.119921858075371,0.0,4.6981976931794245,3.9546243541440504,0.0,0.0,4.07027557835137,6.4823351179854125,0.0,3.0052386419565047,3.9546243541440504,3.4960546280459597,3.0052386419565047,6.76226295615128,2.624235355766492,3.0052386419565047,4.859348935164479,4.07027557835137,0.0,0.0,5.44368274287617,0.0,3.4960546280459597,4.859348935164479,7.393780422061459,3.0052386419565047,4.173927366666053,5.357064336977911,2.0010760424562597,4.267837321845437,3.280461688647123
CNT,HK2713,87,Control,47771.0,0.0,4.994047914778084,3.0880015687303755,0.0,0.0,7.290513970307277,0.0,0.0,0.0,0.0,0.0,0.0,0.0,4.994047914778084,0.0,0.0,0.0,0.0,0.0,0.0,0.0,0.0,0.0,0.0,0.0,0.0,3.0880015687303755,5.609953832741247,0.0,0.0,0.0,3.0880015687303755,6.134548026506713,0.0,0.0,3.758088402678103,5.683800253666059,3.758088402678103,6.626181549187799,0.0,0.0,0.0,0.0,0.0,0.0,3.758088402678103,0.0,0.0,3.0880015687303755,5.34868733702005,0.0,0.0,0.0,0.0,4.155747021927324,0.0
CNT,HK2923,34,Control,178063.0,0.0,4.5092740474906,2.50405380843741,5.286040536825708,0.0,5.286040536825708,0.0,0.0,0.0,2.50405380843741,0.0,1.8894894229998918,1.8894894229998918,3.9424340389148025,2.50405380843741,0.0,5.22750676324206,3.8270731842329333,0.0,4.868824129728394,0.0,0.0,4.569251021544114,1.8894894229998918,3.155465600730992,5.3678789423675095,0.0,5.165332597269183,0.0,0.0,0.0,4.139571055627622,7.14694043715606,0.0,3.370048906840266,4.7785837405141365,3.696647428230099,1.8894894229998918,7.449784696665088,1.8894894229998918,3.8270731842329333,4.91106359317613,4.225254077161407,0.0,0.0,5.6992638204091985,0.0,4.44546902044275,1.8894894229998918,7.65034964711607,0.0,3.5466226506444514,4.139571055627622,0.0,3.9424340389148025,3.8270731842329333
CNT,HK1650,28,HKD,45026.0,0.0,0.0,0.0,3.144556943773393,0.0,4.2140246179966105,0.0,0.0,0.0,0.0,0.0,0.0,0.0,0.0,3.815925681633729,0.0,3.144556943773393,4.2140246179966105,0.0,0.0,3.144556943773393,0.0,0.0,0.0,0.0,4.89975096341613,3.144556943773393,4.498003156461657,0.0,0.0,0.0,3.144556943773393,7.1266705816692335,0.0,4.89975096341613,4.2140246179966105,3.815925681633729,0.0,6.09849622145855,0.0,3.815925681633729,4.89975096341613,4.2140246179966105,0.0,0.0,5.302730171642789,0.0,0.0,0.0,6.628199120913103,0.0,3.815925681633729,3.144556943773393,0.0,3.144556943773393,3.815925681633729
CNT,HK1585,112,Control,393921.0,0.0,4.20473861588842,1.263725536686133,4.378219172848196,2.6168774761101865,4.85147545012613,0.0,0.0,0.0,1.263725536686133,0.0,0.0,0.0,3.598410862075363,1.8045375048294745,0.0,4.20473861588842,3.3646848649631647,0.0,4.3123927816603125,0.0,0.0,1.8045375048294745,1.263725536686133,0.0,3.8436251269952737,0.0,4.871124794387116,0.0,0.0,0.0,3.3646848649631647,6.793512773632184,0.0,1.8045375048294745,4.345847518713581,3.598410862075363,1.8045375048294745,5.653614749769881,0.0,2.411826892141191,4.9815432891965035,1.263725536686133,0.0,0.0,6.336055125772519,0.0,0.0,1.263725536686133,6.779181524860836,2.6168774761101865,3.8436251269952737,1.8045375048294745,0.0,2.1535907875738265,3.272826013421349
CNT,HK1997,79,Control,103854.0,0.0,3.6766957444967487,2.363576905042589,4.2254066659866965,3.3974137774420874,4.911217305678526,2.363576905042589,0.0,0.0,0.0,0.0,0.0,0.0,3.0085401131425917,0.0,2.363576905042589,3.6766957444967487,2.363576905042589,2.363576905042589,2.363576905042589,0.0,2.363576905042589,0.0,0.0,2.363576905042589,4.357108963299247,0.0,4.473467052658349,0.0,0.0,0.0,3.3974137774420874,6.409551057646341,2.363576905042589,0.0,4.758293126594905,3.6766957444967487,0.0,7.430148461639244,0.0,2.363576905042589,5.160894056092409,3.3974137774420874,0.0,0.0,5.56444514410616,0.0,0.0,2.363576905042589,7.308864130668443,2.363576905042589,3.6766957444967487,2.363576905042589,2.363576905042589,3.3974137774420874,3.3974137774420874
CNT,HK1770,105,HKD,270078.0,0.0,3.9672093703016538,2.1288586649516916,4.614834529954669,3.144833267574072,4.927235279140272,1.5481227887226017,0.0,0.0,0.0,0.0,0.0,1.5481227887226017,3.53583626659708,3.29281149332649,2.4938583106509213,4.456212802079124,3.7311957218722496,0.0,3.8945561990621953,0.0,2.4938583106509213,2.1288586649516916,0.0,2.4938583106509213,4.843317084742347,0.0,4.927235279140272,2.76067656686785,0.0,0.0,3.4216884134871295,6.889792942072342,1.5481227887226017,2.1288586649516916,4.979507327652224,4.267598002975921,0.0,7.497863017126632,0.0,3.7311957218722496,5.185856338396833,3.9672093703016538,0.0,2.4938583106509213,6.098784336678332,0.0,3.4216884134871295,2.1288586649516916,7.347559762652112,2.1288586649516916,3.144833267574072,2.1288586649516916,0.0,3.53583626659708,3.638279091663568
CNT,HK1597,202,HKD,607541.0,0.0,3.616619139521129,2.9499905894375384,5.257149562257426,2.8599007796094247,5.068992418686645,0.9730412985804415,0.0,0.0,0.9730412985804415,1.4567432479754412,0.0,2.6509742958398554,3.179873518552684,3.421902544994931,2.026029925390074,3.616619139521129,4.125540205130145,1.4567432479754412,4.25036687272152,0.9730412985804415,0.0,0.0,0.9730412985804415,0.9730412985804415,4.862803252641727,0.0,4.993775095718639,0.9730412985804415,0.0,0.0,3.9828791969737756,6.9111509910355755,0.9730412985804415,3.571377990464981,4.382114299811547,3.3081924856511518,1.4567432479754412,6.7494830304037885,0.0,2.760883927279933,5.601899717621139,4.516654437888919,0.0,0.0,5.571053549605753,0.0,2.2224479153545253,0.0,5.748552171303327,0.9730412985804415,3.7013885570113603,4.682026259944428,0.0,3.474249853471919,3.659901811222613
CNT,HK1632,194,DKD,474276.0,0.0,3.943588455038115,3.6623451262387605,5.283652123711099,3.8128216019458976,4.626999113747783,0.0,0.0,0.0,1.1341328700934927,1.1341328700934927,1.1341328700934927,1.6519136762386557,3.186073508538586,0.0,1.991351960250497,4.022139392824578,4.05921599697848,0.0,4.4710392278895545,0.0,0.0,1.1341328700934927,0.0,0.0,4.725166564104267,0.0,6.1507773297037796,0.0,0.0,0.0,3.5477659823155543,6.382447861356846,1.1341328700934927,1.6519136762386557,4.256743111527073,4.864584659152109,1.1341328700934927,6.173003007734737,0.0,3.3467482344879693,5.4044329420654025,0.0,0.0,0.0,6.041651133924633,0.0,3.269634452145665,1.1341328700934927,5.335761204974499,1.6519136762386557,3.0948881947387923,3.7150602634636614,0.0,2.244310399192663,3.418338853201381
PC,HK2893,409,Control,2567707.0,1.3153802910846892,5.6159894541769,2.1281838669519706,4.8846600758868695,3.0564289781457106,6.038519927576241,2.4092636712638074,0.0,1.08087683261029,1.5052040538582474,2.91914082388868,1.414789558882501,4.343068063099908,4.1168419688605855,1.5881173047602462,2.5091213849412513,5.149580180167617,3.657824602365017,2.443669503303707,4.002675990307989,0.32890980976674933,1.7357939469025414,0.32890980976674933,2.443669503303707,0.9391514781786392,3.88983182835808,1.9784106062663587,6.199472326415554,1.7357939469025414,0.5759980456951431,0.7739700167760922,3.8656503047558406,6.867974927699861,0.32890980976674933,3.6168216873604613,2.8313029280444395,4.506168112791393,1.9230491043920412,6.904189608702859,0.9391514781786392,2.298316827136159,4.5523816786216935,1.5052040538582474,0.7739700167760922,0.32890980976674933,6.289407454207535,0.32890980976674933,2.68313154223942,4.572701988457105,7.776396851040892,3.2400700206582673,3.88983182835808,4.893456040091776,2.216864144786661,4.5358227956148225,2.999882360493762
PC,HK2898,141,Control,274633.0,0.0,5.795176119868371,3.4055141878954145,3.4055141878954145,3.128834615320665,6.343934545459836,1.534977912107318,0.0,3.276712983118652,0.0,2.478525419808173,0.0,0.0,5.059886238448258,0.0,1.534977912107318,4.702629785221605,3.5196026570464527,0.0,4.141558742923952,0.0,2.1141383387773076,2.7450178688193314,2.478525419808173,0.0,3.128834615320665,0.0,7.289454640102538,1.534977912107318,1.534977912107318,0.0,3.8781745388637807,5.726400524388749,0.0,1.534977912107318,3.621997660051817,5.391230953357818,2.7450178688193314,3.4055141878954145,0.0,1.534977912107318,2.478525419808173,0.0,0.0,0.0,3.7998543931355897,0.0,0.0,3.621997660051817,6.004320934830199,2.1141383387773076,3.4055141878954145,0.0,2.1141383387773076,4.018513096651416,1.534977912107318
PC,HK2862,45,DKD,73434.0,0.0,6.139886254433592,4.015854613708132,2.682231090664067,0.0,6.276811034082893,0.0,0.0,3.34057440531286,0.0,0.0,0.0,0.0,4.567714311627075,0.0,0.0,5.015917141738688,4.015854613708132,0.0,3.34057440531286,0.0,0.0,0.0,0.0,0.0,4.415292413572312,2.682231090664067,6.943067345975979,0.0,3.34057440531286,0.0,4.816719038630792,5.181950467577308,0.0,2.682231090664067,3.734163738598538,5.505811360641184,0.0,3.734163738598538,0.0,0.0,3.34057440531286,0.0,0.0,0.0,4.415292413572312,0.0,0.0,0.0,4.415292413572312,0.0,3.734163738598538,0.0,0.0,4.816719038630792,0.0
PC,HK2774,25,HKD,131001.0,0.0,5.673577948042003,4.442284420572608,3.4510700727090704,2.7891421446019615,6.608610915359234,0.0,0.0,2.155653403529225,0.0,0.0,0.0,0.0,4.930173557820161,0.0,0.0,5.885481302058249,2.7891421446019615,2.7891421446019615,2.155653403529225,0.0,0.0,0.0,2.155653403529225,2.155653403529225,2.155653403529225,2.7891421446019615,7.180806142860942,0.0,0.0,0.0,4.607526245254862,5.173724074658524,2.155653403529225,4.128234362434131,0.0,5.404353255802728,2.7891421446019615,6.311034246362404,0.0,2.7891421446019615,3.6678510890759264,2.7891421446019615,0.0,2.7891421446019615,3.17390308395333,0.0,2.7891421446019615,0.0,6.11230566071273,0.0,2.7891421446019615,2.155653403529225,0.0,5.404353255802728,2.155653403529225
PC,HK2899,78,Control,53071.0,0.0,6.23392516862983,2.9878352965619044,4.052272608578646,0.0,6.464044858706672,0.0,0.0,0.0,0.0,2.9878352965619044,0.0,0.0,4.052272608578646,0.0,0.0,5.934506948388356,0.0,2.9878352965619044,4.335599504663083,2.9878352965619044,0.0,0.0,0.0,0.0,2.9878352965619044,0.0,6.888388433563469,0.0,0.0,0.0,0.0,6.434239121081737,0.0,0.0,0.0,6.270222748324189,0.0,6.849208501802588,0.0,0.0,0.0,4.736690385843921,0.0,0.0,3.6554613602574517,0.0,2.9878352965619044,5.2440027992490945,8.219597727678869,0.0,4.052272608578646,0.0,0.0,3.6554613602574517,0.0
PC,HK2844,579,DKD,2573493.0,0.0,6.45264875874439,3.0724422228974926,3.855254840496585,2.626336661794054,6.605698598611612,1.2034111140911956,0.32827942873623217,0.0,0.7727578468275624,2.126201265091336,0.0,0.5750131254807573,4.18210769486369,0.32827942873623217,1.3137340135699267,5.627820189229243,2.597823170118657,0.0,4.082382281196274,0.0,2.3715907926183126,0.937781230196346,1.5863267477741407,0.0,2.7821986566011,2.171512221738687,6.6668618658974275,0.0,0.0,0.0,4.239736121898321,5.532590150741732,0.937781230196346,0.32827942873623217,1.733940210588496,5.534126075959607,2.568472736739325,4.188022299793578,0.0,1.9211275671449437,2.917011616304044,0.5750131254807573,0.0,0.0,3.941873035732031,0.32827942873623217,0.0,3.0542841686027766,5.723692570713891,2.3715907926183126,3.6656246138048028,2.851875234913361,0.5750131254807573,4.546040608304584,1.5863267477741407
PC,HK2895,348,Control,1330699.0,1.834242998140535,6.1573622505491725,2.774442934608643,3.69080776351271,3.52828011700226,6.669249999502594,3.69080776351271,0.0,3.0582416189459423,2.1418113996698476,1.5597062885167114,1.387778005961264,2.22638763848385,5.166752388228466,0.560463854503511,2.0494155797484948,6.305050833838306,3.022306207819604,0.0,4.049370835290488,0.0,3.0582416189459423,1.1800245927732498,2.985031152737,0.0,2.0494155797484948,1.387778005961264,7.764466569049074,0.0,1.387778005961264,0.560463854503511,4.049370835290488,5.419179829453514,3.022306207819604,0.0,3.830576148848399,5.801821665164276,2.9463126912860136,1.7063665047968097,0.0,0.9174778237911636,0.9174778237911636,1.5597062885167114,0.560463854503511,0.560463854503511,4.022819674619037,0.9174778237911636,0.0,4.9889896463867425,6.8581744161499705,3.612842216938502,3.7804241561525647,1.7063665047968097,3.1903128442061677,4.727133159316342,1.94760556358397
PC,HK2868,550,HKD,2439781.0,0.3434995253894381,6.012280426141469,3.7756711074315805,2.0226020605235653,3.2581828440613183,6.59719060683899,2.0226020605235653,0.0,1.5451885612331624,1.1149331317492874,2.3444058487656925,0.8018305215259514,0.0,4.423461763450208,0.0,0.0,5.452744755994831,1.5451885612331624,0.0,3.0866471499874915,0.0,1.7063107591407776,0.0,1.7780786859660762,0.0,0.0,1.1149331317492874,7.358043112983216,0.5986967697247149,0.5986967697247149,0.0,3.3485516353666682,4.992638374302005,1.2410480792253056,0.0,2.967552857142701,5.764097907785179,2.856177872327657,2.988413116439084,0.5986967697247149,0.3434995253894381,0.3434995253894381,1.1149331317492874,0.3434995253894381,0.0,3.7470813361133777,0.0,0.0,3.0866471499874915,6.105175487462959,2.1255747698137815,1.9668455798839302,0.0,1.1149331317492874,4.539364353941354,0.0
PC,HK2833,645,Control,2069317.0,2.571182271284589,6.44141469762531,2.7090021394030233,0.89598749338398,4.085529148341255,6.714728757387064,1.0760274770069889,0.0,1.3608502431111649,0.39423646013729186,2.8301079874869752,0.89598749338398,2.858223958192368,4.818229576218938,2.9381188263301934,0.0,5.679775762875936,0.0,0.0,3.1660153299731433,0.0,3.8686011757054817,1.2285452687266378,2.04969307615009,0.0,1.985442088639465,0.0,6.491741886874276,0.0,0.6762565709640479,0.6762565709640479,2.7090021394030233,6.381900210781997,0.6762565709640479,0.0,4.498900675190813,6.120860255654395,3.9178385855974494,2.04969307615009,3.4327469742382997,1.676958445393058,0.0,1.2285452687266378,1.0760274770069889,0.0,3.507891993392675,1.4776783569538425,0.0,3.507891993392675,7.381124554859678,3.8273876770246344,3.0355922398941257,0.0,2.7713872724800375,3.848206730399488,0.39423646013729186
PC,HK2663,191,Control,700349.0,2.096703897791919,6.14215428057544,3.713085779725986,3.562993869844367,1.9038132580339726,6.955639224405539,4.012025114838529,0.0,0.0,2.6283383609991384,3.812504187041954,2.258336111348146,0.0,5.035529321395516,2.9735978037177664,0.0,5.6579894914701825,3.6408531332374263,0.0,4.110383590258886,0.0,3.6026810683311075,4.1999281346359325,4.156157805950908,2.096703897791919,3.2297608536551206,1.9038132580339726,7.608018058230937,0.0,1.349557520671885,0.0,3.336812848078662,5.330841542276792,2.5195396365540845,0.0,3.713085779725986,5.8562108934394175,3.044047731755065,4.358046586419124,2.258336111348146,1.349557520671885,2.3974421492634312,1.6646036362818442,0.8870100208654643,0.0,3.4785567955741112,0.0,1.349557520671885,5.429475737321706,6.031903570063254,3.902926241294724,3.336812848078662,1.9038132580339726,3.2297608536551206,4.968325762213933,2.6283383609991384
PC,HK2867,29,Control,68503.0,0.0,6.652461327467336,2.747136342499953,4.084152857579319,2.747136342499953,6.809116401255872,5.324816207929812,2.747136342499953,3.8020675595754456,4.084152857579319,3.8020675595754456,2.747136342499953,5.7286569154598554,5.861781795311404,2.747136342499953,0.0,5.457738759515643,4.483989690972778,0.0,4.303923246783754,0.0,4.885684939943266,4.9902897753477795,5.251082723020894,0.0,3.8020675595754456,0.0,7.26654398373333,0.0,2.747136342499953,0.0,4.636526456795573,5.575047995731227,3.4077028962971205,4.483989690972778,2.747136342499953,5.680029310140159,2.747136342499953,0.0,2.747136342499953,3.8020675595754456,2.747136342499953,0.0,0.0,0.0,4.636526456795573,0.0,0.0,6.2662977304729415,6.050532955909291,5.457738759515643,4.885684939943266,0.0,3.8020675595754456,4.084152857579319,4.303923246783754
PC,HK2739,144,HKD,440650.0,1.184598770067948,5.659277397548905,2.6821338361364893,4.015752099130882,4.2018807418577575,6.518075455029636,1.184598770067948,0.0,0.0,1.184598770067948,3.256677171955846,0.0,0.0,4.267606011084017,0.0,0.0,6.9837464276485735,2.5134029084606375,0.0,3.837029934657739,1.184598770067948,1.7117687667077681,1.184598770067948,2.6821338361364893,0.0,1.184598770067948,0.0,6.625965717359425,1.184598770067948,0.0,0.0,3.837029934657739,5.627130792222228,0.0,0.0,2.6821338361364893,5.627130792222228,0.0,3.4177880664572524,0.0,2.5134029084606375,3.0645292031556193,0.0,0.0,0.0,3.9739760641362265,0.0,0.0,3.0645292031556193,5.088371404507552,1.7117687667077681,3.9303784158033603,2.9525636892969,0.0,3.165211210489252,0.0
PC,HK2558,700,HKD,5565021.0,0.30703436487300984,5.785445644844144,2.4816784710596456,3.1002667450476586,3.5593921540602134,6.923894540549925,0.0,0.30703436487300984,1.4432626932221357,1.4432626932221357,1.635682169036274,0.4311858253066628,3.8501821405638332,4.348597590162348,1.826341458642741,2.2828922781217766,5.523119747736264,3.0333325656392596,1.5247242916618877,4.157207374354457,0.0,0.16525494822576614,0.0,0.0,0.30703436487300984,2.822155848067333,1.5247242916618877,7.581535882993212,0.6410478804559708,0.0,0.16525494822576614,4.958773789506467,5.049189702868331,0.30703436487300984,1.766737978556981,2.1664027809590785,6.269175894778428,2.5541056627703735,4.790127520855545,0.0,1.9614446615278691,2.3872167568983245,0.5416120400889555,1.600046855571724,0.0,4.258745533513116,0.16525494822576614,0.7314843532000658,2.5541056627703735,4.546068629435891,3.2075959270288203,3.9131507423941843,2.0804485104990866,1.5247242916618877,5.1447550030223415,1.8825913147371602
PC,HK2891,438,HKD,3324920.0,1.225559993658496,5.7535032413290335,3.6988160273762714,4.166047567631857,3.279576673830982,6.300368242810549,2.363143050214968,0.0,2.3344260073205447,0.9178078125427338,1.6507003137926968,0.0,2.1063534926684584,4.1566721292171325,0.789836619673793,1.8104021057187762,5.596857367499719,3.597026622237124,1.4605550642749838,3.976538142271037,0.0,1.0312447727366154,0.789836619673793,2.3048598517937493,0.26294802943495094,4.015254456191625,0.6430517726442592,6.763865529207598,0.9178078125427338,0.47095207434046543,0.0,4.220526052219464,6.8878297594941875,1.9480767032631783,3.4836896154393613,3.0080848367630906,5.060665954821032,2.391058393445944,6.280856243601182,0.47095207434046543,2.363143050214968,4.405550298533836,2.7170547681894366,0.47095207434046543,0.26294802943495094,5.716581647402306,0.26294802943495094,2.6124113779410294,2.8117778262671727,7.098169739080386,2.6124113779410294,3.312978083020636,4.643040157252183,0.47095207434046543,4.595599248526743,2.274392836122211
PC,HK2770,186,HKD,722133.0,2.2309514614128907,6.0867231517284575,4.381186634012503,3.717437933653848,3.4488854180162316,6.705197411473514,2.8688891790607167,0.0,2.2309514614128907,3.2552523533938773,3.1422791178179748,0.0,1.3269617106947997,5.119037429817253,0.0,0.0,6.65477142275017,3.8437003338884925,0.0,3.9819572952286864,1.3269617106947997,1.6398428375859295,4.080263069708441,3.750529285990492,0.8691095853230388,3.3567483026360256,0.0,7.497757249184349,0.0,0.8691095853230388,0.0,3.8437003338884925,5.0051010156118245,0.0,0.0,4.007454485169145,5.685532720678052,0.0,2.9445560232140533,2.599950985370053,0.8691095853230388,2.369636567738616,0.0,0.0,0.0,3.5728977740292187,0.0,0.0,4.495649176089584,6.1328536527376425,3.3567483026360256,3.200360256920919,1.3269617106947997,1.6398428375859295,4.555617262720807,1.6398428375859295
PC,HK2711,1396,HKD,4951392.0,2.2059129790109804,5.698066622868135,4.127020653634673,3.956971619241485,3.667938821798629,6.130484689082812,2.8185860485200473,0.0,2.2911590565838935,2.406780263479793,2.350639763012351,2.1368428655535516,4.533623847921259,3.727971430612223,0.0,1.2879989115049637,4.863284873362962,3.2362273055732165,3.1094234463227846,4.3082820933190655,0.698043691713873,1.442536338905835,2.994959990491497,1.8953647567141032,0.793797822301607,2.8996006863717434,2.2911590565838935,7.198325604239603,1.2306812051791884,0.0,0.793797822301607,4.8071310224620065,6.009673689337564,1.8645469987805066,3.170603858225804,1.730798252411911,5.709511080519144,0.9615345235472699,6.0608938163700214,0.0,1.7659495365955193,1.5337098390928767,0.9615345235472699,0.4736782585095447,0.0,4.486995498913379,0.793797822301607,0.1839563926063411,3.170603858225804,6.601978113335794,2.9431087929723168,3.713297752924516,4.302831766669241,0.5921403017502778,5.332731718839911,0.0
PC,HK2713,74,Control,42262.0,0.0,5.7320619495500456,3.87792495893218,0.0,0.0,7.412965744564508,0.0,0.0,0.0,0.0,0.0,0.0,0.0,4.560671378114483,0.0,0.0,3.205260293102301,0.0,0.0,0.0,0.0,0.0,0.0,0.0,0.0,0.0,0.0,5.874730647986479,0.0,0.0,0.0,0.0,6.720421760616542,0.0,0.0,4.560671378114483,6.161710085935744,0.0,6.301196949929371,0.0,0.0,0.0,3.205260293102301,0.0,0.0,3.205260293102301,0.0,0.0,0.0,7.323410151016073,0.0,0.0,0.0,0.0,3.87792495893218,0.0
PC,HK2924,37,Control,165570.0,0.0,5.466159257386714,1.951571450612819,4.449175585363728,3.2252143338595642,5.959827986867205,2.571044819110847,1.951571450612819,0.0,0.0,0.0,0.0,1.951571450612819,3.4403766675252614,0.0,0.0,5.358428691790249,3.4403766675252614,0.0,3.767648824363058,1.951571450612819,0.0,3.4403766675252614,2.571044819110847,0.0,3.617341802625926,0.0,4.375966301493444,0.0,0.0,0.0,4.751476652969531,6.803418109927085,0.0,3.2252143338595642,3.4403766675252614,3.4403766675252614,0.0,6.829880706008143,0.0,1.951571450612819,4.117367733137152,1.951571450612819,0.0,1.951571450612819,5.608696283776684,0.0,0.0,0.0,7.422976266114912,1.951571450612819,4.29697104373407,4.98329010571512,0.0,4.29697104373407,2.9506943470303675
PC,HK1585,126,Control,358544.0,0.0,5.701878004144763,1.8837483723548782,4.258819607532953,2.875503313187103,5.81617904750781,0.0,0.0,0.0,0.0,0.0,0.0,0.0,3.148988142110446,1.8837483723548782,0.0,4.533017824315481,3.3635155792753917,0.0,3.61786007299494,1.3321174308850738,0.0,2.2372114395871003,0.0,0.0,2.875503313187103,0.0,4.619133117364437,1.8837483723548782,0.0,0.0,3.988837765270044,6.901641262949461,0.0,3.021565979945009,3.261993615695267,4.646265533299808,2.875503313187103,7.137965914303374,1.8837483723548782,2.704396189251694,4.471190658694281,2.875503313187103,0.0,0.0,6.3056461870715745,0.0,1.3321174308850738,1.3321174308850738,7.746356456304097,2.4978419494961237,4.176666720111727,3.3635155792753917,0.0,3.8204542225204134,2.704396189251694
PC,HK1597,25,HKD,80275.0,0.0,4.728401517504752,2.5995126773596953,5.570634808135425,2.5995126773596953,5.0138709961547745,0.0,0.0,0.0,0.0,0.0,0.0,0.0,3.928461427112004,2.5995126773596953,2.5995126773596953,3.928461427112004,3.6473159177205963,0.0,3.6473159177205963,0.0,0.0,0.0,0.0,0.0,4.611722945613863,2.5995126773596953,4.611722945613863,0.0,0.0,0.0,4.479609787765774,6.905326608073563,0.0,2.5995126773596953,4.147662432990034,3.6473159177205963,0.0,6.827446341540617,0.0,2.5995126773596953,5.570634808135425,0.0,0.0,0.0,6.051015810183944,0.0,0.0,0.0,6.4556954538682305,3.2547971355190723,3.6473159177205963,5.360221327939945,0.0,3.6473159177205963,3.6473159177205963
PC,HK1632,174,DKD,332475.0,0.0,5.233673167721103,1.9481205452512207,4.915214272748076,3.8311637376761847,5.217500083960644,0.0,0.0,0.0,3.093503722068217,1.3882287248386906,0.0,3.43648245753377,1.9481205452512207,1.9481205452512207,1.3882287248386906,5.167349580544344,4.06297693402394,0.0,4.113409971182359,0.0,0.0,1.3882287248386906,0.0,0.0,4.207232506831385,0.0,5.310833270810003,0.0,0.0,0.0,4.513409530427994,6.802745521829593,0.0,3.093503722068217,1.9481205452512207,5.058807724954721,1.9481205452512207,5.637358727713191,0.0,2.9468817646809304,5.436289079964335,1.3882287248386906,0.0,0.0,6.15317559904089,0.0,1.3882287248386906,0.0,4.846745131677288,2.5673295819334356,3.093503722068217,4.9370337287940425,0.0,2.3049058808500287,2.3049058808500287
IC_A,HK2893,337,Control,1415989.0,2.6684901414893587,5.590804972590299,2.887550237289112,5.606495015006937,3.4680359967832333,6.22643276159486,2.509560465449151,0.0,1.3415272777089366,2.5653910277928866,4.167592170635588,1.9955138025182952,5.295552895408515,5.2447097479784635,2.6684901414893587,1.9955138025182952,4.717396188062954,3.988363727501388,0.0,5.728473643800392,0.0,1.1374035911498905,4.603877596569115,3.5524458089138333,2.5653910277928866,2.9991237528240564,1.782305122080507,6.288664097171057,0.534280500202299,1.782305122080507,1.782305122080507,4.026871493896508,5.5169840378896495,0.0,2.387576990687669,3.033710143172977,5.390085071056256,0.534280500202299,3.5524458089138333,2.087186689734383,0.8806388289008512,2.963298156466893,0.8806388289008512,0.534280500202299,0.0,3.702494591663753,0.0,1.1374035911498905,5.611670795827908,3.190693026026769,4.051743451901271,3.300645526260059,0.8806388289008512,2.9991237528240564,2.17115685060709,3.190693026026769
IC_A,HK2898,670,Control,1865099.0,0.9587729300688194,5.300580899689609,4.1796005522467485,4.818519418125134,3.4853457886139596,5.845727011287055,2.3139994664190753,0.0,1.4391209890467678,0.9587729300688194,1.5588079721796653,0.0,1.4391209890467678,4.622999679927381,1.7622415906970077,0.0,2.201932203844816,2.5062975520654494,0.0,5.11925658451162,0.0,1.5588079721796653,2.983951142115195,2.5062975520654494,0.4292887697466755,2.5062975520654494,0.0,6.056115563067176,0.7286731614035038,0.7286731614035038,0.4292887697466755,3.1111383856005785,5.51412151398402,0.4292887697466755,0.7286731614035038,1.303136325295078,5.669855758057204,0.7286731614035038,4.7466962498922545,1.9312040062045772,1.303136325295078,0.9587729300688194,0.0,0.0,0.4292887697466755,3.3996257033301314,0.0,0.0,3.265749284981879,4.203919811741187,2.1408075303701257,2.1408075303701257,0.0,1.9312040062045772,0.4292887697466755,1.6656890401063498
IC_A,HK2862,304,DKD,442032.0,0.0,5.139737574610301,4.264518597850783,5.01270286959798,3.616213984298315,6.2607024417776955,1.7092034809507761,2.3074849307434824,3.4865158451211413,1.7092034809507761,3.3374534193583094,0.0,0.0,4.610558689633566,3.2536665938913036,2.9495960392590934,3.0615442125658445,3.927308630474544,0.0,5.529877564667608,0.0,1.7092034809507761,0.0,0.0,0.0,3.0615442125658445,2.052434996001543,5.152905703294637,2.052434996001543,2.5105255218698885,1.7092034809507761,4.012677274571799,5.374892069761399,0.0,2.5105255218698885,0.0,5.203909826984559,0.0,2.9495960392590934,0.0,0.0,3.162212200865703,0.0,0.0,0.0,3.8817261091660478,0.0,2.3074849307434824,2.5105255218698885,1.7092034809507761,0.0,2.6792170196331138,0.0,0.0,3.616213984298315,0.0
IC_A,HK2774,20,HKD,37822.0,0.0,4.891838180902557,0.0,3.3119886214934047,4.3860051463557,6.049814142759574,4.3860051463557,3.3119886214934047,4.891838180902557,3.3119886214934047,3.9867459255332514,0.0,0.0,4.3860051463557,3.3119886214934047,3.3119886214934047,3.3119886214934047,3.3119886214934047,3.9867459255332514,5.072907685966909,0.0,0.0,0.0,3.3119886214934047,0.0,3.3119886214934047,4.891838180902557,5.842718853085533,4.891838180902557,0.0,0.0,4.3860051463557,6.859433333138669,5.072907685966909,5.916619593435969,3.3119886214934047,4.670569772767765,0.0,7.480121302656309,0.0,3.3119886214934047,3.3119886214934047,0.0,0.0,3.9867459255332514,0.0,0.0,0.0,3.9867459255332514,7.167456212994431,0.0,3.3119886214934047,3.3119886214934047,0.0,3.9867459255332514,3.3119886214934047
IC_A,HK2899,317,Control,194733.0,1.81404861889734,5.107928757183151,4.939149204286106,4.641547717274272,4.357074744085405,6.069258255288177,3.069955580135179,0.0,0.0,1.81404861889734,3.957997103815613,2.4221862884778878,3.7396175202636743,5.304668264964729,0.0,0.0,1.81404861889734,3.854756709554921,0.0,5.6287096160424515,0.0,0.0,2.797629405703,2.797629405703,0.0,3.4598253043193226,0.0,7.201392122014783,0.0,1.81404861889734,0.0,3.4598253043193226,5.782346848512987,0.0,2.4221862884778878,3.854756709554921,5.915492982539911,2.4221862884778878,6.899824548942668,2.797629405703,0.0,0.0,0.0,0.0,0.0,3.957997103815613,0.0,0.0,5.354436297818076,6.935416447284357,3.7396175202636743,2.4221862884778878,0.0,2.4221862884778878,0.0,0.0
IC_A,HK2844,280,DKD,913335.0,0.7395003361954029,5.326633415953864,4.496314341570301,5.045869097832957,4.5555640161949915,6.537821051077376,2.6489130418285747,0.7395003361954029,1.1599510165338283,1.6826054807583266,4.020777416979772,1.1599510165338283,2.2782010134437365,5.073665393022413,1.6826054807583266,0.7395003361954029,3.488956911048518,3.3832744321361345,0.0,6.3346511484016865,0.0,1.8678625135144906,0.7395003361954029,3.082042151268144,0.0,2.5683109044147123,2.0241046986655586,6.223862575283527,1.1599510165338283,1.6826054807583266,1.1599510165338283,4.16672000916417,5.059863821571943,2.7929083226029623,0.0,2.5683109044147123,5.942605954855479,1.8678625135144906,4.654097566769853,0.0,1.4550424950784058,1.1599510165338283,0.7395003361954029,0.0,0.0,3.849835160246605,0.0,0.7395003361954029,4.132182215650619,4.808377320570912,3.671761218444574,2.9761979510120744,0.0,0.7395003361954029,1.6826054807583266,1.8678625135144906
IC_A,HK2895,699,Control,3066739.0,2.464756301222308,5.171077940597115,3.4339643786760683,5.281413086812848,3.739714845102801,6.220264051925599,3.6506352672634184,0.0,1.973456670149861,2.177690848844506,3.423389737643255,1.3698380425555483,2.9236066604968545,4.929276064082006,2.5699317566905884,1.5231982924754914,4.3519362682634135,3.9424025605106734,0.0,5.617616784049034,0.8347843467412889,3.4127020773751973,5.216329064229227,3.863448851635563,2.177690848844506,3.4547839907812126,0.682206446355245,6.227372014403482,1.188622039052124,0.2822266677329235,1.7734578413942743,3.835682158081672,5.30598166147113,2.492105262520078,1.449455211762032,3.2109963176144203,5.639877239747674,1.188622039052124,4.360302181786574,2.8319115559158305,1.5231982924754914,2.751975658970737,0.502082633332766,0.502082633332766,0.0,3.249677511229601,1.188622039052124,0.0,5.374751582989755,5.581427569519881,3.6248975170968163,3.143004639381463,1.7734578413942743,2.9236066604968545,2.377913131055086,2.9580531920418487
IC_A,HK2868,993,HKD,3901258.0,0.9313627545492672,4.769712744693844,4.283798859873075,4.419139644858981,3.96609765855155,6.325276953410063,2.2194732714374648,0.5704046486001841,2.0694978298235505,2.0694978298235505,2.981223170059916,1.0275791301940354,0.7057229220763319,4.836978936002846,1.1153450435902872,0.2281928416341972,2.5880439635735377,2.2997275242075657,0.0,5.462967270796577,0.0,2.24694657738073,0.8248935498384198,2.7479547660914028,0.0,1.1153450435902872,1.1153450435902872,6.466699626684233,2.0025860583572244,0.0,0.5704046486001841,2.899989111455545,5.068261138839839,1.678510283321347,0.2281928416341972,3.0319303087798004,5.897747572772441,1.8126320283099544,2.9414307855877766,1.3401465736920932,0.7057229220763319,0.0,0.41386648329688164,0.0,0.0,2.9548716208842145,0.0,0.0,3.879925368867998,2.899989111455545,2.662287819154554,1.3401465736920932,0.0,1.9673727121909996,1.7698927783236171,0.41386648329688164
IC_A,HK2833,763,Control,1864917.0,1.9312874460159948,4.956003400767156,4.1631488689646305,3.651571655975234,4.694241054859169,6.463408434395565,2.1408936452954967,0.0,0.0,0.9588331067712318,3.111231625007432,0.9588331067712318,3.7188330084647214,5.19646546214802,3.769563523085189,0.0,3.0108084624814984,2.5063871790172456,0.0,5.906005069271609,0.0,4.359464419311146,4.844273460092086,3.417462029954053,1.439195435287279,2.739410364970062,0.0,6.260107624037164,0.7287236589511918,0.42932283133146876,1.5588850287361888,3.4688740926309958,5.754980266310312,2.5063871790172456,1.1457717821736484,3.6089303130279093,6.3042089151103955,1.9312874460159948,4.235548152589029,3.549090359357492,1.439195435287279,0.9588331067712318,1.1457717821736484,0.42932283133146876,0.0,3.918640147443282,0.0,0.0,4.179696645503815,5.154017474040661,4.0004310443456275,2.667604686570332,0.7287236589511918,2.3140874056406466,0.7287236589511918,1.850369346414744
IC_A,HK2663,316,Control,1192910.0,2.4032838638759557,5.176376280989885,4.31440585191901,4.498234408186806,4.130272892844275,6.714409646875574,4.479400202392196,0.6088337287189419,0.6088337287189419,2.668101389332497,4.570212501025946,2.145296680355385,0.0,5.361697766739329,3.089093063255373,0.0,4.3031308740911545,4.156872713541283,0.0,6.054465419385454,1.4708985334864915,3.3844489416587056,4.707866594914094,4.684911013478783,0.9845370264741024,2.7781452398001627,1.2569993034099496,6.418281623500457,2.324458935063566,0.0,0.9845370264741024,4.156872713541283,4.794756355616626,2.9233771682966303,0.0,2.877270991577217,6.064256117166378,0.6088337287189419,6.004020273296734,2.9674509283147623,1.7967001184393607,2.324458935063566,1.2569993034099496,0.0,0.0,4.088997534604985,0.0,1.2569993034099496,6.197253233152498,5.275470350723699,4.156872713541283,3.4124675430927978,1.2569993034099496,3.8344388028017042,2.4763468439399494,2.828935852493731
IC_A,HK2867,122,Control,340602.0,1.370159405590104,5.475685940264578,3.198176034800023,5.475685940264578,1.9274488000201049,6.096573577836983,4.8912435612306195,0.0,2.2831916690485605,0.0,5.1084560862973465,0.0,3.986157929497274,5.438106651440731,2.5450536869506193,0.0,5.330389824219878,4.613369024672442,2.2831916690485605,5.015522539904335,0.0,4.489527454296737,5.193482611568767,5.5119040248487945,1.9274488000201049,3.8075436777563167,1.9274488000201049,6.197071907107403,1.370159405590104,2.5450536869506193,0.0,4.421336114877801,5.908075486501194,1.370159405590104,2.2831916690485605,2.5450536869506193,4.822787122619174,1.9274488000201049,5.3856979015449395,3.3114113429053242,1.9274488000201049,3.413118726668621,2.5450536869506193,0.0,0.0,4.1834463792381165,0.0,0.0,6.77862270097023,5.358426187083168,4.822787122619174,4.03924725551841,0.0,4.489527454296737,0.0,3.0704614943922257
IC_A,HK2739,664,HKD,1903405.0,1.6492342498700152,5.161199590256622,3.465644696952047,5.032778555214912,4.339300405628214,6.3456018468307205,2.8499317603258985,0.7182048616178403,0.9462854742150972,1.4236492917410555,4.1004474313494965,0.0,1.8331801061117359,4.69822758056372,1.1318849155559483,0.0,3.5744417930518493,3.449088960716164,0.0,5.720940099044512,0.9462854742150972,1.7454307382431897,2.879871064289399,2.396267676830375,0.42223979863172945,2.396267676830375,0.0,5.640309542747096,2.5303765298781484,0.0,1.1318849155559483,3.246202638427605,5.253244074009664,0.0,0.0,2.571360153578723,5.846932558079297,0.0,2.2956976770382465,0.42223979863172945,0.0,2.1838706933938687,1.4236492917410555,0.0,0.0,3.397710793638729,0.0,0.9462854742150972,3.7245799952833023,1.5427894003101827,1.9138468424955317,2.396267676830375,2.241346530689334,1.6492342498700152,0.42223979863172945,1.8331801061117359
IC_A,HK2558,409,HKD,4049421.0,0.9089411129698484,5.298521351450172,3.772190848821949,5.434511078820807,5.204081038993599,7.109790306717195,0.0,0.0,1.43754233627332,0.6870262554425668,3.405852144935016,1.2440072770308817,3.701593822053811,4.900466182220729,4.436381324535287,1.7815370134825854,3.7664944318335056,3.274716698398229,0.0,6.1785733277927335,0.0,0.0,0.0,0.0,0.40138865704833043,2.494254473725049,1.43754233627332,6.643819988108498,1.2440072770308817,1.0904427010543984,0.40138865704833043,4.629823691952116,4.501458836481433,1.43754233627332,1.43754233627332,1.0904427010543984,5.704788796034668,2.386738300206127,2.836248586656743,0.0,1.7390667418859995,2.09943013929819,1.3770988662236534,1.43754233627332,0.2206996753134046,3.9629502543350137,0.40138865704833043,0.8041268698293027,3.226883307615084,0.2206996753134046,2.8216603126763022,3.020861956395902,0.5543715778566356,0.40138865704833043,3.453842383028783,2.1863168946403198
IC_A,HK2891,855,HKD,6772836.0,1.3744678852560086,4.890333195363776,3.575078684942933,5.574126517220492,4.150336874572488,5.806109012738907,3.1290385615718197,0.5528749376702509,2.2732870201975706,1.296827824136563,3.15455457009689,0.1377151852010428,1.60673690458559,4.189130362420206,3.2898378474883017,0.9647513181058367,3.5792062686880017,3.6235196142458825,0.0,5.5410896265764364,0.0,1.60673690458559,0.7097783403597724,2.9135748658379264,0.0,3.7492514988595884,0.3666867941392941,5.9433116815260005,1.3744678852560086,1.0194910252039397,1.974253612384085,3.7422773093427453,6.117741116714774,2.0530766824807447,2.561832161656278,3.191647867642751,5.381982279818666,1.5137124466330176,7.0858067937565945,0.8453693137869828,1.4465118414601248,3.835749365711548,1.1677432316275234,0.1377151852010428,0.25874022310259154,4.500166581659698,1.1207262655082988,0.9068407668964653,3.9529044195539216,7.0450763007487165,2.453648310472214,2.2266025259781212,1.0194910252039397,1.071389170416265,2.1261380657479743,2.0530766824807447
IC_A,HK2770,562,HKD,1707671.0,2.5425352465219677,5.32766989658343,4.233073732452735,5.2900069540672625,3.8680174358858386,6.173817324055639,3.7649764240423695,0.0,2.587572343056082,2.219018737893511,4.162688838048863,0.0,0.7752734628291625,5.123332674861149,2.5425352465219677,0.0,4.627983671873884,4.198500411637788,0.0,5.53261821782641,0.7752734628291625,2.671983308358289,6.127628827591311,3.9274119035198676,2.8562748414262944,4.116041927806903,1.2066806056898158,6.568773405670927,0.46095840193199444,1.0140628520413346,1.0140628520413346,3.9725114752071122,5.564532837071587,1.2066806056898158,1.8358299466328987,3.4296305508654417,5.571241155029697,0.0,4.9189406112782414,3.195554614859929,1.6290739074467104,3.3299617487132176,0.46095840193199444,0.7752734628291625,0.46095840193199444,4.046849617970045,1.368121342981472,0.0,5.043495634929102,4.314613377850642,3.904075710401738,3.5543300507450435,2.219018737893511,2.3388674816626693,2.219018737893511,3.0402350857916973
IC_A,HK2711,922,HKD,3556055.0,2.150911081302616,5.258656880156995,3.784762340414496,5.615380368314347,4.259014063060215,6.227754261092254,2.3024586808852003,0.0,1.4093552739046586,0.7536974442476645,3.4636448073078094,2.654430936338116,5.463029646200677,4.556037892521235,3.6698145641584805,1.6521443665372708,4.242985256864713,3.2910612542931648,0.8779874350882962,6.026103198364196,0.6117372657594424,1.4093552739046586,3.0157076511819123,2.766580485867871,0.0,3.3617577427952443,1.932306678992511,6.715659677528931,1.5967471203044643,0.0,0.24780533315635,4.593717387871658,5.857078556286482,1.53810011159074,2.712077078048342,1.932306678992511,5.753820550529241,1.338181526631903,5.71008004865392,0.0,0.8779874350882962,2.3301950516011054,0.24780533315635,0.4462365397024678,0.0,4.2101356552212055,0.6117372657594424,0.24780533315635,3.4368708930514127,5.735827270294735,3.0157076511819123,3.029395984259252,1.7046331727998292,0.24780533315635,3.2805410488956603,0.6117372657594424
IC_A,HK2896,21,Control,157582.0,0.0,4.166029742978883,1.9941426680808176,5.782720033385741,3.272742976561055,4.424807491692494,3.8159815357178055,0.0,0.0,1.9941426680808176,0.0,0.0,0.0,2.9976158660973544,3.4882771862919886,2.616797471484843,4.062391491318848,4.259928588090037,0.0,4.566310190091372,2.616797471484843,2.9976158660973544,6.126661687602906,3.272742976561055,2.9976158660973544,4.899807649527963,0.0,3.272742976561055,0.0,0.0,0.0,3.4882771862919886,5.515403390354771,0.0,2.616797471484843,2.9976158660973544,3.8159815357178055,0.0,6.653121188280467,0.0,1.9941426680808176,4.166029742978883,1.9941426680808176,0.0,0.0,4.851389816812695,0.0,1.9941426680808176,4.69024949631944,6.911401211709016,0.0,2.616797471484843,1.9941426680808176,0.0,0.0,3.4882771862919886
IC_A,HK2713,134,Control,73351.0,0.0,5.450017968075696,2.68328467160099,4.817840796871948,4.016965143439055,7.0560129785225865,0.0,0.0,2.68328467160099,3.3416652801679088,0.0,3.3416652801679088,0.0,4.236500687240462,2.68328467160099,0.0,3.3416652801679088,2.68328467160099,0.0,0.0,0.0,2.68328467160099,4.236500687240462,0.0,0.0,3.3416652801679088,0.0,3.7352676384778842,0.0,0.0,0.0,0.0,5.450017968075696,0.0,0.0,4.568833483379252,5.3896618244342145,2.68328467160099,7.358068901036622,0.0,0.0,0.0,0.0,0.0,0.0,4.922392563201284,0.0,0.0,4.568833483379252,5.8734128994560075,3.7352676384778842,0.0,0.0,0.0,0.0,0.0
IC_A,HK2923,218,Control,1005703.0,1.094824684593529,4.648327863507504,1.382032296242632,6.251991713649549,2.392726793531936,4.471714819735751,2.392726793531936,0.0,0.6903078232851285,1.6048910629833597,0.6903078232851285,0.6903078232851285,1.6048910629833597,3.5779905431154155,3.3267213685462025,0.0,3.549824191612045,3.75564593534547,0.0,5.44965868739482,2.0744673632443815,0.6903078232851285,5.811441333572681,3.2134171193920236,2.8850017415876503,4.914335753238174,0.0,2.8850017415876503,1.094824684593529,0.0,2.392726793531936,3.395700664134674,6.357351136789978,0.0,2.8278619589260092,3.8445821353136704,3.549824191612045,1.7870227183282033,7.27432538380853,2.9903305834456906,1.094824684593529,4.48301364687011,2.2974684309740367,0.0,0.6903078232851285,3.865633016889479,0.0,0.0,3.0391071728223826,7.506387562763287,2.4796949874317207,2.633777804349954,2.633777804349954,2.0744673632443815,1.382032296242632,2.392726793531936
IC_A,HK2924,112,Control,892303.0,0.0,4.469276659817041,2.405706497986568,6.170481281601505,3.287505874842689,4.645390307841465,0.7517441237826433,0.7517441237826433,0.0,0.0,0.7517441237826433,0.0,0.0,3.0527041084238182,2.8147940202819797,0.0,3.0527041084238182,4.271148418277962,0.0,5.606567665552364,0.0,0.0,2.5020059109907633,0.0,0.0,4.822509005062175,0.0,3.244750258507995,0.0,0.0,2.1798374987167795,3.6371374564428587,6.274929605002208,0.0,0.0,4.317033426182,3.367895261054882,0.7517441237826433,6.236206121972212,0.7517441237826433,1.1760025885763046,4.301971154491698,2.1798374987167795,0.0,1.1760025885763046,4.666692113882493,0.0,0.0,1.7016126717483169,6.01080747096293,2.5898409021088176,2.9983201383539324,0.0,0.0,0.0,2.8147940202819797
IC_A,HK1585,439,Control,2432474.0,0.0,4.188964284871077,1.7087663615861044,6.155501356620343,3.1617010460498207,4.1700877833950605,0.0,0.0,0.0,0.0,0.8034858006979543,0.0,0.0,2.733629770016996,2.6206188566492132,0.3443724375483429,1.5475490559003335,3.7402949448079985,0.3443724375483429,5.298189245974688,0.0,0.0,0.8034858006979543,0.0,0.6000490467558648,4.225680819167688,0.3443724375483429,1.456014594839711,0.3443724375483429,0.0,1.7805719600327192,3.1080520778594947,5.739704421744768,0.0,1.2431813582113713,2.970398253179718,3.842298870712611,1.1169499313050641,6.347741804235582,0.0,1.6314030738826717,4.27834535890376,0.8034858006979543,0.0,0.0,4.782462255338639,0.0,0.0,0.0,6.07940749846767,0.9724503767623283,2.1282166514958574,0.0,0.0,0.0,2.949090238697668
IC_A,HK1997,204,Control,246778.0,0.0,3.5090887105383683,3.0568803058471814,6.349774691075977,2.5769292519085623,4.246891475351691,1.6198287555127897,0.0,0.0,0.0,0.0,0.0,0.0,2.208763321853507,3.0568803058471814,0.0,2.5769292519085623,4.246891475351691,1.6198287555127897,5.016831576369285,0.0,1.6198287555127897,3.9045290139157007,2.208763321853507,2.208763321853507,4.627964675547957,0.0,3.231331942751251,0.0,0.0,2.5769292519085623,2.208763321853507,6.276345484528045,0.0,3.231331942751251,3.9830204849794,3.379823088221465,0.0,6.63169354723576,1.6198287555127897,0.0,4.7042014075154786,1.6198287555127897,0.0,1.6198287555127897,4.8411823987958895,0.0,0.0,2.208763321853507,5.879403317160951,0.0,2.5769292519085623,0.0,0.0,0.0,3.726229446634431
IC_A,HK1770,499,HKD,4114016.0,0.0,3.8944322934287143,2.698341553923849,6.582629088111277,3.6036349443563482,4.5798460356875745,0.0,0.0,0.21758532514833454,0.0,1.1592819015286653,0.3961841600277636,0.0,2.7145719835738307,3.556205083680942,0.795413767998904,2.57669354770151,3.918869763179858,0.0,5.567640855609227,0.0,0.0,0.0,0.0,0.0,4.546899471744084,0.547667242227871,3.528056810783392,0.21758532514833454,0.0,2.372377874704808,3.414825769184169,6.667419770444893,0.0,1.587017205105645,4.252421448959232,4.062540812188374,0.795413767998904,7.228035594872158,0.0,1.4254980965203476,4.523437313231935,2.301949404883076,0.0,1.3012228448369416,5.820580939870663,0.21758532514833454,1.3652897718977457,0.21758532514833454,6.463040742048178,1.7260395063920027,2.519659064932323,0.0,0.0,0.547667242227871,3.422786706293058
IC_A,HK1584,88,DKD,102870.0,0.0,4.587108765736898,2.372205096783704,5.113535509522194,4.083048376175179,4.989174015824946,0.0,0.0,0.0,0.0,0.0,0.0,0.0,0.0,4.234788151561523,0.0,2.372205096783704,2.372205096783704,0.0,4.482878972254114,0.0,0.0,0.0,0.0,0.0,3.406616713487444,0.0,3.6859759526637337,0.0,0.0,0.0,3.6859759526637337,6.208129883855259,0.0,0.0,3.9040923503858735,3.9040923503858735,0.0,6.524252958553787,0.0,0.0,3.406616713487444,2.372205096783704,0.0,0.0,4.989174015824946,0.0,0.0,2.372205096783704,5.369996688184667,0.0,0.0,0.0,0.0,0.0,0.0
IC_A,HK1588,646,Control,2358315.0,0.0,3.9408000696533634,1.5720026938472254,6.350918143873397,2.707586202939699,4.336998130103599,0.35349197911327934,0.0,0.0,0.0,0.8207021790084379,0.0,0.0,2.9997950304161365,2.934352796110471,0.9918160241636922,2.4138364040017692,4.00463880853982,1.4798421978362093,5.5328943051022765,0.35349197911327934,0.0,0.0,0.0,0.0,4.532759153368209,0.0,3.2749496423191515,0.6141381337936885,0.0,4.01998143729776,3.020690801314854,6.104635339180002,0.6141381337936885,2.2034937442331732,3.5652009832897056,3.477489551107715,0.8207021790084379,5.6071988900707925,0.0,1.656381734895967,4.348026134358262,1.656381734895967,0.0,0.0,5.031922647416088,0.0,0.0,0.6141381337936885,4.719358055718456,1.378317871936803,1.996124261329996,0.0,0.0,0.0,2.9997950304161365
IC_A,HK1597,337,HKD,1153189.0,0.0,3.7108704939374704,2.507408821660122,6.63870034357629,3.230033158408117,4.5683781828951675,1.0058831736163067,0.0,0.0,1.2813453248218827,1.2813453248218827,0.0,1.2813453248218827,3.2963854675337387,3.327980488993697,1.2813453248218827,1.2813453248218827,3.954363310410046,1.0058831736163067,5.485640853430804,0.0,0.0,0.0,1.0058831736163067,0.0,4.358979175338082,1.0058831736163067,2.4341330906671748,0.0,0.0,1.0058831736163067,3.5249507269965292,6.588669738816632,1.4970845982753498,1.6744393359485286,3.2963854675337387,3.2963854675337387,0.6244188509545308,5.710111433129874,0.0,0.6244188509545308,4.266054514901315,1.6744393359485286,0.0,0.0,4.882356687641068,0.0,0.6244188509545308,0.6244188509545308,4.3251362153175466,1.6744393359485286,1.2813453248218827,0.0,0.0,0.0,2.8099380811160226
IC_A,HK1632,1558,DKD,5204334.0,0.3251910493809216,3.698588336699259,3.5107372035681785,6.481510694042284,3.603850927734772,4.563523758918912,0.0,0.0,0.45517081123966363,0.0,1.9396870954326695,0.17575634011021674,0.45517081123966363,3.2936091471145037,3.5107372035681785,1.2521679576123437,1.9116774600351458,4.003714144788469,0.3251910493809216,5.6797360646971935,0.17575634011021674,0.0,0.45517081123966363,0.0,0.17575634011021674,4.539191872097182,0.7668089277457484,4.495132283008097,0.45517081123966363,0.0,2.044483060769422,3.3077732551147636,5.931822279656499,0.45517081123966363,1.4047138547568112,2.7098333280207636,5.026589120584589,0.0,6.074603245939945,0.0,1.7248253829282758,4.629412976563945,0.17575634011021674,0.0,0.17575634011021674,4.838503240795668,0.0,0.5701827200952472,0.7668089277457484,4.801301432592651,1.5370399680472242,1.1956695888331406,0.0,0.0,0.0,2.8414378858599334
IC_A,HK1664,26,Control,26717.0,0.0,0.0,0.0,6.514310147288618,0.0,0.0,0.0,0.0,0.0,0.0,0.0,0.0,0.0,3.6488215451558195,0.0,0.0,0.0,0.0,0.0,4.328872454594039,0.0,0.0,5.705230814583123,0.0,0.0,5.015406615826588,0.0,0.0,0.0,0.0,0.0,3.6488215451558195,7.149601222225405,0.0,0.0,3.6488215451558195,0.0,0.0,0.0,3.6488215451558195,0.0,4.328872454594039,0.0,0.0,0.0,0.0,0.0,0.0,0.0,4.328872454594039,3.6488215451558195,0.0,0.0,0.0,0.0,0.0
IC_A,HK1593,454,HKD,2521996.0,0.3339772228563807,4.314164038236883,1.8172074632345168,6.404385543162735,2.5568660089112103,4.57015661959312,0.0,0.0,0.0,0.0,1.2175999342055768,0.0,0.0,3.3021041517139658,2.936142026040629,1.092780876775892,1.4284172716540324,4.048381065922618,0.0,5.6890339873010625,0.0,0.0,0.0,0.0,0.0,4.165762701110808,0.3339772228563807,3.8584497698802833,0.0,0.0,1.6792670413555668,3.24195553742368,6.024347401232299,0.0,1.6792670413555668,3.4634797378380346,3.833029410552288,0.3339772228563807,4.519624232632782,0.0,1.5192072526495333,4.340340528929347,0.5839028377923879,0.0,0.0,4.739720674177501,0.0,0.0,1.4284172716540324,2.8931449862157406,0.7836887376338271,2.274519859192703,0.0,0.0,0.0,3.2263355881203393
IC_A,HK1594,312,HKD,1822950.0,0.0,4.042230976556283,3.4217290071503834,6.581001228761199,2.7254051516917888,3.863414919637418,0.4373263694574486,0.0,0.0,0.0,0.0,0.0,0.0,3.1329891639211342,3.5556567755333397,0.9729297060388162,1.319835861648883,4.042230976556283,0.7405663078919879,5.532557844826187,1.4566056532697915,0.0,0.0,0.0,0.0,4.234419692057218,0.0,2.0957205873869094,0.9729297060388162,0.0,3.7667481301126737,2.6113125604723755,6.081430637662946,0.4373263694574486,2.4825061003307543,3.2243289893158913,3.3664896873634444,0.4373263694574486,6.637913573710156,0.0,1.68426541658232,4.422258971302082,1.68426541658232,0.0,0.0,4.716795656848123,0.0,0.0,0.0,5.534725524521225,1.1613509381761462,1.8695864898241703,0.0,0.0,0.4373263694574486,2.9206834981568424
IC_B,HK2893,216,Control,564631.0,3.102468661816039,5.816312885602324,3.102468661816039,5.5991711746433115,3.316583955119343,6.208386970510666,3.642637377435625,0.0,1.5133974671666202,2.5950664273287574,4.769756228956551,3.102468661816039,6.003401877897137,5.618644137249953,3.102468661816039,0.0,5.295110413003383,4.274479387835686,0.0,5.887566410052781,0.0,3.2501789139257826,0.0,4.345828464087035,0.0,1.0192328719851926,2.4532791575577026,6.260470388900873,0.0,2.829654882540359,1.0192328719851926,4.223918419620611,4.675293934364253,0.0,0.0,2.9290945823552916,5.762118062944965,0.0,1.5133974671666202,0.0,1.0192328719851926,2.9290945823552916,1.0192328719851926,0.0,0.0,3.9581616067625824,0.0,0.0,6.456476799794719,0.0,4.883249138041829,3.888116323952945,0.0,3.731329759978855,3.179048601923694,4.114413792343207
IC_B,HK2898,44,Control,56444.0,3.5954845603723755,4.960978550884748,2.9294148342499033,4.828447524681476,3.5954845603723755,6.134771390836434,4.675629111954252,0.0,4.274813010540002,3.9917584314957386,4.828447524681476,3.5954845603723755,3.5954845603723755,5.650616547112069,2.9294148342499033,0.0,5.768008912163459,4.828447524681476,0.0,5.92171292433335,0.0,4.274813010540002,6.095637322744526,4.675629111954252,2.9294148342499033,4.495169752231236,0.0,6.513576708865572,2.9294148342499033,2.9294148342499033,0.0,3.9917584314957386,4.960978550884748,2.9294148342499033,0.0,2.9294148342499033,6.243746565925759,2.9294148342499033,4.960978550884748,2.9294148342499033,2.9294148342499033,3.9917584314957386,3.5954845603723755,0.0,0.0,3.9917584314957386,2.9294148342499033,0.0,5.711034362326167,4.675629111954252,5.586312355099185,4.675629111954252,0.0,4.828447524681476,3.5954845603723755,0.0
IC_B,HK2774,51,HKD,98030.0,2.415999389826963,4.530539631278884,4.282299005466563,4.634822080026137,3.9513359153057626,6.1088968349617,4.282299005466563,0.0,5.037045996442109,3.0634805339130713,4.815524354138869,0.0,0.0,4.530539631278884,0.0,3.4532481503231747,5.037045996442109,3.7329880951426313,0.0,5.462229057214305,0.0,4.1304474929082495,0.0,3.9513359153057626,3.0634805339130713,3.4532481503231747,3.9513359153057626,6.1088968349617,3.0634805339130713,2.415999389826963,0.0,4.634822080026137,5.371661395902837,4.634822080026137,4.634822080026137,2.415999389826963,5.462229057214305,0.0,0.0,2.415999389826963,0.0,3.4532481503231747,3.4532481503231747,0.0,0.0,2.415999389826963,0.0,0.0,3.9513359153057626,3.7329880951426313,3.7329880951426313,3.9513359153057626,0.0,3.0634805339130713,4.815524354138869,2.415999389826963
IC_B,HK2899,45,Control,24029.0,0.0,5.342726046190261,0.0,5.342726046190261,4.433583924133844,6.033478955394275,0.0,0.0,0.0,3.752238691276833,5.120777484278942,3.752238691276833,5.677830829773916,6.215400909038775,0.0,0.0,0.0,4.433583924133844,0.0,5.120777484278942,0.0,0.0,0.0,3.752238691276833,0.0,0.0,0.0,7.130491872474234,0.0,0.0,0.0,3.752238691276833,0.0,0.0,0.0,3.752238691276833,6.128571189639965,0.0,5.928384753151051,3.752238691276833,0.0,0.0,0.0,0.0,0.0,0.0,0.0,0.0,6.369266060248453,6.033478955394275,4.433583924133844,0.0,0.0,0.0,0.0,0.0
IC_B,HK2844,192,DKD,410626.0,2.578437252243619,5.08592952823362,4.748918835226466,5.547935901399159,3.80300045236019,6.190440846191288,4.1252398874329055,0.0,1.2341060319292418,3.019568360845093,4.769791789514758,1.2341060319292418,3.7471531639148137,5.337542973717934,1.2341060319292418,0.0,4.1252398874329055,3.625129725913233,0.0,5.967809394555182,0.0,3.019568360845093,2.578437252243619,4.564107929808288,0.0,3.019568360845093,1.2341060319292418,6.21508348379405,1.2341060319292418,0.0,0.0,4.1252398874329055,4.23683568455244,2.3740890839323723,2.74802938050476,3.324617480957455,5.664230919478743,0.0,4.769791789514758,2.74802938050476,2.116968306593912,2.578437252243619,1.2341060319292418,0.0,0.0,3.8558931025118515,0.0,0.0,5.372064620473834,4.2714284920506955,4.2714284920506955,4.085090983737604,1.2341060319292418,2.116968306593912,2.74802938050476,2.8929873706057765
IC_B,HK2895,285,Control,850298.0,2.7155354044379845,5.326098570530095,3.333965114719377,4.964961628402274,3.6232151410365057,6.056158749703994,4.110529084711316,0.0,2.9865367448061018,1.928661002821475,4.009125772094098,2.0864605576816886,4.129631753604337,5.223815505574624,2.8601883350916055,2.0864605576816886,5.081056015755172,3.6541292191309402,0.0,5.904691661263473,0.0,3.6232151410365057,2.5463609477512645,4.270585119414135,0.7775151099033264,2.9865367448061018,0.0,6.749512195164674,0.0,2.0864605576816886,0.7775151099033264,4.166776022409745,4.52971949543392,3.7690321081453577,0.0,2.3426195334734987,5.8211288726220065,1.928661002821475,4.009125772094098,2.6345214176484437,1.928661002821475,2.5463609477512645,1.928661002821475,0.0,0.0,3.6841162055687606,0.7775151099033264,0.7775151099033264,5.69100325813913,5.4084042590410135,4.3029240791770835,3.7690321081453577,1.741208549064975,3.333965114719377,2.925356704112554,2.79047515135154
IC_B,HK2868,125,HKD,371456.0,0.0,4.527551313090458,4.299825579169151,5.299397072910832,4.098110721154802,6.061562539403226,3.5834471463087043,0.0,2.842152875494698,2.2056695591369015,3.7858641912171165,0.0,2.9879401049560377,4.869234748284841,2.2056695591369015,1.3061978098190037,3.7228371436579195,2.842152875494698,0.0,5.868353713220644,0.0,3.227993334320239,0.0,3.7858641912171165,0.0,1.3061978098190037,1.8538289731058795,6.4930980698936605,1.3061978098190037,0.0,0.0,3.1151526845733217,4.688447861200927,2.842152875494698,0.0,3.655568877757736,6.061562539403226,1.8538289731058795,3.227993334320239,2.2056695591369015,1.8538289731058795,0.0,0.0,0.0,0.0,4.004459565948062,0.0,1.8538289731058795,5.0571518638258315,4.183737472041781,2.842152875494698,2.4654209949936647,0.0,2.4654209949936647,2.4654209949936647,0.0
IC_B,HK2833,258,Control,463144.0,2.9054379939183215,5.229435500346997,3.369673136053764,4.152857384450091,3.966884916517158,6.264682829856036,2.265570708551312,0.0,0.0,0.0,4.608376654299903,1.1503048032144707,3.017121932704181,5.2965273800078245,4.608376654299903,0.0,4.445084431173706,0.0,0.0,5.7427416743282125,0.0,5.399220421317988,0.0,4.152857384450091,0.0,3.570841443646878,0.0,6.019175964165072,0.0,1.6711558408478977,2.011894105131016,3.7382398840192126,5.428078804041326,3.5081766441347653,0.0,3.7382398840192126,6.520584138216405,2.011894105131016,2.011894105131016,4.935810907763904,1.1503048032144707,0.0,2.9054379939183215,1.6711558408478977,0.0,4.608376654299903,0.0,0.0,4.338211218130566,5.408932710801898,4.951204555382841,3.881593179836554,0.0,3.5081766441347653,2.4677417063418012,2.265570708551312
IC_B,HK2663,207,Control,634836.0,2.90839228241594,4.739833222620463,4.379028379075438,5.247156679466527,2.990846342100784,6.058847230772707,4.275059953392334,0.0,2.183356624415607,2.346722531233835,4.359081507078981,2.4871100395765326,0.0,5.247156679466527,3.203890082730766,0.0,4.317952923469001,3.908647499616741,0.0,5.818656764838801,0.9459310746706859,3.8433391423903567,5.004414234678154,4.668511756920979,1.9879893965988866,2.6101933001086177,2.183356624415607,6.40668298743873,1.7449525742116703,1.42320952213004,0.0,3.5738787166081143,4.082318691994023,3.067016569518594,0.0,2.4871100395765326,5.715184936445581,0.0,5.095262109293484,3.203890082730766,2.6101933001086177,3.067016569518594,2.346722531233835,0.9459310746706859,0.0,3.6585501199415504,0.0,0.0,6.102076203256049,4.455060282442222,4.252903211540739,3.4813692966740533,1.42320952213004,3.6585501199415504,2.4871100395765326,3.3242648451194836
IC_B,HK2867,109,Control,448579.0,2.66553026675504,5.317447306467205,2.9356687318438834,5.59289340186168,3.660928682964568,5.80862285078473,4.311679774653193,1.1722535462152295,2.9356687318438834,2.809693746240288,4.1497686823457185,1.6971783265882778,4.869817846542014,5.056553538104404,3.0475348301252314,0.0,4.038330376763879,4.3697536378452,0.0,5.892031985066696,0.0,3.99824256591923,3.0475348301252314,4.076872903150269,1.1722535462152295,2.809693746240288,1.1722535462152295,5.922346783385656,0.0,2.039632732434468,0.0,4.281327122041136,4.798927221998129,1.1722535462152295,0.0,1.6971783265882778,5.657199131121109,0.0,3.2395360877918247,3.2395360877918247,1.1722535462152295,3.2395360877918247,2.66553026675504,0.0,0.0,3.8195838638186492,1.1722535462152295,0.0,5.5062205345300494,1.6971783265882778,4.038330376763879,3.9128977862678727,0.0,3.2395360877918247,2.039632732434468,2.497025311029902
IC_B,HK2739,28,HKD,40131.0,0.0,5.014031876453826,4.83303824980956,5.014031876453826,3.9286201974812385,6.475245024050259,5.300051552591053,0.0,3.2549528427598324,0.0,5.926328204590722,0.0,5.41727984145011,5.300051552591053,3.2549528427598324,0.0,5.300051552591053,5.014031876453826,0.0,5.41727984145011,0.0,3.2549528427598324,5.167232953951949,3.9286201974812385,0.0,0.0,0.0,6.051177385165624,0.0,0.0,0.0,4.83303824980956,5.300051552591053,3.2549528427598324,3.2549528427598324,3.2549528427598324,5.783637778460894,0.0,3.9286201974812385,0.0,0.0,3.2549528427598324,4.327506782595534,0.0,0.0,4.327506782595534,0.0,3.2549528427598324,5.300051552591053,3.2549528427598324,4.83303824980956,3.2549528427598324,0.0,0.0,0.0,3.9286201974812385
IC_B,HK2891,277,HKD,1829320.0,1.5741336883587316,4.198676735703506,3.567813657061565,6.2905527833156825,3.3440116992015962,5.475598233620894,3.284386639012182,2.4793097071836514,2.3832173373670047,1.778312957392118,3.6703484361461225,0.4360920869979497,1.4539313476660953,4.350680049723593,2.3832173373670047,0.9707613579044396,3.400280774270153,3.775946542421289,0.4360920869979497,5.779273969404469,0.0,1.9477888633443563,1.778312957392118,3.2636945274733606,0.4360920869979497,3.969005527882649,1.1589560423815746,6.114862684771591,1.4539313476660953,0.4360920869979497,0.0,3.697811629581387,4.582487518299552,2.5241013616288095,2.219178290246871,2.3832173373670047,5.122347318972397,1.3172807947656755,7.1854395755416665,0.7387429286383719,2.0228466628943518,3.9586243793323326,3.0023499539780123,0.7387429286383719,1.6814254426752697,4.223003051140473,0.7387429286383719,0.9707613579044396,3.9995176146462748,6.865612546090143,2.5241013616288095,3.0023499539780123,0.9707613579044396,1.3172807947656755,2.4793097071836514,3.0023499539780123
IC_B,HK2770,77,HKD,182810.0,0.0,5.25986552791166,3.670998588262515,6.463043110893665,3.130291186345625,5.921500397155993,4.483257484613403,0.0,2.47992095445435,2.8570723712670962,5.231030802991159,0.0,1.8672008803383,5.25986552791166,0.0,0.0,5.0728877541561666,4.278221625034167,0.0,5.709959408603604,1.8672008803383,2.8570723712670962,5.813174184573646,4.842718972621702,2.8570723712670962,3.521080777548041,2.47992095445435,6.34545506136395,0.0,1.8672008803383,0.0,4.199333858611873,4.798625581473127,3.130291186345625,1.8672008803383,2.8570723712670962,5.614980454639307,0.0,4.278221625034167,3.130291186345625,0.0,3.34465529709278,0.0,0.0,0.0,4.798625581473127,1.8672008803383,0.0,5.9067253280975045,4.543217382326124,4.351338584766345,3.521080777548041,1.8672008803383,3.670998588262515,3.34465529709278,2.8570723712670962
IC_B,HK2711,128,HKD,408459.0,2.121624019912973,4.962824462151705,3.630280381247957,5.83991947598081,3.8610727388795225,6.045230160067446,2.121624019912973,1.237859935845696,1.774350860816123,0.0,3.4912495133636035,3.413742154369363,5.365955799791425,4.945555398721972,2.121624019912973,0.0,3.3297188347016644,3.630280381247957,0.0,5.803659569593677,1.774350860816123,2.3788889322024707,2.752982573330558,3.237982577845839,0.0,3.413742154369363,0.0,6.27253137277341,1.237859935845696,0.0,0.0,4.276646090965563,4.8544317465123425,2.5833279463156678,3.413742154369363,2.752982573330558,5.6524689413944404,0.0,5.044961012172362,0.0,1.237859935845696,1.237859935845696,1.237859935845696,0.0,0.0,3.413742154369363,1.237859935845696,0.0,2.5833279463156678,4.594402881154307,2.121624019912973,3.563179201583987,0.0,0.0,4.310084563201207,0.0
IC_B,HK2713,24,Control,14066.0,0.0,4.277962732904517,0.0,4.964150305461496,0.0,6.345192988864072,4.277962732904517,4.277962732904517,0.0,0.0,0.0,0.0,0.0,5.876241903888978,0.0,0.0,5.36728473887108,0.0,0.0,0.0,0.0,0.0,4.277962732904517,0.0,0.0,0.0,0.0,4.964150305461496,0.0,0.0,0.0,4.964150305461496,0.0,0.0,0.0,4.277962732904517,5.653799433786701,0.0,6.567985445755262,0.0,0.0,0.0,0.0,0.0,0.0,4.277962732904517,0.0,0.0,5.876241903888978,0.0,4.277962732904517,0.0,0.0,0.0,0.0,0.0
IC_B,HK1597,57,HKD,115904.0,0.0,2.904475161068017,0.0,5.986150896382729,3.787347135601836,4.649511986447724,0.0,0.0,2.904475161068017,0.0,3.291512335525952,0.0,0.0,2.2646578554748698,4.248818610127861,0.0,0.0,4.365013597114555,0.0,5.592712087831493,0.0,0.0,0.0,2.2646578554748698,0.0,4.728818556372138,2.2646578554748698,0.0,2.2646578554748698,0.0,0.0,3.5698515108058317,6.182412282834217,0.0,2.904475161068017,3.5698515108058317,3.787347135601836,2.2646578554748698,6.315685462197534,0.0,0.0,5.337864556580763,3.787347135601836,0.0,0.0,4.563369892364082,0.0,2.2646578554748698,0.0,5.251290004438675,0.0,2.904475161068017,2.2646578554748698,0.0,0.0,3.5698515108058317
IC_B,HK1632,185,DKD,418466.0,1.2207356408840058,3.467791452891337,3.2147394434829715,6.452467332358965,4.286209493095034,5.111312547697028,1.2207356408840058,0.0,3.8875993223715133,1.2207356408840058,1.7542930897672981,0.0,1.2207356408840058,2.7303387832268133,0.0,1.2207356408840058,0.0,4.218198780024822,0.0,6.009416611954186,1.2207356408840058,0.0,0.0,1.2207356408840058,1.2207356408840058,4.59488645491876,1.2207356408840058,4.730171365780089,0.0,0.0,0.0,3.306391504346861,5.353240474117357,0.0,1.2207356408840058,3.539669381056123,5.020914715750157,0.0,6.625059855576607,0.0,1.7542930897672981,4.519697864307827,1.2207356408840058,0.0,0.0,5.020914715750157,0.0,0.0,0.0,5.5478917388664515,0.0,2.3569522119130415,1.2207356408840058,0.0,0.0,3.306391504346861
Endo_Peritubular,HK2893,950,Control,2473841.0,3.162807488324006,4.939144923368835,3.320679785606812,4.5974183840720855,2.2501146486897885,4.609565568876301,3.7990067563867207,0.5924753202548403,2.4074623120827403,2.975252288097597,4.671970343082756,2.843116377032784,5.914761521078281,4.981647387471653,2.4432138026206562,3.0353017333622825,5.0250765618967455,4.238658720846048,2.4432138026206562,4.2090661824524185,2.2918328293382824,3.320679785606812,4.686981479245727,4.389911101411828,2.1610634931679287,3.6319096182354076,6.420347393163508,5.728169710486862,4.806222794184845,1.9549329590876328,1.5342977451531707,4.311735666716837,4.327867317496997,4.503522361184297,6.750316239316924,2.3318800789762015,4.0463428272211885,0.5924753202548403,7.093394310907754,2.9113652340346126,3.934263492755909,3.46965591997454,0.5924753202548403,0.5924753202548403,2.206580007104919,4.806222794184845,1.2312118852387068,4.4195467279160505,6.2685493468911915,6.943346583249928,4.645146123080105,3.6211538010091937,0.5924753202548403,3.7899136222257104,2.9331175916440375,3.988133507560803
Endo_Peritubular,HK2898,924,Control,1038892.0,3.182275535439296,3.7913317569222524,3.932870695152692,4.616175920964079,2.529781822950957,5.187800988017412,5.005521240961793,2.2683119889955927,4.46208694970858,3.221436505899601,5.724018916576404,2.046136502136502,3.7913317569222524,5.378118479988038,3.0082179642735816,2.2683119889955927,5.495388439621161,4.306155624634999,0.0,3.8746457824550964,2.1633818399082334,4.58719927411549,5.9255245574429845,5.748861914252154,2.3632699128811754,3.8128199882788945,4.252837305789363,5.8754533530154465,4.152089080588403,2.2683119889955927,0.6742517624364556,4.8449417549409395,4.671725757710244,4.404953944173767,4.181924722244261,2.1633818399082334,4.606610030161347,1.357815636319572,4.88211000814029,4.040041652566147,3.4893489926218684,3.4595306523692053,1.5790314560325032,0.0,2.529781822950957,4.252837305789363,1.9132960108074824,1.357815636319572,6.867637484879737,4.022958576938903,4.96605253140756,4.653549865315694,2.529781822950957,4.056837791618921,2.7368617621333895,4.225072741103137
Endo_Peritubular,HK2862,320,DKD,239767.0,0.0,4.483962886982786,3.537059727359949,4.275306410600402,2.603589074175477,2.2344595031369643,1.6430111192725072,2.603589074175477,4.275306410600402,1.6430111192725072,4.803617326850968,0.0,0.0,2.2344595031369643,0.0,4.011312612704092,3.2590305024779918,4.084126204027806,0.0,3.2590305024779918,0.0,3.0843646922328602,0.0,0.0,1.6430111192725072,3.7543665259836283,4.215550647877359,5.40289327764601,2.2344595031369643,0.0,0.0,4.435736993032686,5.324789229917184,6.074781358125082,5.4215020084375904,0.0,3.8475457752507096,2.603589074175477,4.73276558818447,2.2344595031369643,3.407676684096712,2.603589074175477,1.6430111192725072,1.6430111192725072,1.6430111192725072,4.084126204027806,0.0,2.8725959754411066,4.65650846678903,5.097778357398372,2.603589074175477,2.8725959754411066,0.0,0.0,3.651604329422827,0.0
Endo_Peritubular,HK2596,999,DKD,977621.0,1.1137578691579668,1.1137578691579668,5.116246106519612,1.8106558723389197,1.8106558723389197,4.905265579951539,0.0,2.099273456331402,0.0,0.0,0.0,1.4033171115030125,0.0,3.4876695240119417,0.0,0.0,0.0,3.3176408800819845,0.0,2.9117609162245053,0.0,0.0,0.0,0.0,0.0,1.965341237349782,5.039764830150548,2.6600907602681296,4.565689889074822,0.0,0.0,3.157153951874497,3.199754146622028,5.842649731236288,5.71628999541251,0.0,3.389157052042697,0.0,4.695252872671509,0.7045278167740202,3.354038150221761,2.505673201616339,0.7045278167740202,0.0,1.4033171115030125,1.8106558723389197,0.0,0.7045278167740202,0.0,5.07873646340417,0.0,0.0,0.0,0.0,1.627585275670138,0.0
Endo_Peritubular,HK2774,1575,HKD,5974829.0,1.6773935213613633,2.3391728405791863,4.141966718838924,3.6971370058914257,2.460580113507454,3.9806868551637873,3.2621391635055352,2.5559229941464356,3.4698087863140548,1.6773935213613633,4.002327714238143,0.0,0.2887347282735816,3.6888027502323757,1.5788720094078825,2.6780632767926917,3.2361594302879158,3.4853149900194857,3.01625922561312,1.4695724755493194,0.4068684031068682,2.370934230961997,0.2887347282735816,2.568830591319708,1.6773935213613633,3.3242806661678745,4.280811842181691,4.365123659789644,4.430994498839168,2.6780632767926917,0.6080488998130745,4.358719878697499,4.02051142037372,6.134333802969658,5.217303670093,2.2193199477700385,3.5401984938422957,2.5161694085306734,5.6087643731891115,1.5788720094078825,3.01625922561312,2.9997264842851825,2.0405385729095693,0.9188152467434219,2.6065828751310995,3.3539608686762654,0.8497023046691697,2.5559229941464356,2.3063694793725245,6.08260085367116,2.8850380856361055,2.6664990892049016,1.2069174527536453,1.973059094042231,3.792079358408036,0.9834588178197818
Endo_Peritubular,HK2899,73,Control,36237.0,0.0,4.028778079319787,4.934333758925296,3.3532704648443383,4.4282935024186,0.0,0.0,3.3532704648443383,0.0,0.0,5.401635521493404,3.3532704648443383,0.0,5.268748092910221,3.3532704648443383,0.0,3.3532704648443383,4.028778079319787,0.0,5.11545538723918,0.0,0.0,0.0,3.3532704648443383,0.0,0.0,0.0,5.268748092910221,0.0,0.0,3.3532704648443383,3.3532704648443383,3.3532704648443383,0.0,3.3532704648443383,3.3532704648443383,5.268748092910221,0.0,4.934333758925296,4.028778079319787,3.3532704648443383,0.0,0.0,0.0,0.0,3.3532704648443383,0.0,0.0,6.09252555660863,3.3532704648443383,0.0,3.3532704648443383,3.3532704648443383,0.0,0.0,0.0
Endo_Peritubular,HK2844,621,DKD,723848.0,3.1980849307475303,5.133110546448849,3.7151235399586096,4.101067527463172,2.7847989112954776,5.255659105367816,5.24842443221862,1.3252194398259722,3.1980849307475303,3.078352394150714,5.988644541426638,3.0126423455710585,4.325473445868558,5.298001283398681,3.0126423455710585,2.695643899846809,4.974500719923161,3.9266002066794927,0.0,4.3435820595000205,0.0,4.5386122312489965,5.269973298527153,5.649708579157036,0.0,3.8112779621210153,3.446588799098585,6.099970851173086,3.446588799098585,2.367486538839084,0.0,4.738681781442701,4.636973144913186,3.489654640331247,2.597755278293595,2.2288344630882353,4.461915579590295,1.875797575084809,5.030213098989988,3.9266002066794927,3.1400095781075494,3.0126423455710585,2.0678151598741605,0.0,0.8677328546904802,3.9266002066794927,0.8677328546904802,1.3252194398259722,6.919942742135257,4.493303580490743,5.277054285148908,4.567716264715434,2.695643899846809,3.252971858870639,3.953466320797618,2.94230890283596
Endo_Peritubular,HK2895,1203,Control,2639536.0,3.7356743494307803,4.56531096533041,3.8054866426955,4.355521666679108,2.893059860589848,5.148901732265333,4.95536118221691,1.0627337242145192,3.5251933285234367,3.1982230918339605,4.851375720734523,2.3841849967085924,4.537324758156368,5.484028491235934,2.6305247318349902,2.3841849967085924,5.900114155236547,4.274521947154436,0.0,4.5534126512461555,1.7791989230225993,4.305670719829921,4.95536118221691,5.0900131791669505,1.1857457335348704,3.8304589041319015,4.741939303013575,6.552142909546839,3.9094642551691234,2.3117932839677917,0.564011217102536,4.708338454940121,4.180602669697146,4.537324758156368,3.788485146065015,2.8718454493154315,4.58095831657919,1.4838044348305095,4.821310884322604,3.2286948909139386,3.2135750532011604,2.7092238599098515,1.899539602242523,0.3212530568605691,1.3939737298047463,3.894154654989407,0.0,1.2952698305486574,6.815798956735939,6.475187903557612,5.042230293234469,4.403005054711486,1.8411784062536003,3.939397752296475,3.5688495433277656,3.1507003387087944
Endo_Peritubular,HK2868,932,HKD,1915782.0,2.7811409034850305,4.339733616667827,4.473336661722808,3.692585188653828,3.0112739809187223,5.0297592398833135,4.657724795303744,2.1781211379500798,3.639179209554841,1.9828976973761494,5.450004210223354,1.1274978005774123,4.575167891859164,5.036563936465785,1.5376970704287616,2.2355561060066607,4.491045037889539,3.826253439142553,0.0,4.392755732950299,2.0522939526616955,4.667581180901998,0.9423249513548442,5.0297592398833135,0.42001215703687333,2.2355561060066607,4.667581180901998,6.125144052675565,4.672473180847014,1.5376970704287616,0.0,4.247085215459628,5.193174382716957,4.817578833402569,3.892272550139352,3.1766829980219042,4.825985218893517,2.4816999491273237,4.085333526625297,3.954201756785535,3.2399741903279375,1.418732593830173,1.644001734890295,0.42001215703687333,2.524412681370708,4.882930661471417,1.1274978005774123,2.679066297612959,6.109031670824869,5.4319007189800015,4.519879474781674,3.2602113309292005,1.1274978005774123,3.7915340709537935,3.459366392914761,0.9423249513548442
Endo_Peritubular,HK2833,842,Control,1032719.0,4.172985713574603,5.155373446947444,3.7527378413118218,2.3686701825072545,3.6821746429432225,6.040924790760519,4.5324938264183965,2.6780339623613556,3.104720640360061,1.5837652648243956,5.4933881553188675,2.455434392836747,4.713021471041398,5.347852991077152,5.103795753338019,2.051327945976073,5.473269401253977,2.3686701825072545,0.0,5.199088439564755,0.0,5.808541636323332,2.96517175694628,5.452737557861934,0.0,4.542853101006578,3.55223225690387,5.055603154075997,2.051327945976073,1.7650026913157464,1.3622457083848662,4.713021471041398,5.69149689117376,3.880482041515743,0.6771791758136347,3.9757327693649405,5.661647167818979,1.9183782721282958,2.455434392836747,5.501323674577381,3.49512725550996,0.0,2.273656522077084,0.0,0.0,4.965238193755942,2.273656522077084,1.0772644469715393,6.04322611445288,6.160234267357777,5.8732558667701005,4.593098406457762,0.0,4.48994902522884,2.8029410114557627,3.187988599289167
Endo_Peritubular,HK2663,633,Control,1250624.0,3.7513668960753934,4.161511910925488,4.781984306413153,3.8581336848500114,2.4331580684742717,5.520163520647068,5.326408173611853,2.360402018907609,0.0,2.9647997222558526,5.523360959038007,2.9647997222558526,0.0,5.330287897504799,3.4205172471096263,2.6242056899808106,5.228470888209691,4.322314820240518,0.0,3.999543950125075,1.886646207094599,4.598658060341583,5.564023244523411,5.372000006827218,2.360402018907609,3.2498947651364634,4.353648772175071,6.249090955954636,6.081264249893669,2.1036959550248633,0.0,4.34331282950842,3.7130851667988103,5.429725549539228,3.4463247154358747,2.360402018907609,4.733947832884711,0.0,5.821956406728989,3.6732794108332536,2.878727426407476,3.044047133428327,2.001048381953165,0.5875648843445407,2.360402018907609,3.9234623664162718,0.9552043511566639,2.6242056899808106,7.213122314079905,5.987460584720121,5.110286178111984,4.070244139876882,1.2234231689328765,4.698166000072051,3.7513668960753934,3.732409206601999
Endo_Peritubular,HK2867,1124,Control,2918806.0,3.5431416640029605,5.096171629823739,3.334553957443147,4.605301073411621,2.564272561002793,4.942341989451501,4.98541921671842,2.664559928236197,3.3822281054694314,3.358675107604272,5.7977554173098005,2.183794177061724,5.956067838532365,5.125104121011657,3.3822281054694314,0.8630685828431413,5.108673907455405,4.493034642255622,1.223257922602841,4.236691037555882,2.258125883390222,4.530644538585393,5.896658116471979,5.609578170524649,2.3601899786444287,3.6643113380228947,4.375212707726619,5.747660696179654,2.258125883390222,2.016170361246788,0.8630685828431413,4.754585939822269,4.537999708482736,3.533183287639759,4.526946566708457,2.934681211403153,4.2217221028689735,0.0,4.904970183372677,3.8840804767888293,3.2317926460590525,3.2043631596992794,1.223257922602841,0.2946123870216022,1.4069428602883223,4.104516275617811,1.6963265490570774,1.7572511557656774,6.83755027002672,4.241631300042406,4.980723477420651,4.481470201418597,0.8630685828431413,4.143319759934311,2.327312617346363,4.052305936411756
Endo_Peritubular,HK2739,1021,HKD,1416213.0,3.06698938092694,4.199726398598005,4.220687964434524,4.582278774588448,2.887400869791958,4.841721911320546,4.87999547039489,2.761798084003007,2.887400869791958,2.92599154275241,5.93692396884084,2.171016710889391,4.5529546455661905,5.109111815711766,2.6683429324138594,0.5342150307503343,5.40907206899145,4.665419797220124,0.0,4.300398552638256,0.8805462199245663,4.596624554444881,5.493864439832038,5.1508861553798875,2.6683429324138594,4.290775340934307,3.785838657657167,5.764403373197258,3.920538508709711,0.0,0.5342150307503343,4.617764575453545,4.678628614420724,6.111004034428549,4.13406895011651,1.137296133819412,4.30993004011922,0.0,4.869208822563159,3.9616874270774978,3.2470276798762616,3.2741177054713186,2.3203670683187245,0.8805462199245663,2.387433340142487,3.785838657657167,0.8805462199245663,2.847260971163848,6.229062677252632,5.43095367116084,4.911674394145269,4.46757608089055,3.0993376895496185,4.30993004011922,3.0993376895496185,3.0335595772422304
Endo_Peritubular,HK2558,1073,HKD,4584258.0,0.737493700326066,4.313889375655073,4.675005094658946,3.81290905934909,2.4586270703592294,5.148878290692597,0.19732330727998226,1.2236330416534793,2.0492750885003344,1.2236330416534793,3.078375839339012,2.513102558764973,5.366539595634653,4.256831276972788,1.1573144672886038,2.789301205624228,2.7199101030461783,3.491894520798708,0.19732330727998226,3.4581267512343925,0.0,0.0,0.0,0.0,1.009818407219718,2.8790080661414423,4.644016273773631,5.866060855966429,5.003257713833096,0.3620533879611074,0.8367395423816495,4.576758099789784,3.645490769706523,5.567102063530043,3.956276902363125,2.1558032534226617,4.537859092929075,1.5493359921415613,4.816997543190696,1.3996866177306329,3.662432262909181,2.4952717711202723,0.737493700326066,0.19732330727998226,1.2858256716248597,4.0668062393657065,0.19732330727998226,3.108056229614601,3.9092766257962617,3.3493904130383974,3.0883675037567335,3.0883675037567335,0.6273018002435757,0.5034465228102913,3.9891226998859324,2.130216108902693
Endo_Peritubular,HK2891,1542,HKD,4930027.0,2.707774600066246,3.8159891588770964,3.345798025808193,4.607049396693198,2.530660686212947,4.1410020879328755,4.134528107385173,2.694155982501061,2.497833200282576,1.8990404515959516,4.451862279845935,1.44584036175838,6.252781298582967,3.8248808715743747,2.7604668696071557,2.2097618593036454,4.574119870033511,4.247997111457659,1.9580023670799325,3.4856251908921685,2.013680495264091,2.97864488234298,4.971229545338566,4.5465424499812475,2.903687425446864,3.9056281009574514,6.1969755683963745,5.250460968418571,4.96700079217559,1.734357881946059,0.7002187323735874,4.309826703037866,4.76583715408879,4.822906316257507,6.047625626181524,2.4638913864751455,3.779609941414225,0.0,7.277973723228579,2.97864488234298,4.157006012928698,3.842430567487916,1.8363829949224617,0.18468430140596903,3.6772961935562747,4.796455434105019,1.0387022613395485,5.111432326666037,5.5450531307336615,7.592231761751744,3.8639432476457705,3.45406289703837,2.694155982501061,3.0861386542863363,2.9365023473974436,3.166231231346551
Endo_Peritubular,HK2770,455,HKD,837156.0,3.059028543334185,4.423911034983641,4.26937165172975,4.409488503230847,2.6489882438307943,4.719305742911513,4.394854914366005,2.236620859379655,3.3489903857098122,2.730088624331927,5.533562693362866,0.0,3.001332956872214,4.988604389167805,1.941988537853353,2.100116701627291,5.036294096260197,4.066236262519713,0.0,4.235376252448065,2.356709951360659,3.6064651724748913,5.698554175555658,5.193945663728063,1.2205469879088997,2.874879421099213,4.3182914004966015,5.9170140068284915,3.57349930841337,0.0,0.7859635696252832,4.6301968122972434,4.144959501275081,3.699304334583985,3.8110364287276908,3.3489903857098122,4.849050614574661,0.0,4.912513816968976,3.669305525059773,3.059028543334185,3.214482585173309,2.100116701627291,1.2205469879088997,0.0,4.144959501275081,1.7540717906472014,1.7540717906472014,6.060613527052759,3.837122263192134,4.33408024920797,4.252518406029667,0.0,3.306133704576887,2.6489882438307943,2.730088624331927
Endo_Peritubular,HK2711,1792,HKD,4161361.0,2.4277327502270505,4.947752927512232,4.184220502279943,4.346101494842197,2.6373790496859115,4.525220491032921,3.9954065470022724,1.4168182190406553,3.210452189795801,2.5661255733065467,4.271792635595438,3.419614654808184,6.570192637660736,4.590708461458806,0.21535812017650718,2.584420542068873,3.9124713687542214,3.931504937718341,0.8927502056434375,4.785081858386008,2.134105596599351,3.0419189406870832,4.421062843388366,3.745558214647082,1.5270536191944695,3.6990818163498718,6.08303344795355,6.1821160055030475,4.802987034998991,0.7891525642066184,0.7891525642066184,4.446730040004053,5.115420632013339,5.532759582287955,4.628975872011422,2.2418483876818485,4.543277978604228,0.8927502056434375,5.924777618073911,1.7166432318620404,2.932933236353484,2.7662544376176346,0.8927502056434375,0.0,1.6725080927322324,3.9820529174935344,1.2246750152375383,3.3204920997854255,5.768715801426725,5.77395666279068,4.021590467226599,3.6503396290546375,2.719850553375247,2.719850553375247,3.784525334194589,1.7166432318620404
Endo_Peritubular,HK2896,128,Control,382618.0,0.0,0.0,3.0868784527640387,4.707456501912942,3.0868784527640387,1.828918059685537,2.8142965345747237,2.17936814245294,0.0,1.828918059685537,2.8142965345747237,0.0,0.0,2.4383644392805905,2.4383644392805905,0.0,2.643893049473212,4.468753521914778,2.4383644392805905,1.2846969799529393,4.438339973917976,1.828918059685537,6.250915756684471,3.392805631523045,2.959846494812399,4.406972349319367,6.056812976337338,2.17936814245294,4.992879096072747,0.0,0.0,4.069002852047004,2.4383644392805905,4.634042728007033,6.519022437714917,1.828918059685537,2.959846494812399,1.2846969799529393,7.243699841671696,2.4383644392805905,4.069002852047004,3.9754006553770433,1.2846969799529393,0.0,4.581924013586945,4.992879096072747,0.0,4.919292995298158,4.270626609086979,7.397481526888241,2.4383644392805905,2.959846494812399,2.643893049473212,2.17936814245294,1.828918059685537,3.8161889179634936
Endo_Peritubular,HK2923,196,Control,435631.0,0.0,2.523935337438186,2.9634242447983237,4.530671075966465,2.3206296072284243,0.0,2.0651603302863903,2.0651603302863903,0.0,1.1925641980648767,1.1925641980648767,0.0,6.175376165802395,3.075452779475582,2.3206296072284243,1.721165584789209,3.7980677552234883,4.398677563604385,1.721165584789209,2.523935337438186,3.630411324299202,2.523935337438186,6.212862581549774,3.1761857325225,3.1761857325225,4.142802294312195,6.452937718831755,1.721165584789209,4.453582675672117,0.0,1.1925641980648767,4.067110710549974,4.178602695722386,4.067110710549974,6.1895987537838995,2.3206296072284243,1.1925641980648767,0.0,7.727083246883072,3.4288699320901,3.896014261699968,3.7452449837182753,1.721165584789209,0.0,5.127368978049846,4.10567248352002,0.0,4.711195444810659,4.10567248352002,7.769666651515966,2.9634242447983237,3.075452779475582,3.075452779475582,1.721165584789209,0.0,3.1761857325225
Endo_Peritubular,HK2924,100,Control,190181.0,0.0,3.306547600037038,1.8338844251058128,4.380428260978924,2.8198566837072216,0.0,1.8338844251058128,3.306547600037038,1.8338844251058128,1.8338844251058128,2.4437632175232435,0.0,0.0,1.8338844251058128,1.8338844251058128,0.0,2.8198566837072216,4.713316942716909,2.4437632175232435,1.8338844251058128,4.80350798503358,0.0,6.1727262555185645,3.306547600037038,3.0925229597999264,3.7627150264510725,6.870303882350277,0.0,3.9812036382973472,0.0,0.0,3.632495373976871,1.8338844251058128,3.7627150264510725,6.616944493060323,0.0,0.0,0.0,7.610916721714507,3.0925229597999264,4.239251717860327,3.877914660202845,0.0,0.0,3.877914660202845,3.7627150264510725,0.0,3.7627150264510725,3.877914660202845,6.864830120753656,2.4437632175232435,3.632495373976871,2.4437632175232435,1.8338844251058128,0.0,3.306547600037038
Endo_Peritubular,HK2662,102,Control,336509.0,0.0,0.0,2.935458370222635,3.819366579413794,1.9377883194073844,0.0,0.0,0.0,1.3791913749220988,0.0,0.0,0.0,0.0,3.424812575524972,0.0,0.0,0.0,3.8825328034563618,0.0,0.0,3.424812575524972,0.0,0.0,4.595783547123284,0.0,3.998024484086844,7.7281385333413795,0.0,4.433281428235592,0.0,0.0,3.8825328034563618,0.0,1.3791913749220988,6.780626047665008,2.556200030887855,2.294055435136522,2.294055435136522,6.442582076811297,0.0,3.998024484086844,3.6016934616598464,0.0,0.0,1.3791913749220988,5.027532559809608,0.0,4.625339574770947,1.9377883194073844,6.681372207804233,3.0819935007488306,1.3791913749220988,0.0,0.0,1.3791913749220988,1.3791913749220988
Endo_Peritubular,HK1650,545,HKD,627918.0,0.0,3.8197280898313943,2.6203489188288636,3.950513996544086,2.497160632099263,0.9526475920492167,0.0,4.217855085026355,0.0,0.0,1.4315375919880207,0.0,0.0,1.9974527852254156,1.7540046243006717,1.7540046243006717,0.0,4.328764796198897,3.7473059085562657,1.4315375919880207,6.167887125835118,1.7540046243006717,3.3900071174226962,1.7540046243006717,1.9974527852254156,3.9807023091136986,3.077466177044618,0.0,3.214404624474256,0.0,1.4315375919880207,3.2764287842250632,0.0,1.4315375919880207,5.3528932928648985,2.193085263426666,2.497160632099263,0.0,7.266214758769735,1.7540046243006717,3.4919910952892184,4.5365566938027415,0.0,0.0,2.193085263426666,3.919385905853661,0.0,2.497160632099263,1.9974527852254156,7.136907538924855,1.4315375919880207,1.4315375919880207,0.0,0.0,0.0,0.0
Endo_Peritubular,HK1585,28,Control,42086.0,0.0,0.0,0.0,3.882011969594311,0.0,0.0,0.0,0.0,0.0,0.0,0.0,0.0,0.0,0.0,0.0,3.2092646086804226,0.0,3.2092646086804226,3.2092646086804226,0.0,0.0,0.0,0.0,0.0,0.0,3.2092646086804226,6.16587449778156,3.2092646086804226,3.882011969594311,0.0,0.0,3.2092646086804226,3.2092646086804226,3.2092646086804226,6.427754056824519,0.0,3.2092646086804226,0.0,7.634431883978805,0.0,4.9667894517263385,3.2092646086804226,0.0,0.0,3.882011969594311,5.252728637440859,0.0,0.0,0.0,6.536786154498432,0.0,0.0,0.0,0.0,0.0,0.0
Endo_Peritubular,HK1997,177,Control,231642.0,0.0,3.1172873893117874,2.905152299979426,4.249524749655133,2.6355525697714075,0.0,0.0,1.670910441042356,0.0,0.0,1.670910441042356,0.0,0.0,1.670910441042356,0.0,1.670910441042356,1.670910441042356,3.7880472779667946,3.1172873893117874,0.0,5.769752703895728,1.670910441042356,3.4410283222266553,0.0,2.905152299979426,3.7880472779667946,4.5180548186807705,0.0,4.309309547470903,0.0,0.0,3.5705477113364257,3.6851991334253844,2.2652998399637405,6.20079053672456,0.0,1.670910441042356,0.0,8.203355333212597,0.0,3.4410283222266553,4.837813955282338,1.670910441042356,0.0,4.118029998040371,4.690661044362195,0.0,4.966064696901017,0.0,7.632657424376559,2.6355525697714075,2.2652998399637405,0.0,0.0,0.0,0.0
Endo_Peritubular,HK1770,192,HKD,374063.0,0.0,3.1084702374107316,2.835568146405374,4.729867499917461,2.664915279791578,1.8479338798805498,1.3011030908331098,2.459023371998748,1.3011030908331098,0.0,2.664915279791578,0.0,0.0,1.3011030908331098,2.459023371998748,1.8479338798805498,1.8479338798805498,4.091233432744794,3.414666634373464,1.8479338798805498,5.572108228470287,2.199448702704341,4.045509224160394,1.3011030908331098,2.199448702704341,2.9812998898625005,5.237155818539723,1.3011030908331098,4.729867499917461,0.0,0.0,3.1084702374107316,3.32263979534098,3.1084702374107316,6.23232193589419,2.199448702704341,2.835568146405374,0.0,8.183288713203286,1.3011030908331098,3.7160129153017625,4.775986178635404,0.0,0.0,4.491110087975656,4.882756292381743,0.0,5.442018480538401,2.199448702704341,7.575517764934188,2.835568146405374,2.199448702704341,0.0,0.0,0.0,3.1084702374107316
Endo_Peritubular,HK1634,199,DKD,312210.0,0.0,3.0065650936163766,4.6395244180377,4.542083393431626,2.002283017799382,0.0,0.0,2.6255297743837867,0.0,0.0,4.313056498312636,0.0,1.435791979353375,2.6255297743837867,0.0,2.3616948809743112,0.0,3.5899619140025965,3.752760899859069,0.0,6.3133872464581025,1.435791979353375,3.4974078707175287,0.0,1.435791979353375,3.5899619140025965,3.955993147811367,2.002283017799382,5.22989074605474,0.0,0.0,3.2818047588196135,0.0,3.674670693585591,5.8304593830094475,2.002283017799382,2.3616948809743112,0.0,7.399101955549641,0.0,3.3954056829454506,4.071647291138677,1.435791979353375,0.0,3.0065650936163766,4.223359388577295,0.0,4.542083393431626,2.6255297743837867,6.473891338923684,2.002283017799382,2.3616948809743112,0.0,0.0,0.0,2.6255297743837867
Endo_Peritubular,HK1597,89,HKD,75953.0,0.0,0.0,0.0,3.982745135430948,0.0,0.0,0.0,3.308060876405256,0.0,0.0,0.0,0.0,0.0,0.0,2.6508473315377934,2.6508473315377934,0.0,4.202154841599626,0.0,0.0,3.308060876405256,0.0,3.982745135430948,2.6508473315377934,0.0,4.202154841599626,5.068856670869405,0.0,3.982745135430948,0.0,0.0,4.381979400401014,2.6508473315377934,5.67212946761572,6.243147816055266,0.0,3.308060876405256,0.0,6.909372773865585,0.0,4.381979400401014,3.982745135430948,0.0,0.0,3.308060876405256,4.887792244979671,0.0,3.308060876405256,2.6508473315377934,6.135156347018279,2.6508473315377934,0.0,0.0,3.308060876405256,0.0,0.0
Endo_Peritubular,HK1632,106,DKD,79821.0,0.0,0.0,4.332943906006816,4.838504155800643,2.6047639379104757,0.0,0.0,4.332943906006816,0.0,0.0,3.2602504835693455,0.0,4.7340231300141,0.0,0.0,2.6047639379104757,0.0,4.332943906006816,0.0,2.6047639379104757,3.9340217661562247,0.0,4.1532446760007105,2.6047639379104757,2.6047639379104757,4.1532446760007105,4.933094177205586,0.0,5.0990393121717235,0.0,0.0,2.6047639379104757,0.0,4.332943906006816,6.48074621212604,0.0,2.6047639379104757,0.0,6.819520933387856,0.0,4.838504155800643,3.9340217661562247,0.0,0.0,3.652840129665117,4.332943906006816,0.0,5.305533783099667,2.6047639379104757,5.750032229829768,0.0,2.6047639379104757,0.0,0.0,0.0,3.652840129665117
Endo_Peritubular,HK1594,40,HKD,52339.0,0.0,0.0,4.065921669868029,3.668993606251141,0.0,0.0,0.0,0.0,0.0,0.0,0.0,0.0,0.0,3.0010287936613356,0.0,0.0,0.0,4.065921669868029,3.0010287936613356,3.0010287936613356,3.0010287936613356,0.0,3.668993606251141,0.0,0.0,4.750458296807047,6.087780727257687,0.0,4.90337282275836,0.0,0.0,0.0,3.0010287936613356,6.664861301477769,6.417383648332023,0.0,3.0010287936613356,0.0,7.281435262222914,0.0,4.349307733184924,4.065921669868029,0.0,0.0,5.035976096141636,5.153036665266321,0.0,7.011358488092201,0.0,6.77979204193718,0.0,0.0,0.0,0.0,0.0,3.0010287936613356
Endo_Lymphatic,HK2862,26,DKD,23785.0,0.0,4.443669669584362,0.0,0.0,0.0,0.0,0.0,0.0,4.845209507004006,0.0,0.0,0.0,0.0,0.0,0.0,0.0,0.0,3.762206692732825,0.0,0.0,0.0,3.762206692732825,0.0,0.0,0.0,3.762206692732825,4.845209507004006,5.130923151044469,0.0,0.0,0.0,5.130923151044469,4.845209507004006,3.762206692732825,5.130923151044469,0.0,0.0,0.0,4.443669669584362,0.0,0.0,0.0,0.0,0.0,0.0,0.0,0.0,0.0,0.0,5.130923151044469,0.0,3.762206692732825,0.0,0.0,0.0,0.0
Endo_Lymphatic,HK2596,24,DKD,20824.0,0.0,0.0,5.26313596804065,0.0,0.0,0.0,0.0,0.0,0.0,0.0,0.0,0.0,0.0,3.8922592555936695,0.0,0.0,0.0,0.0,0.0,3.8922592555936695,0.0,0.0,0.0,0.0,0.0,0.0,5.26313596804065,0.0,5.485243174949747,0.0,0.0,0.0,0.0,3.8922592555936695,5.953690271032725,0.0,3.8922592555936695,0.0,4.977178753142611,0.0,3.8922592555936695,3.8922592555936695,0.0,0.0,0.0,0.0,0.0,0.0,0.0,4.575154460317998,0.0,0.0,0.0,0.0,0.0,0.0
Endo_Lymphatic,HK2558,68,HKD,231133.0,0.0,3.5726856488548115,4.12019400602163,4.311479782347185,3.294320154792133,4.4212924527911905,0.0,0.0,0.0,1.672696860177639,0.0,1.672696860177639,4.7691228909094585,4.047334589729391,0.0,3.294320154792133,1.672696860177639,4.4212924527911905,0.0,2.907231782462277,0.0,0.0,0.0,0.0,0.0,2.6375948262909445,2.907231782462277,4.188103533355554,2.267271504765542,0.0,0.0,4.906177426424998,3.5726856488548115,2.267271504765542,4.520230618736184,1.672696860177639,3.968746563024157,2.267271504765542,4.4212924527911905,0.0,1.672696860177639,1.672696860177639,0.0,0.0,0.0,2.6375948262909445,0.0,1.672696860177639,4.471984632112551,3.968746563024157,2.6375948262909445,2.267271504765542,0.0,0.0,3.294320154792133,1.672696860177639
Fibroblast_1,HK2893,416,Control,1962239.0,1.6247156773303246,3.6948835826534685,2.031443458923511,4.567461033248023,1.8076687701598182,3.2954930197260137,2.2141855528287633,3.1317368359681135,5.9683513998828905,1.4006240735117124,2.5825569679912816,0.9277708819723174,4.26728649659995,3.998389697434266,1.5189339159633761,7.195301109640465,3.419628845898843,4.007695358897987,0.4118592331148662,4.942547607311627,0.9277708819723174,1.6247156773303246,3.0862353988926188,2.502393048094249,2.0961397022033257,3.9002354458516715,4.598719725458647,4.6339945760835795,3.9002354458516715,0.9277708819723174,0.0,2.9885067781228054,3.74429938426798,2.6567688246439007,7.37819830929944,2.880182425159575,3.2569987785200376,4.839190304275742,8.5250883205781,1.2664149498163395,1.887954270148696,2.543278074804331,1.8076687701598182,2.5825569679912816,2.2141855528287633,5.843529326200103,0.4118592331148662,6.562945691369263,4.7148131220927105,8.595179711292175,2.880182425159575,2.1569034699603624,1.1113599134720467,2.0961397022033257,1.7203703807776036,3.4524389829132685
Fibroblast_1,HK2898,52,Control,48592.0,4.138976215365555,0.0,4.138976215365555,4.643405763209565,3.0717446825860244,4.9771242512449065,5.592976605906301,3.0717446825860244,5.592976605906301,4.138976215365555,5.513244177315299,0.0,3.0717446825860244,4.643405763209565,3.0717446825860244,5.513244177315299,5.799917490549933,4.824121888363573,0.0,4.9771242512449065,0.0,5.4265993697093045,6.28426008751334,5.971289558758764,3.0717446825860244,3.0717446825860244,0.0,6.52227533395094,3.0717446825860244,0.0,0.0,5.226905536176241,5.592976605906301,4.138976215365555,4.643405763209565,3.0717446825860244,4.643405763209565,0.0,6.245113989045082,4.643405763209565,0.0,3.0717446825860244,3.0717446825860244,0.0,0.0,5.226905536176241,0.0,0.0,6.714389887520192,6.896509202856136,5.4265993697093045,4.824121888363573,3.0717446825860244,3.0717446825860244,3.7414490985854902,3.0717446825860244
Fibroblast_1,HK2862,959,DKD,903422.0,0.0,3.49953842562032,4.319651934550161,3.316570727358774,1.4634191079230243,2.986557371371638,4.577804238148149,2.8680998098072785,6.049348299114433,0.745218822465304,3.49953842562032,0.0,1.4634191079230243,4.142920983533287,2.0335827343054316,6.466150019451983,3.8127792306423256,4.125191098357199,0.745218822465304,3.736606901861765,0.0,3.316570727358774,0.0,2.8031563546239413,2.4906421885306567,3.682398114897636,5.013510004731533,6.828881559497845,3.0924571803578855,2.9290815902506013,0.745218822465304,4.348680107304241,4.929106318286386,4.482384184002618,5.646365619099266,2.3944458575925682,3.49953842562032,4.404324636312584,5.650265727997074,3.4655255000250103,2.0335827343054316,2.733700500499782,0.745218822465304,1.1674555449514568,0.0,3.4655255000250103,0.745218822465304,3.5324324257204034,4.404324636312584,6.16279727365262,1.4634191079230243,3.1414783812373868,0.0,0.0,3.9060795092643823,1.1674555449514568
Fibroblast_1,HK2596,823,DKD,888520.0,0.0,0.0,5.730919284076395,1.8912028145371225,2.6745351144636254,4.9535948752065995,1.476226744303829,2.3029586782692286,3.8768023128480684,0.0,0.0,0.0,0.0,4.3212254747999435,0.0,5.464774654412787,0.0,4.3212254747999435,0.0,4.799296593586465,0.0,0.0,0.0,0.0,0.0,3.1083408026392108,6.104369987339168,5.995621585898704,4.835701140248074,1.705087720982465,0.0,0.7539915753226856,3.371997748993641,2.3029586782692286,6.206990176167361,0.0,3.157397847556045,4.82672349410912,4.259561756918094,1.476226744303829,1.8912028145371225,0.0,0.7539915753226856,0.7539915753226856,0.7539915753226856,0.0,0.0,3.611321782501438,0.0,5.167339258198353,0.0,0.0,0.0,0.0,2.0480543796807247,0.0
Fibroblast_1,HK2774,1330,HKD,5097727.0,0.7779455584661739,2.5316141489713644,4.390036210712071,3.746935991070825,1.9574351452594776,3.9919601322696505,3.8312065331648766,1.0172188246072096,6.137239751741168,1.2101507765887083,4.229417581400687,0.0,0.4627886509059221,4.232269855106259,0.6835155949067004,5.327843758045725,3.7607231181811556,3.501682059955627,3.3347330483309254,3.134214105547123,0.33097983783805635,2.111198994623861,0.17912132467914044,2.9673117505369246,2.3049452607032066,3.602836330514481,5.694440468025533,6.768284676195117,3.362302421306465,2.415969554405991,0.33097983783805635,4.265877264309098,4.1367026559918205,4.662955345001956,5.210786311409406,2.8721001826629777,2.860939069381061,5.5813571013137855,5.900664187314008,3.3416969750047296,2.134675503791866,2.6067270817684642,2.134675503791866,2.361997416074236,2.201968888822073,2.5623396048662794,1.1498833277912188,3.2991668470840536,2.6765901029596053,6.103178829641082,3.1595110489036307,2.547094878982247,1.5939825301600887,1.7068939292801153,3.6447058430174017,1.9847609467820155
Fibroblast_1,HK2844,540,DKD,768810.0,2.1752367101203736,4.84551702414735,3.920527471502902,4.563847427674018,2.6395654070824572,4.666807289180006,4.997079820924098,0.8332184182221171,4.895393316441865,2.3130284136238304,5.298361654793505,2.1752367101203736,4.170299896725249,4.942899698640384,2.809916892671424,6.220738538466862,4.319360424780804,3.388303031088611,0.0,4.782183893672806,0.0,4.0187205127377235,4.319360424780804,5.151520759126095,1.2813290391319714,3.839987698742339,4.0187205127377235,7.043706587918046,1.5896707158912096,2.0153772342082448,0.0,4.690972156628536,3.970828742403224,2.5421060713299055,3.995061302883403,3.1951078636741594,4.464147469462208,3.811632134654125,5.589664671133235,3.3433896254995616,2.3130284136238304,2.3130284136238304,1.825008212011547,0.0,0.0,3.0209453525206156,0.8332184182221171,2.434112521452193,6.328482956602082,5.159024425528457,4.536361394687044,3.995061302883403,0.8332184182221171,2.955428938703645,3.689412928679511,2.1752367101203736
Fibroblast_1,HK2895,184,Control,327436.0,4.128434163501779,4.994462095366178,3.9093095458708342,4.861898143850839,2.318664700294362,5.111492029221578,5.264781326218464,0.0,5.165241985240832,3.451266706073966,4.7090359313115275,2.318664700294362,3.2360182685275043,5.694543585574591,3.5436904104274056,5.264781326218464,5.994156378919435,4.736191268714704,0.0,4.908066471000073,1.9612298953274168,4.49498612299431,5.837880804640942,5.514946088650629,2.789332734630211,4.592378944298402,3.6282900103090756,7.030850239303391,3.2360182685275043,2.581437881670746,0.0,4.762628647232863,4.348350897895967,4.736191268714704,4.973552832472788,3.3494228275094895,4.7090359313115275,4.128434163501779,6.024159956480571,3.5436904104274056,1.3997119249000909,2.961357761657877,0.0,0.0,1.3997119249000909,3.9687538041035726,2.581437881670746,2.961357761657877,6.8637114279933265,7.3515152139280575,5.326030483590068,4.762628647232863,2.318664700294362,4.387074252202524,4.024861834940424,3.706287430453435
Fibroblast_1,HK2868,21,HKD,35091.0,3.3842999372031293,5.300721217451533,5.550926587581373,4.060351126984938,3.3842999372031293,4.460051999232958,4.7448394457772505,3.3842999372031293,4.7448394457772505,0.0,5.147401524788809,0.0,4.460051999232958,5.917455620211004,3.3842999372031293,5.147401524788809,5.300721217451533,4.460051999232958,0.0,5.300721217451533,0.0,4.060351126984938,0.0,5.550926587581373,0.0,0.0,4.7448394457772505,6.847380951777667,0.0,0.0,0.0,4.460051999232958,5.147401524788809,5.550926587581373,5.300721217451533,4.7448394457772505,4.96624219113826,3.3842999372031293,5.147401524788809,0.0,0.0,0.0,4.7448394457772505,0.0,0.0,4.7448394457772505,0.0,4.060351126984938,6.242129951732616,7.064238170343779,4.060351126984938,0.0,0.0,4.96624219113826,3.3842999372031293,3.3842999372031293
Fibroblast_1,HK2663,273,Control,476326.0,3.9794024140048774,4.190888492936849,4.739419007195739,3.6024999502897463,2.878929886425163,5.775199112340134,5.213020981975884,3.265485713794371,3.5435773479542734,2.442087223379967,5.455465030706802,3.3425873016266254,0.0,5.635576914001831,3.3425873016266254,5.707822831200222,5.557702230605296,4.125240217909166,0.0,4.310518386003343,0.0,4.93849866949904,5.597397439119446,5.557702230605296,2.609806159484537,2.9904494736266165,4.84390476789186,6.897521676065038,3.710852461950652,2.878929886425163,0.0,4.054977546401799,4.338316232635241,4.2819256708140685,5.482020827011483,3.1819390900464106,4.53660983283026,3.939359149901669,6.426851397983927,3.939359149901669,2.609806159484537,2.9904494736266165,1.6484287953498362,1.1312093542196568,0.0,3.3425873016266254,0.0,3.710852461950652,7.3583554190805724,6.606636244933558,5.279360991593964,4.365362212172012,1.6484287953498362,4.682774797880051,3.710852461950652,3.4141674107013573
Fibroblast_1,HK2867,103,Control,258899.0,4.309290494354235,5.748957596093418,3.4626085403976563,4.969208070349803,1.5815547841727686,5.92869373946611,5.603504231074968,3.3335454191709566,4.727501021449985,3.772476092906737,6.265873999899247,2.532706663000902,6.157458173888975,5.724036951401412,3.576902397828258,5.736574901555185,5.529679674772506,5.095132213570595,0.0,4.4080928389058975,0.0,4.825111197889671,6.228488955805326,6.00774027478441,0.0,4.199645149240183,3.576902397828258,6.517581558240076,1.5815547841727686,2.532706663000902,0.0,5.141373713306477,5.206958229557874,3.772476092906737,4.309290494354235,2.800327930900191,4.454059138435001,2.1661947811649243,5.672251410500413,4.914035206025139,2.800327930900191,3.4626085403976563,2.532706663000902,0.0,0.0,4.454059138435001,2.1661947811649243,0.0,7.335905461403575,4.793621358370976,5.672251410500413,5.046648327322059,2.1661947811649243,4.540100773866252,4.199645149240183,4.454059138435001
Fibroblast_1,HK2739,72,HKD,75727.0,3.7041618071399776,5.3579310056672105,4.384922163909255,4.537290705494718,3.310931964826932,4.384922163909255,5.628742510201839,3.310931964826932,5.628742510201839,0.0,6.048720086933001,2.653617223136477,4.537290705494718,5.293706478050133,3.310931964826932,4.205090276960626,5.418278492477976,5.418278492477976,0.0,4.890749775099084,0.0,5.225072335617577,6.048720086933001,5.225072335617577,3.985669646749265,4.205090276960626,4.786223998195828,6.432378028926011,2.653617223136477,0.0,0.0,5.151378121760418,5.675099190190798,4.384922163909255,5.418278492477976,4.6694834070766555,4.890749775099084,2.653617223136477,4.6694834070766555,4.890749775099084,0.0,4.6694834070766555,3.310931964826932,0.0,0.0,4.384922163909255,0.0,4.537290705494718,6.048720086933001,5.3579310056672105,5.071817915826329,4.537290705494718,4.205090276960626,5.3579310056672105,4.6694834070766555,3.985669646749265
Fibroblast_1,HK2558,314,HKD,618181.0,1.7669453975079399,5.18705844489686,4.025352990630982,3.7242762788752617,3.2914713211341393,6.2355071791903605,3.7994482718851454,2.843541704687556,6.35201564832796,1.443453785990078,4.209511099207453,3.7994482718851454,5.521932713644283,4.752322950460813,0.9622766630281607,6.1495374223837285,3.7242762788752617,3.349905364365263,0.0,4.806670727837129,0.0,0.9622766630281607,1.443453785990078,0.9622766630281607,1.7669453975079399,3.8350161993018936,4.552018888582829,7.557305265318448,3.01611269457943,0.9622766630281607,1.443453785990078,4.256448042996005,4.709531512918933,3.554508657757977,5.111989103913762,3.2294096685118845,5.020198590220707,5.553758578714467,4.424847939536446,3.349905364365263,1.7669453975079399,2.7446291457062593,1.443453785990078,0.0,1.443453785990078,4.385331303132908,0.9622766630281607,3.4574307224669774,3.762568462697678,4.134697160089515,2.5115116114376903,3.599728036039617,0.9622766630281607,1.443453785990078,5.273604011637886,2.206981930180793
Fibroblast_1,HK2891,307,HKD,780189.0,3.282219161871606,4.549309334793037,3.497825409706673,4.479134833850133,2.002655462069584,4.734382609219433,4.664407850436123,4.072070523914225,6.7248532158857826,2.299799711912314,4.664407850436123,1.5779930893394973,5.173878662874137,4.479134833850133,2.7146383031953087,6.34354845098284,5.066726404170578,4.322023957322942,3.7380434199678207,4.549309334793037,0.0,3.797267024026893,5.483491152284819,5.195418811657288,2.7146383031953087,4.214354992928583,3.8800039456657127,6.064675827434598,3.2328999622130437,1.8126991664286027,0.0,4.269637851462785,5.114061246460601,3.8800039456657127,7.002566957646974,2.162224058627927,3.7680935873486043,4.464489035566143,8.19263329468896,4.175725379165336,3.068418045342408,3.417071920044352,2.299799711912314,2.625929178752651,3.282219161871606,4.9999125520137735,1.5779930893394973,6.365831996555254,6.185175141535803,8.580233884080357,4.338893399401259,4.195226705332627,2.8714510619791684,3.707062189185409,3.6420624547349862,3.535881478701683
Fibroblast_1,HK2770,53,HKD,108918.0,3.3514347291343713,4.93244513895996,4.026909644204539,5.11356449755956,0.0,4.026909644204539,4.93244513895996,0.0,8.037566050393721,2.963334993200291,5.4403830552846335,2.32054473859336,3.630319706954212,4.790452735397407,2.32054473859336,4.93244513895996,5.11356449755956,5.11356449755956,0.0,4.31012441713609,0.0,2.963334993200291,7.421764932071915,4.624908182615664,2.963334993200291,4.711102179372477,5.716962645522016,5.803699844287332,0.0,0.0,0.0,3.3514347291343713,4.711102179372477,4.178510025652253,6.612952891530298,3.3514347291343713,4.31012441713609,6.729215665346455,6.423476914702473,4.426413907082092,2.963334993200291,3.3514347291343713,2.32054473859336,4.31012441713609,0.0,2.32054473859336,0.0,2.963334993200291,6.262120260049195,6.803238243122806,3.8481476135579915,4.31012441713609,2.963334993200291,3.630319706954212,0.0,4.530577978001072
Fibroblast_1,HK2711,401,HKD,773627.0,2.1697021230956173,5.238720352133361,4.731426513359084,4.259874252681632,2.307402284525377,4.917966649833088,4.936698414742545,2.8040480884697883,4.879416437449271,3.1343811630807075,4.412005168677987,3.1891184995091026,6.3631840228069585,5.075119742171509,2.5363530693419833,5.174992635209387,4.241448576211376,4.241448576211376,0.8296920361728775,4.879416437449271,1.2768212836762853,3.5060171935070947,4.544019056778859,4.347229977305835,1.2768212836762853,3.914405732716483,5.29214700011917,6.534762052821286,4.259874252681632,2.1697021230956173,1.8197718270124268,4.080373529266316,5.367288598604363,3.5440827695347425,5.676198280536855,2.8794211104441185,4.516151864998405,4.12313918452729,6.125322670527185,3.3373649004837076,2.7225274638255175,2.7225274638255175,0.8296920361728775,0.0,0.8296920361728775,3.650288435361744,1.2768212836762853,4.660620217005099,5.740522618705488,6.415282117773338,4.080373529266316,3.7153020397652154,2.0099659129174445,3.2903496832022867,4.241448576211376,1.8197718270124268
Fibroblast_1,HK2662,40,Control,242912.0,0.0,0.0,1.6325130547099886,3.2465027813407583,1.6325130547099886,0.0,3.5244097206970264,0.0,7.83381716612745,0.0,1.6325130547099886,0.0,0.0,2.222831062746348,0.0,5.134535308860921,0.0,3.5244097206970264,0.0,0.0,3.3950793766254184,0.0,0.0,3.9200031984329526,0.0,4.0713154206075055,6.08078413613882,4.0713154206075055,0.0,0.0,0.0,3.2465027813407583,0.0,4.517079437210688,8.171107707789291,4.0713154206075055,0.0,9.427817428697628,7.1934601312584885,1.6325130547099886,2.222831062746348,2.222831062746348,2.5915277327363038,4.824317884119218,2.8603058671104664,4.0713154206075055,2.222831062746348,0.0,0.0,8.005690704018571,2.8603058671104664,0.0,0.0,0.0,0.0,2.5915277327363038
Fibroblast_1,HK1997,68,Control,104685.0,0.0,2.3563596643017557,3.886958183346201,2.3563596643017557,3.0009652500760575,0.0,0.0,0.0,4.56979861552783,0.0,0.0,0.0,0.0,0.0,2.3563596643017557,0.0,0.0,3.0009652500760575,4.465588554050397,2.3563596643017557,0.0,0.0,2.3563596643017557,0.0,2.3563596643017557,3.0009652500760575,2.3563596643017557,0.0,3.389711698808666,0.0,0.0,3.0009652500760575,4.664166529187911,0.0,5.948292598250708,2.3563596643017557,0.0,3.0009652500760575,8.613088826818887,0.0,2.3563596643017557,5.396834848661525,0.0,0.0,2.3563596643017557,0.0,0.0,0.0,0.0,8.047079695123733,2.3563596643017557,3.389711698808666,0.0,0.0,0.0,0.0
Fibroblast_1,HK1770,42,HKD,96443.0,0.0,3.079045217817002,2.4308744226691688,3.748922154914515,3.748922154914515,0.0,0.0,0.0,3.9673459641464923,0.0,0.0,0.0,0.0,2.4308744226691688,0.0,0.0,0.0,3.4690571520753744,4.298396791325091,0.0,0.0,0.0,0.0,0.0,0.0,2.4308744226691688,2.4308744226691688,0.0,3.4690571520753744,0.0,0.0,3.9673459641464923,3.748922154914515,0.0,5.952324207734897,0.0,2.4308744226691688,2.4308744226691688,8.63609003430963,0.0,2.4308744226691688,3.9673459641464923,0.0,0.0,2.4308744226691688,0.0,0.0,3.748922154914515,0.0,8.197011786683396,0.0,3.748922154914515,0.0,0.0,0.0,0.0
Fibroblast_1,HK1634,32,DKD,47117.0,0.0,0.0,4.45312618467801,0.0,0.0,0.0,3.7715538707588627,0.0,7.843005716283393,0.0,0.0,0.0,0.0,4.169317306589299,0.0,6.002037160435441,0.0,4.169317306589299,0.0,3.1011620823943242,0.0,3.1011620823943242,0.0,0.0,0.0,3.1011620823943242,5.6236885987204035,5.830650616171336,5.7663078202810985,0.0,0.0,0.0,0.0,3.7715538707588627,7.260517019938641,3.1011620823943242,0.0,6.053206761788287,8.16135239961078,0.0,0.0,3.1011620823943242,3.7715538707588627,3.1011620823943242,4.169317306589299,3.1011620823943242,3.1011620823943242,7.680556046897616,0.0,8.039050697722033,0.0,0.0,0.0,0.0,0.0,3.1011620823943242
Fibroblast_2,HK2893,699,Control,2756244.0,0.7364162953357584,3.6087113051933475,1.3616175398224317,4.542017592349486,1.8628683453712156,3.2453719037062148,1.3616175398224317,1.9176578269732187,3.9951400489466637,1.034629313060878,1.6076239467872588,1.3616175398224317,3.9260309074825264,3.449233509842096,0.7364162953357584,7.445643550685804,2.5904392326486696,4.02149963390422,0.0,4.904369498093336,0.8965982309984806,0.30955063862243315,3.2166986709009096,2.1109706859378417,2.4752247170572703,3.9749041230151,4.387709895288763,3.4832287126391757,1.3616175398224317,0.30955063862243315,0.545589397789133,3.1871789526367382,3.844052152115377,1.3616175398224317,7.356853849963746,2.4752247170572703,2.932676198531937,4.36028038710868,7.033882519048822,0.7364162953357584,1.969600709940483,2.2728989833245214,0.545589397789133,2.1539765178503743,0.545589397789133,6.234461805579614,0.30955063862243315,4.3695074070676965,3.804444973401665,6.736640912370782,2.4752247170572703,2.3095919405508205,0.7364162953357584,1.4505156203603458,1.5321519938783381,3.3397099731765447
Fibroblast_2,HK2898,44,Control,40544.0,0.0,0.0,0.0,3.9185839138169642,3.2451111281627205,0.0,5.511998770906064,3.2451111281627205,5.157052914755249,3.9185839138169642,3.9185839138169642,0.0,0.0,5.511998770906064,3.2451111281627205,5.289864217436877,3.9185839138169642,3.2451111281627205,0.0,4.822881487609896,0.0,5.407086824428082,5.289864217436877,5.003861548959579,3.2451111281627205,4.60174681121685,4.822881487609896,5.289864217436877,3.9185839138169642,0.0,3.2451111281627205,5.847316619129196,5.511998770906064,4.317403921620789,5.003861548959579,3.2451111281627205,5.606941789840686,3.2451111281627205,5.693647096427627,5.003861548959579,0.0,4.317403921620789,0.0,0.0,0.0,5.157052914755249,0.0,0.0,6.607915410763122,6.9199279309786945,5.289864217436877,5.289864217436877,0.0,4.60174681121685,3.2451111281627205,3.2451111281627205
Fibroblast_2,HK2862,206,DKD,152851.0,0.0,3.6952072399403706,4.196046241050922,3.6952072399403706,2.0205296931405465,3.0265988111701647,5.179773738379868,3.0265988111701647,5.179773738379868,0.0,2.0205296931405465,2.0205296931405465,0.0,4.289986848593882,2.0205296931405465,6.345955173447841,4.375855480771167,3.3020867746311127,0.0,4.092357103759354,0.0,3.9766593703372592,0.0,3.3020867746311127,2.6450846985328935,3.9766593703372592,5.643040175494101,6.633198693065965,3.6952072399403706,0.0,0.0,4.59648038737422,5.215940316625476,4.289986848593882,5.595584896138588,2.6450846985328935,4.528207776197894,4.289986848593882,5.46604749963672,3.3020867746311127,0.0,3.517841842037905,0.0,3.3020867746311127,0.0,4.092357103759354,0.0,3.0265988111701647,4.092357103759354,5.991668172409316,0.0,3.6952072399403706,0.0,0.0,4.720456087167724,0.0
Fibroblast_2,HK2596,127,DKD,107255.0,0.0,0.0,5.072048744751887,0.0,4.193662195533347,4.042023510946037,0.0,3.8632081800996585,3.366285801996175,0.0,0.0,0.0,0.0,4.193662195533347,0.0,6.019170383607834,0.0,4.44161745084697,0.0,5.182614208076529,0.0,0.0,0.0,0.0,0.0,3.366285801996175,5.701628119274132,5.494759347265056,3.8632081800996585,2.977932254867418,0.0,2.334430081717076,4.947721194225442,0.0,5.924103342855325,0.0,4.042023510946037,4.805711995915147,4.640144600630155,0.0,2.334430081717076,0.0,0.0,0.0,0.0,2.334430081717076,0.0,2.334430081717076,0.0,4.805711995915147,0.0,0.0,0.0,0.0,3.6453010243771864,0.0
Fibroblast_2,HK2774,287,HKD,544356.0,1.5420294071900054,3.351849448936111,4.381931931132408,3.8485682264474717,2.628951568432971,4.946022224192523,4.448557584795611,3.580838383494084,4.531003121798574,2.628951568432971,4.66070789351169,0.0,0.0,4.90604054158485,1.8735083135606874,6.52042261088089,4.381931931132408,3.7670379658375635,3.723636580768514,4.677936523550277,0.0,2.628951568432971,0.0,3.6782657140905846,2.320932307785708,3.472884137142871,5.809651843918017,5.804128321591586,3.528317318392744,3.2141217635826056,0.0,4.178933215734065,4.9195461651614725,5.113991686578002,6.552378945727142,3.1374226777028804,4.66070789351169,4.806020567225453,6.795479905555106,2.753422782411969,2.753422782411969,2.753422782411969,1.8735083135606874,0.0,3.0543484939224057,4.643177226494852,1.0427588293691006,3.0543484939224057,3.1374226777028804,6.654446260297609,3.808633764038384,3.351849448936111,2.122037857815953,2.864101819417493,4.334913510128604,2.753422782411969
Fibroblast_2,HK2899,32,Control,20148.0,0.0,0.0,4.607821027154659,3.924597965908426,3.924597965908426,5.009956087907242,0.0,5.8534345515353,3.924597965908426,0.0,5.986607126672222,0.0,0.0,5.009956087907242,0.0,5.295968968972371,3.924597965908426,0.0,0.0,5.699762094834871,0.0,0.0,0.0,0.0,0.0,0.0,3.924597965908426,6.104110993020917,0.0,0.0,0.0,4.607821027154659,0.0,0.0,3.924597965908426,5.009956087907242,5.009956087907242,0.0,5.699762094834871,3.924597965908426,0.0,0.0,0.0,0.0,0.0,4.607821027154659,0.0,0.0,5.8534345515353,6.901389417565875,0.0,0.0,0.0,0.0,3.924597965908426,0.0
Fibroblast_2,HK2844,44,DKD,50139.0,3.710863726336958,4.39170733212439,3.041878666967467,4.108143293958599,0.0,4.7930373775926745,4.9460034635491095,0.0,4.7930373775926745,4.108143293958599,5.561754915660213,3.041878666967467,4.108143293958599,5.395399137677404,0.0,6.577866850086659,5.482032325747082,3.710863726336958,0.0,4.9460034635491095,0.0,4.39170733212439,4.612371898268184,4.39170733212439,0.0,4.108143293958599,4.9460034635491095,6.29064827451869,3.041878666967467,0.0,0.0,5.078645488969382,4.612371898268184,4.108143293958599,0.0,0.0,5.561754915660213,4.7930373775926745,5.1957362473171465,0.0,0.0,3.041878666967467,0.0,0.0,0.0,4.108143293958599,0.0,0.0,6.755321590279483,4.108143293958599,5.1957362473171465,4.612371898268184,0.0,4.108143293958599,3.710863726336958,0.0
Fibroblast_2,HK2895,51,Control,94761.0,3.4861080286014174,5.252019795631247,3.9846101036116814,4.447614409067263,2.44693342137634,5.1348911620797235,4.928609573323483,3.4861080286014174,3.766105698514728,3.4861080286014174,3.0958368124920628,2.44693342137634,0.0,5.618131912982039,2.44693342137634,5.655737734934821,5.405422062584435,4.447614409067263,0.0,5.3568564810958845,0.0,4.762870361689046,4.315753971121775,5.305811351004904,0.0,4.5640958802212825,4.163826896466464,6.60624540192766,0.0,2.44693342137634,0.0,4.66841392316916,3.4861080286014174,4.762870361689046,5.195169389068719,3.4861080286014174,4.66841392316916,4.315753971121775,4.5640958802212825,0.0,0.0,2.44693342137634,0.0,0.0,0.0,4.163826896466464,0.0,2.44693342137634,6.435539620891928,6.661742174819464,5.305811351004904,4.447614409067263,0.0,4.315753971121775,3.9846101036116814,3.766105698514728
Fibroblast_2,HK2868,41,HKD,66930.0,2.768893347538539,3.8247850431351083,3.8247850431351083,3.430172396490205,2.768893347538539,4.791880970459392,4.659534138336095,4.908741710199303,3.430172396490205,2.768893347538539,5.480871104165209,0.0,0.0,5.59819117718661,0.0,5.541250654815402,3.8247850431351083,4.326843093387333,0.0,4.908741710199303,0.0,4.506960692935594,0.0,4.506960692935594,2.768893347538539,2.768893347538539,4.659534138336095,6.343453908087725,0.0,0.0,0.0,4.106996396942592,5.194576634999499,2.768893347538539,4.791880970459392,2.768893347538539,5.194576634999499,4.326843093387333,4.659534138336095,2.768893347538539,0.0,2.768893347538539,2.768893347538539,2.768893347538539,0.0,5.842507971944907,2.768893347538539,3.8247850431351083,6.0737090837084,6.0737090837084,4.106996396942592,3.8247850431351083,0.0,4.106996396942592,0.0,0.0
Fibroblast_2,HK2833,20,Control,23095.0,3.7909714818825737,5.382185412688827,3.7909714818825737,0.0,0.0,6.408844748405746,0.0,0.0,0.0,0.0,5.563740381907425,0.0,0.0,6.07303106529752,4.874420276139135,0.0,4.874420276139135,0.0,0.0,5.382185412688827,0.0,6.2549685185832065,0.0,3.7909714818825737,0.0,3.7909714818825737,0.0,3.7909714818825737,0.0,0.0,0.0,3.7909714818825737,5.160190642006653,4.472767652143047,0.0,0.0,5.850463392758232,0.0,0.0,5.563740381907425,0.0,0.0,0.0,0.0,0.0,4.472767652143047,0.0,0.0,4.472767652143047,5.717343139167734,5.563740381907425,3.7909714818825737,0.0,3.7909714818825737,3.7909714818825737,0.0
Fibroblast_2,HK2663,43,Control,73831.0,3.72890124774997,3.72890124774997,3.3353742028074467,4.010560415745014,3.3353742028074467,5.097016964631124,5.010561338685917,5.176589180061381,2.6772092093985034,0.0,5.318936775374363,2.6772092093985034,0.0,5.097016964631124,3.72890124774997,5.605393607879152,5.318936775374363,4.230072734940056,0.0,5.554293872262122,0.0,3.72890124774997,4.694604672200229,4.562378781568631,2.6772092093985034,3.3353742028074467,4.409966124099669,6.6676917306837655,2.6772092093985034,0.0,0.0,3.72890124774997,4.010560415745014,4.010560415745014,4.230072734940056,0.0,5.318936775374363,4.010560415745014,5.250293696887561,3.72890124774997,2.6772092093985034,0.0,2.6772092093985034,0.0,0.0,3.72890124774997,0.0,0.0,6.6676917306837655,6.436221712930642,4.694604672200229,4.230072734940056,0.0,4.811371137799734,3.72890124774997,2.6772092093985034
Fibroblast_2,HK2867,44,Control,100715.0,0.0,4.941686038370062,3.4270932631096347,5.074324213993963,2.3914205016975716,4.60806674647253,4.868127341922085,6.715513838967594,3.037738296022738,2.3914205016975716,4.702470053709933,0.0,5.732691342326362,5.010202626744983,2.3914205016975716,4.387412862439372,4.503813514916552,4.868127341922085,0.0,4.868127341922085,0.0,4.103866510476849,5.557423241641186,5.4353241024814345,0.0,4.255656016254041,4.788725074817737,5.074324213993963,0.0,0.0,0.0,5.010202626744983,5.074324213993963,3.7066218818017034,5.245186301958652,3.037738296022738,5.4777020411580635,3.4270932631096347,5.245186301958652,3.4270932631096347,3.037738296022738,2.3914205016975716,2.3914205016975716,0.0,0.0,4.788725074817737,0.0,3.037738296022738,6.322609090597221,4.387412862439372,4.702470053709933,4.60806674647253,0.0,3.9248412590339092,0.0,3.7066218818017034
Fibroblast_2,HK2739,39,HKD,42395.0,0.0,5.1126731594052455,4.557562186331991,4.273369882417343,3.202245798419988,4.557562186331991,5.245451772630087,4.959525304757162,3.202245798419988,3.874847987068037,5.4675404798589575,0.0,3.874847987068037,5.649158188590613,0.0,3.202245798419988,5.4675404798589575,4.273369882417343,0.0,5.1126731594052455,0.0,4.557562186331991,5.802805816321616,5.1126731594052455,0.0,4.557562186331991,3.202245798419988,5.649158188590613,0.0,0.0,3.202245798419988,4.778606015851136,4.959525304757162,4.959525304757162,4.557562186331991,3.202245798419988,5.649158188590613,0.0,4.557562186331991,3.202245798419988,3.874847987068037,3.202245798419988,0.0,0.0,0.0,4.778606015851136,3.202245798419988,3.202245798419988,5.935959753732745,4.557562186331991,3.874847987068037,3.874847987068037,4.273369882417343,4.273369882417343,0.0,3.202245798419988
Fibroblast_2,HK2558,142,HKD,200154.0,2.3971955666463947,5.224981109787489,3.58277062341417,3.7128211433136715,3.7128211433136715,6.500521122993787,3.257356449265481,1.7911180906252806,4.874433497344382,1.7911180906252806,2.7718671423797208,3.58277062341417,6.099550974773883,3.8278884317773425,0.0,6.110699343116204,4.329973768111865,3.58277062341417,0.0,5.224981109787489,0.0,0.0,0.0,2.3971955666463947,0.0,3.257356449265481,4.510098264317423,7.15462719928736,2.7718671423797208,2.7718671423797208,0.0,4.662676654534537,4.329973768111865,1.7911180906252806,5.140898355714408,3.7128211433136715,5.463065364030062,5.224981109787489,4.795027205510767,0.0,3.257356449265481,3.043789400015794,1.7911180906252806,0.0,0.0,5.111222723197912,0.0,0.0,4.024595736938529,3.4332423391842584,3.043789400015794,2.7718671423797208,0.0,0.0,5.302539035195419,1.7911180906252806
Fibroblast_2,HK2891,186,HKD,549464.0,1.534695162385946,3.7579150815068205,2.7446806123134198,4.5413538341250845,1.865608627560645,3.519252915145607,3.877821580548578,2.620288588751635,4.349479279383604,1.865608627560645,3.205159010736066,1.036721086063038,5.229157279174391,3.4638354295232725,2.8552970486514195,6.885832803202527,3.621646879265357,4.349479279383604,1.865608627560645,4.668683956821413,1.036721086063038,2.620288588751635,4.7662438350059215,3.914795101262606,1.534695162385946,4.050368621324746,5.1584560824304155,4.840850233042252,2.1138214452141675,1.534695162385946,0.0,3.7145233176531947,4.39541214380741,3.519252915145607,7.391772941168052,2.8552970486514195,4.050368621324746,4.141204057733483,7.307566776506041,3.342838189966116,2.3125133679062833,3.205159010736066,2.3125133679062833,2.7446806123134198,2.3125133679062833,5.943771837894058,1.534695162385946,4.702272639159981,4.93674914150801,7.638077432623863,3.7995020423966306,3.571759890564064,2.8552970486514195,1.036721086063038,2.8552970486514195,3.4638354295232725
Fibroblast_2,HK2711,149,HKD,277219.0,2.9463467258619325,5.138976023017717,4.241871507486607,4.2924455105890456,3.3964545138619164,5.073417772436859,4.5889993564102705,2.469942668347622,4.072713994333426,3.3964545138619164,4.188602892420101,3.267696255178184,6.426230879024698,5.313237288826019,2.105902433086598,5.563456461057065,3.941612661493225,4.009310236002868,0.0,5.239508164449754,2.105902433086598,4.188602892420101,5.095751485611032,4.1323362843708615,0.0,3.7906929027204805,5.752036949494208,6.055978654149235,2.7362505034957003,2.105902433086598,1.5276325294865083,4.472485892363027,5.5495242386967085,3.267696255178184,4.874137439951915,2.7362505034957003,4.97873349520561,3.7906929027204805,5.976835418555987,2.469942668347622,2.7362505034957003,2.9463467258619325,0.0,2.469942668347622,0.0,4.7258374765218445,1.5276325294865083,4.009310236002868,5.910634431433626,5.829187051837402,4.817428435864462,4.072713994333426,2.105902433086598,3.51050929660871,4.1323362843708615,2.105902433086598
Fibroblast_2,HK1650,139,HKD,131349.0,0.0,2.1533081021416622,2.1533081021416622,4.125624214580987,0.0,0.0,0.0,9.032172840222158,0.0,2.1533081021416622,0.0,0.0,0.0,3.1713612782443246,0.0,5.8394744809435615,0.0,3.9943977932176646,0.0,3.9943977932176646,3.1713612782443246,0.0,0.0,0.0,0.0,4.525690304770389,5.617058257981893,0.0,3.1713612782443246,0.0,0.0,2.786652488710369,0.0,4.125624214580987,6.928716912397036,3.9943977932176646,0.0,0.0,4.525690304770389,2.786652488710369,0.0,3.6652659637035603,0.0,2.1533081021416622,0.0,3.843312167116788,0.0,3.44850136414873,3.1713612782443246,5.58899124189481,0.0,0.0,2.1533081021416622,0.0,0.0,2.1533081021416622
Fibroblast_2,HK1634,22,DKD,36869.0,0.0,3.336589784752956,3.336589784752956,4.411211239886482,0.0,0.0,0.0,7.038931255971928,0.0,0.0,0.0,0.0,0.0,3.336589784752956,0.0,7.973557534630294,0.0,4.011798014342061,0.0,4.9171688483067095,5.2515475163492535,0.0,0.0,0.0,3.336589784752956,0.0,6.075274573308791,0.0,4.011798014342061,0.0,0.0,4.695853580930878,0.0,3.336589784752956,7.5204339388456205,4.011798014342061,4.011798014342061,3.336589784752956,6.479973049345889,0.0,3.336589784752956,4.011798014342061,0.0,0.0,0.0,4.9171688483067095,0.0,0.0,0.0,6.075274573308791,0.0,3.336589784752956,0.0,0.0,0.0,0.0
MyoFib/VSMC,HK2893,221,Control,1030418.0,0.6782771380274458,3.634376745686183,1.920281618354918,4.555313273105889,1.0787360186424362,2.805036494134632,1.5855385368910972,0.6782771380274458,1.5855385368910972,1.3639055475047241,1.0787360186424362,1.3639055475047241,3.581775137847087,3.266998279308241,0.0,8.445579313336461,2.457473730690637,4.01362022945783,0.0,4.8454649495610695,1.3639055475047241,1.3639055475047241,1.920281618354918,0.6782771380274458,1.5855385368910972,3.9218639639371085,4.447717868683304,3.2293012321122285,1.3639055475047241,0.0,1.0787360186424362,2.862095675369937,3.6084217680429327,1.7668517832434332,7.881737121694151,3.106851318747228,3.266998279308241,3.7993378936625546,7.527001919099142,0.0,1.5855385368910972,2.6801114692632697,1.3639055475047241,2.27565773092107,0.6782771380274458,6.315725179157549,0.0,4.401214307182183,3.2293012321122285,7.608729923770692,2.457473730690637,2.1706341113420318,0.0,0.6782771380274458,1.0787360186424362,3.1901272601048167
MyoFib/VSMC,HK2862,27,DKD,27338.0,0.0,0.0,4.992583215047996,0.0,0.0,0.0,5.395783057149077,0.0,5.395783057149077,0.0,0.0,0.0,0.0,3.62644859397604,0.0,6.967715678840476,0.0,4.306201205710473,0.0,4.306201205710473,0.0,0.0,0.0,4.306201205710473,0.0,3.62644859397604,6.086659828619202,6.645301003879569,4.707161288768818,3.62644859397604,0.0,0.0,4.707161288768818,4.707161288768818,6.086659828619202,0.0,0.0,3.62644859397604,5.214368222622442,0.0,3.62644859397604,0.0,0.0,4.306201205710473,0.0,0.0,0.0,3.62644859397604,0.0,6.896326475523395,0.0,0.0,0.0,0.0,4.306201205710473,0.0
MyoFib/VSMC,HK2596,172,DKD,179992.0,0.0,3.3596463853927094,4.21463747899114,0.0,0.0,3.816534046143122,0.0,0.0,0.0,0.0,0.0,0.0,0.0,4.293542795617959,0.0,7.374952042533192,0.0,3.3596463853927094,0.0,5.0534550961052656,0.0,0.0,0.0,0.0,0.0,3.3596463853927094,6.778576448040031,4.900368387858703,1.880350532317629,1.880350532317629,0.0,4.558588324422314,0.0,1.880350532317629,5.3033491323745405,0.0,3.3596463853927094,4.498618290716701,4.719534492017328,0.0,2.4941640805935483,0.0,0.0,1.880350532317629,0.0,3.5361598504944345,0.0,0.0,0.0,4.498618290716701,2.8717215545897052,2.8717215545897052,0.0,0.0,0.0,0.0
MyoFib/VSMC,HK2774,93,HKD,223924.0,0.0,3.914496141984477,3.324849146416426,4.4526041154465625,2.66704782157734,2.66704782157734,3.324849146416426,0.0,3.324849146416426,2.29572177355437,3.324849146416426,0.0,0.0,3.6034960378367757,0.0,8.363615081840829,2.66704782157734,4.078476183787575,3.718249113969075,4.683789310277508,0.0,2.29572177355437,0.0,1.6985106610709124,2.29572177355437,3.473846865983882,6.495172700744614,4.219316708275482,2.9372131242296553,1.6985106610709124,0.0,3.718249113969075,4.219316708275482,3.821179034529526,8.156029530946556,2.9372131242296553,3.821179034529526,5.704477766488468,7.539613148678719,1.6985106610709124,2.29572177355437,2.9372131242296553,0.0,2.9372131242296553,3.6034960378367757,5.748137621106014,0.0,3.324849146416426,0.0,7.331913841758112,2.29572177355437,0.0,0.0,1.6985106610709124,2.9372131242296553,0.0
MyoFib/VSMC,HK2895,28,Control,106995.0,0.0,4.444015974141337,0.0,4.196052684896808,0.0,4.196052684896808,4.044408010092087,0.0,0.0,2.3366223115884917,2.3366223115884917,0.0,0.0,4.950131056173162,3.3686291957242496,7.577819233352431,3.3686291957242496,4.808119231745814,0.0,4.32770044383845,0.0,3.6476647921240564,5.87537103566556,3.6476647921240564,2.3366223115884917,4.444015974141337,4.642548264602346,5.185027672957131,0.0,2.3366223115884917,0.0,4.044408010092087,2.980235936361022,2.980235936361022,6.989485311257595,2.3366223115884917,3.8655843432006884,3.3686291957242496,6.526897227596156,0.0,0.0,2.980235936361022,0.0,0.0,0.0,6.331099398703555,0.0,2.3366223115884917,5.41747522192921,7.736668004082538,2.980235936361022,2.980235936361022,2.980235936361022,2.980235936361022,0.0,2.980235936361022
MyoFib/VSMC,HK2558,267,HKD,431770.0,1.198773681038003,4.72001824326634,3.083946017790237,4.3190007378478565,2.072938402987589,5.553274715269128,1.198773681038003,0.0,4.989827079957977,1.198773681038003,2.8456262937021313,3.184718197319817,6.018448380575403,4.3190007378478565,2.5321272876056042,7.563011478666391,3.360117532735235,3.6390788959339546,0.0,4.973936520350297,0.0,0.0,0.0,0.0,0.0,3.9503404975144973,5.978197280603311,6.678850700124923,0.0,0.0,1.198773681038003,4.587759614035884,4.699154497270836,1.728481627187834,5.989863861919025,3.2762585613854496,5.227271487312329,4.836810230673493,4.287681404770411,2.072938402987589,1.198773681038003,1.198773681038003,0.0,1.198773681038003,1.198773681038003,5.1086049682888675,0.0,2.5321272876056042,4.435303436094726,4.563910217766042,2.8456262937021313,2.7011120124554227,1.198773681038003,1.728481627187834,3.6981566433541126,1.728481627187834
MyoFib/VSMC,HK2891,204,HKD,993867.0,0.0,2.8961828617097978,1.796888663887633,4.412796335879074,1.3909118185841027,0.0,2.3081234889435303,1.1027177469279137,2.490547319901924,0.696227853309655,0.696227853309655,0.696227853309655,4.3368045237565624,3.0969155258615633,2.0848265067674787,8.17208227859026,1.796888663887633,4.049095549649264,1.6143624436394544,4.688226322569598,1.9511855062555463,0.696227853309655,2.4034894559524216,1.6143624436394544,0.0,3.6435766360588713,5.372099239827533,1.9511855062555463,2.4034894559524216,0.0,0.0,3.0503822315450244,3.2247823588671873,1.796888663887633,8.107221527600789,3.0015774606221255,3.1839501401198036,3.897847011106605,7.74550841677604,2.4034894559524216,1.6143624436394544,2.6447710463002267,2.2026947846978353,2.4034894559524216,1.3909118185841027,6.350021539604227,0.0,2.8961828617097978,2.8961828617097978,8.344456148576395,1.9511855062555463,1.3909118185841027,2.4034894559524216,0.0,1.1027177469279137,2.8390043983539517
MyoFib/VSMC,HK2711,50,HKD,109990.0,2.311716832687764,5.103829546127166,3.3419853371650015,4.416737439989535,0.0,4.615210529974236,4.3004624614940505,0.0,3.8385632736796476,0.0,3.620786421828271,2.954049034553363,5.87374375949142,4.168866663757512,0.0,6.944528634224958,4.017290962934065,3.8385632736796476,0.0,4.780740361411923,0.0,2.311716832687764,4.416737439989535,4.017290962934065,0.0,4.017290962934065,6.565483788010729,5.208582532932507,0.0,2.311716832687764,0.0,3.8385632736796476,4.986805402869338,4.017290962934065,4.780740361411923,0.0,4.3004624614940505,3.620786421828271,5.847842278900526,0.0,2.311716832687764,2.311716832687764,0.0,0.0,0.0,4.3004624614940505,0.0,4.3004624614940505,4.168866663757512,6.286765772073263,4.168866663757512,2.954049034553363,2.954049034553363,2.311716832687764,2.954049034553363,0.0
MyoFib/VSMC,HK1634,42,DKD,59065.0,0.0,0.0,2.886503189976443,4.450298430197923,2.886503189976443,0.0,0.0,0.0,0.0,0.0,0.0,0.0,2.886503189976443,3.5513687428517056,0.0,8.695752112464204,0.0,3.5513687428517056,0.0,4.915914291408315,0.0,0.0,0.0,0.0,0.0,3.947226060298777,5.541096882032688,2.886503189976443,0.0,0.0,0.0,2.886503189976443,0.0,2.886503189976443,7.813127841274284,2.886503189976443,2.886503189976443,3.5513687428517056,7.004412296174067,0.0,0.0,0.0,0.0,2.886503189976443,0.0,6.568191686461706,0.0,2.886503189976443,0.0,6.4142750350134525,3.5513687428517056,2.886503189976443,0.0,0.0,0.0,0.0
GS_Stromal,HK2862,26,DKD,16246.0,0.0,4.821145920927721,4.1360240001861515,0.0,4.1360240001861515,5.510256189846873,0.0,0.0,4.821145920927721,0.0,4.1360240001861515,0.0,4.1360240001861515,0.0,0.0,4.1360240001861515,4.1360240001861515,4.1360240001861515,0.0,0.0,4.1360240001861515,0.0,0.0,4.1360240001861515,0.0,4.821145920927721,0.0,6.76012563976325,4.1360240001861515,0.0,0.0,4.1360240001861515,5.732590399543624,0.0,5.9143720311223476,0.0,4.1360240001861515,0.0,0.0,0.0,0.0,4.821145920927721,0.0,0.0,0.0,4.1360240001861515,0.0,0.0,5.9143720311223476,4.821145920927721,4.1360240001861515,4.821145920927721,4.1360240001861515,0.0,4.821145920927721,0.0
GS_Stromal,HK2596,83,DKD,196205.0,2.415326118814364,3.062775793369812,5.1607099209750125,0.0,4.58330785122296,6.7887775268526465,0.0,0.0,1.807749293498405,0.0,4.281569923343297,0.0,0.0,5.002633983050326,0.0,1.807749293498405,0.0,3.9506108402114344,2.415326118814364,5.583605039072106,0.0,0.0,0.0,0.0,0.0,0.0,0.0,6.578745695903212,2.790559416501117,0.0,0.0,3.4525322558449383,0.0,2.790559416501117,4.77258393568158,0.0,5.370925536063962,0.0,0.0,0.0,2.415326118814364,3.2765237994315943,3.2765237994315943,0.0,0.0,0.0,0.0,0.0,0.0,3.4525322558449383,0.0,3.732266490240722,0.0,0.0,4.1297200857503045,0.0
GS_Stromal,HK2774,845,HKD,1946263.0,3.393604957424362,4.370692476305271,4.024943637009043,4.0698158364127135,2.9161140051777834,4.3510127756488535,4.591304328990028,1.1168518313581588,4.043134843317046,2.467243967348291,5.089661021673012,2.6643723639652697,0.0,4.62208447121362,2.1033133834530777,3.9185078678886662,4.469571163424481,3.8768118249358747,3.8552931849157184,4.231527573476225,0.0,3.4921319663833983,0.0,4.357615801788408,2.8588676506528103,2.9161140051777834,4.161972625214879,5.211674122984625,3.764265744285082,3.393604957424362,2.1033133834530777,4.337674466232888,4.647030106057417,4.771934518839242,5.276747199528947,2.2756955852594625,4.3510127756488535,3.0463494248479446,6.607144180184272,3.070478223048749,3.0463494248479446,3.303366369886058,2.5099011546238783,2.8588676506528103,2.7334934184964386,3.522929089762706,2.4226857508017856,2.4226857508017856,4.357615801788408,6.3893553536394165,3.8108148565740287,3.7761077329119863,2.9962717005409085,3.7761077329119863,4.7410196456716225,2.3760491297131114
GS_Stromal,HK2833,22,Control,19137.0,0.0,4.658801837456785,0.0,5.3471988480219,0.0,4.658801837456785,5.751075538616832,0.0,0.0,4.658801837456785,5.06110267401396,0.0,3.975087835792644,5.06110267401396,4.658801837456785,0.0,5.06110267401396,5.06110267401396,0.0,0.0,0.0,4.658801837456785,8.273874886042742,5.904771921061933,0.0,3.975087835792644,0.0,4.658801837456785,3.975087835792644,0.0,0.0,5.06110267401396,4.658801837456785,0.0,6.26062860925721,4.658801837456785,4.658801837456785,0.0,7.092457558505332,5.569389651628628,4.658801837456785,0.0,0.0,0.0,0.0,5.06110267401396,0.0,0.0,7.134982532667601,7.324087153956417,5.3471988480219,0.0,3.975087835792644,3.975087835792644,0.0,4.658801837456785
GS_Stromal,HK2867,20,Control,24585.0,4.410983519402414,4.410983519402414,0.0,4.410983519402414,0.0,5.50146737545459,3.729906430674578,0.0,3.729906430674578,3.729906430674578,5.098040578082952,0.0,6.272457503445844,4.410983519402414,0.0,0.0,5.098040578082952,3.729906430674578,0.0,4.812392670106974,0.0,4.410983519402414,6.597355437445837,5.788128732401492,3.729906430674578,0.0,4.410983519402414,5.655034916859967,4.410983519402414,0.0,0.0,4.812392670106974,3.729906430674578,0.0,6.01065935394528,0.0,3.729906430674578,0.0,7.577331845402879,3.729906430674578,3.729906430674578,3.729906430674578,0.0,0.0,0.0,4.410983519402414,0.0,0.0,6.597355437445837,6.272457503445844,4.812392670106974,4.812392670106974,3.729906430674578,4.410983519402414,4.410983519402414,4.410983519402414
GS_Stromal,HK2891,32,HKD,63422.0,3.4823102442175045,4.962191227512928,4.379987013883038,3.4823102442175045,3.8774770663615516,5.327760585542226,5.0668517404524005,0.0,0.0,3.4823102442175045,4.962191227512928,0.0,5.401521716835882,5.0668517404524005,3.8774770663615516,0.0,5.327760585542226,4.712874111200443,4.845282506748875,4.962191227512928,2.81943648480825,3.4823102442175045,4.712874111200443,5.401521716835882,0.0,2.81943648480825,2.81943648480825,6.256372070384198,3.8774770663615516,3.4823102442175045,0.0,4.845282506748875,5.2481223735532945,2.81943648480825,5.2481223735532945,3.4823102442175045,4.379987013883038,0.0,7.258458585618577,3.4823102442175045,3.4823102442175045,2.81943648480825,0.0,0.0,0.0,4.379987013883038,0.0,2.81943648480825,6.423131004994122,7.4125086614351146,5.0668517404524005,4.379987013883038,2.81943648480825,2.81943648480825,3.4823102442175045,2.81943648480825
GS_Stromal,HK2711,40,HKD,64026.0,2.810525854830776,5.929184056338627,4.150640136013165,4.3706278472295494,0.0,5.696269131742274,4.952779420331978,0.0,2.810525854830776,2.810525854830776,5.152164972443197,0.0,6.954113803144507,5.642388474852763,0.0,3.473124472558855,5.31832837398792,3.868195765601683,3.868195765601683,5.152164972443197,2.810525854830776,3.868195765601683,5.152164972443197,4.7034811720487415,2.810525854830776,4.150640136013165,4.150640136013165,6.216200744459969,3.868195765601683,3.868195765601683,2.810525854830776,4.7034811720487415,6.151795335612103,2.810525854830776,5.057433311540221,2.810525854830776,4.835878963649819,0.0,5.79603268464636,0.0,0.0,2.810525854830776,0.0,0.0,0.0,4.150640136013165,2.810525854830776,3.473124472558855,6.621000025206584,6.216200744459969,5.057433311540221,4.550839964049477,3.473124472558855,4.150640136013165,4.550839964049477,2.810525854830776
GS_Stromal,HK1650,93,HKD,138689.0,0.0,3.6123192512334716,0.0,2.1053988633140817,0.0,0.0,0.0,2.1053988633140817,0.0,0.0,0.0,0.0,0.0,2.735714287150045,0.0,0.0,0.0,0.0,3.941050408712176,0.0,0.0,0.0,2.1053988633140817,0.0,2.1053988633140817,0.0,0.0,0.0,2.735714287150045,0.0,0.0,2.735714287150045,0.0,0.0,6.294856855227227,0.0,0.0,0.0,7.536736170693905,0.0,2.1053988633140817,2.735714287150045,0.0,0.0,0.0,0.0,0.0,0.0,0.0,7.972318289298575,2.735714287150045,0.0,0.0,0.0,0.0,0.0
GS_Stromal,HK1997,21,Control,34218.0,0.0,3.4086490431655037,3.4086490431655037,4.48495718826491,0.0,0.0,0.0,0.0,0.0,0.0,0.0,0.0,0.0,0.0,0.0,0.0,0.0,4.085114927437334,3.4086490431655037,0.0,0.0,0.0,0.0,3.4086490431655037,3.4086490431655037,0.0,0.0,0.0,3.4086490431655037,0.0,0.0,0.0,4.085114927437334,3.4086490431655037,5.8627575495536295,0.0,0.0,0.0,7.7192531703319345,0.0,0.0,4.991261658877595,0.0,0.0,0.0,3.4086490431655037,0.0,0.0,0.0,7.638165162185421,0.0,3.4086490431655037,0.0,0.0,0.0,0.0
Neural_Cells,HK2862,58,DKD,34870.0,0.0,4.972516124866636,0.0,4.066560353084707,0.0,5.1536827316012905,4.066560353084707,0.0,4.972516124866636,3.3904042332583493,5.307007629656786,0.0,0.0,4.751102501405778,3.3904042332583493,5.1536827316012905,4.972516124866636,4.066560353084707,0.0,0.0,0.0,5.307007629656786,0.0,0.0,0.0,4.466297008280746,5.439919238137238,6.912472269535051,0.0,4.466297008280746,0.0,4.066560353084707,5.557219953746046,4.751102501405778,5.439919238137238,4.066560353084707,3.3904042332583493,0.0,4.751102501405778,4.066560353084707,0.0,4.751102501405778,3.3904042332583493,0.0,0.0,0.0,3.3904042332583493,0.0,5.757188677236104,4.466297008280746,3.3904042332583493,4.466297008280746,4.066560353084707,0.0,4.972516124866636,0.0
Neural_Cells,HK2596,33,DKD,91406.0,3.1302807242322697,2.4799109304433786,5.392736318607582,0.0,4.5997737288583,7.423479325004246,0.0,2.4799109304433786,0.0,0.0,4.199323082516892,0.0,0.0,4.70412832770718,2.4799109304433786,0.0,0.0,4.019998177478751,2.4799109304433786,5.392736318607582,0.0,0.0,0.0,0.0,0.0,0.0,0.0,6.132287743996111,2.4799109304433786,0.0,0.0,3.80133283342452,0.0,0.0,4.019998177478751,0.0,5.654050145238441,0.0,0.0,0.0,0.0,4.199323082516892,3.5210701607647947,0.0,0.0,0.0,0.0,0.0,0.0,3.5210701607647947,0.0,0.0,0.0,0.0,4.964400141552946,0.0
Neural_Cells,HK2774,383,HKD,677617.0,3.004933748525292,4.4440422253874114,4.094851037721347,3.991339725404364,2.8468469800229452,5.17397465000864,4.791953046013406,1.6914380354903296,4.253635089892445,2.929011045004565,5.206851364600256,1.9319618396263063,0.0,4.372169146391764,2.1257046498582532,3.991339725404364,4.741740193786733,3.991339725404364,4.274392361990486,4.094851037721347,0.9065473814895003,3.6729979466284566,1.3741002672752403,4.478130072884821,3.075496727720394,3.4182248583033705,4.294727516897232,5.812701866040444,3.745289970429696,3.709797083414149,1.6914380354903296,4.094851037721347,5.139980205678619,5.131297908649944,5.843115507732413,2.929011045004565,4.119137269517408,3.075496727720394,6.807011934730761,2.6589887407070236,2.2879342347871856,3.5105514502037063,2.549919999220164,3.2614723104684895,3.2614723104684895,3.745289970429696,1.9319618396263063,2.929011045004565,4.688872096272776,6.797170588651021,3.595069685870832,3.3686548443052513,2.6589887407070236,3.1414070737429536,4.929032328716989,2.929011045004565
Neural_Cells,HK1997,40,Control,48818.0,0.0,3.7369192231685626,0.0,4.134410156195664,0.0,0.0,0.0,0.0,0.0,0.0,0.0,0.0,0.0,0.0,0.0,0.0,0.0,0.0,3.06731999746484,3.06731999746484,0.0,0.0,0.0,0.0,0.0,0.0,0.0,0.0,4.134410156195664,0.0,0.0,0.0,4.638810338158515,0.0,5.730955631577983,0.0,0.0,0.0,7.807554658394612,0.0,0.0,5.222290323120459,0.0,0.0,0.0,0.0,0.0,0.0,0.0,7.2544699433517374,0.0,0.0,0.0,0.0,0.0,3.06731999746484
Neural_Cells,HK1770,34,HKD,40192.0,0.0,4.610379523732672,3.253492619634977,4.326007979454895,3.253492619634977,0.0,0.0,0.0,0.0,0.0,0.0,0.0,0.0,0.0,3.9271312292107994,0.0,0.0,0.0,3.9271312292107994,0.0,0.0,0.0,3.9271312292107994,0.0,3.253492619634977,0.0,0.0,0.0,0.0,0.0,0.0,3.253492619634977,4.326007979454895,0.0,5.415767721252998,0.0,0.0,0.0,8.074211229862975,0.0,0.0,4.610379523732672,0.0,0.0,0.0,0.0,0.0,3.253492619634977,3.253492619634977,7.20381537414585,0.0,3.253492619634977,0.0,0.0,0.0,3.253492619634977
Mac,HK2898,27,Control,30365.0,4.603147723945111,4.202680229479346,0.0,5.109957195723888,0.0,4.603147723945111,5.577694631103697,0.0,4.603147723945111,0.0,5.291272189219718,0.0,0.0,5.291272189219718,0.0,0.0,4.603147723945111,5.109957195723888,0.0,5.291272189219718,0.0,3.524377758032341,5.444703274448751,5.291272189219718,0.0,3.524377758032341,3.524377758032341,4.888321592209513,0.0,0.0,0.0,3.524377758032341,3.524377758032341,4.202680229479346,3.524377758032341,0.0,3.524377758032341,0.0,5.109957195723888,0.0,0.0,0.0,0.0,0.0,0.0,4.202680229479346,4.603147723945111,0.0,6.54043199535446,6.54043199535446,5.577694631103697,4.888321592209513,0.0,3.524377758032341,3.524377758032341,3.524377758032341
Mac,HK2862,182,DKD,174777.0,0.0,4.395708520933009,3.7148160843886537,3.8452978414891357,3.388040649800855,4.322548571653314,0.0,0.0,3.8452978414891357,0.0,4.697840120824828,0.0,2.5211705339139243,4.46387904498052,1.905322745715543,3.5647171718669535,0.0,3.1733053470679713,0.0,1.905322745715543,0.0,3.388040649800855,0.0,0.0,2.899481797022843,3.1733053470679713,3.9607024918334863,5.936543781620163,3.5647171718669535,2.899481797022843,0.0,4.46387904498052,4.587686257401105,5.009040640505896,4.887308892332991,1.905322745715543,4.064156217991913,1.905322745715543,5.046533630267185,1.905322745715543,1.905322745715543,2.5211705339139243,1.905322745715543,0.0,0.0,2.5211705339139243,0.0,0.0,4.395708520933009,5.698843582241847,3.1733053470679713,4.46387904498052,1.905322745715543,2.5211705339139243,4.46387904498052,0.0
Mac,HK2596,468,DKD,605637.0,0.9749950448711875,0.0,4.299334723465908,0.0,2.0287554703372193,2.6538919359442255,0.0,0.0,0.0,0.0,5.225366258911404,0.0,0.0,4.519759063301442,0.0,0.0,0.0,4.555094909788672,1.4591516573552035,1.4591516573552035,0.0,0.0,0.0,1.4591516573552035,0.0,0.9749950448711875,3.1119586744527425,3.3112166983240043,4.299334723465908,0.0,0.0,4.77264828220983,0.0,2.862860134511276,4.9512256160751535,0.0,2.0287554703372193,0.0,4.865917896712752,0.0,4.101676727233376,0.9749950448711875,0.0,0.0,0.9749950448711875,0.0,0.0,0.0,0.0,5.040565088321027,2.862860134511276,4.519759063301442,0.0,0.0,0.9749950448711875,0.0
Mac,HK2774,640,HKD,4005902.0,0.9154063452551722,3.2566788738917998,3.730260379470278,3.247017513919519,2.4625043946549776,3.382965866524659,2.619671714926819,0.8101113665463561,2.801975388631388,1.3206748167418143,4.010420633404157,0.0,0.0,3.46430759859226,0.5589841630278325,3.144894179865844,2.801975388631388,3.799650003724875,5.409061539027167,1.385188755582772,0.22284884267041744,1.1776344807953658,0.0,1.3206748167418143,4.452890040563611,2.6013245632488133,4.557667285109648,3.6936722490583014,4.429359951645771,2.0136253220066718,0.0,4.032792340336189,3.730260379470278,3.3396712737975403,7.092139058234046,2.1387653241474087,1.7035419164675425,2.373568588449446,7.9683161225458585,0.8101113665463561,2.1387653241474087,2.4625043946549776,1.385188755582772,1.2517100385682092,4.7818543060562115,2.1089176203204927,0.0,3.687441928414147,1.0976295885716107,7.910583016135588,2.8749942267076887,3.2074106908798807,0.5589841630278325,1.9446465000379496,2.943042221526497,2.078151549653869
Mac,HK2844,59,DKD,56957.0,3.982878658536694,4.486223600801415,3.5866863880276423,0.0,3.982878658536694,5.912689686142818,5.355100519540626,0.0,2.9208527066922465,3.982878658536694,6.199695304411638,2.9208527066922465,4.666666210554351,5.434779776972596,0.0,0.0,4.951994623611537,4.666666210554351,2.9208527066922465,4.486223600801415,0.0,4.265891867008167,5.355100519540626,4.265891867008167,2.9208527066922465,3.5866863880276423,0.0,6.199695304411638,0.0,3.5866863880276423,0.0,4.265891867008167,4.265891867008167,2.9208527066922465,4.666666210554351,0.0,3.982878658536694,0.0,5.641600895408972,4.666666210554351,2.9208527066922465,3.982878658536694,0.0,0.0,0.0,3.5866863880276423,0.0,2.9208527066922465,6.758440692620923,6.086610195328227,5.268518504418348,5.068991873477366,0.0,4.265891867008167,0.0,0.0
Mac,HK2895,98,Control,199658.0,2.774193305247119,4.027032618273517,3.2597422303466996,4.797487876984353,2.3994512698874835,3.9335035664693154,3.5851829010468266,2.3994512698874835,3.2597422303466996,3.435643505392261,4.264367255963114,0.0,3.046152469555386,4.33242230375208,3.046152469555386,3.046152469555386,4.456038876053771,4.985306373029857,1.7931858923267145,4.191340296318748,1.7931858923267145,3.830315685603962,6.693793084635166,4.665134425625349,3.715241822236338,4.027032618273517,4.456038876053771,4.566041842528069,3.046152469555386,0.0,0.0,4.112557294712378,4.755286913337277,2.3994512698874835,4.711226259507142,2.3994512698874835,3.2597422303466996,1.7931858923267145,6.156565927155456,3.830315685603962,3.435643505392261,4.33242230375208,2.3994512698874835,0.0,0.0,2.774193305247119,0.0,3.2597422303466996,5.708816047388493,6.837968904259564,3.715241822236338,3.046152469555386,3.435643505392261,3.046152469555386,2.774193305247119,4.566041842528069
Mac,HK2663,57,Control,153580.0,3.297504288055572,3.97199076968809,5.344057472596739,3.297504288055572,0.0,4.7157405732628845,5.137519758706041,2.016403825446099,0.0,2.016403825446099,5.404401087227271,2.016403825446099,0.0,5.312462841478372,2.6406652487292575,2.016403825446099,4.7157405732628845,4.371157451671212,0.0,2.6406652487292575,2.016403825446099,4.591770482750175,4.9715327837930925,5.279837330839099,3.022071990517551,2.6406652487292575,2.016403825446099,6.080515910105163,4.450227639998025,2.6406652487292575,0.0,4.655675372009461,3.513225293884641,3.022071990517551,4.087678734676776,2.6406652487292575,3.513225293884641,0.0,4.591770482750175,2.016403825446099,2.016403825446099,2.6406652487292575,0.0,0.0,0.0,3.297504288055572,0.0,3.6905677013567764,6.670592672050127,6.095297363023785,4.9715327837930925,4.450227639998025,0.0,4.285294197685108,3.022071990517551,2.6406652487292575
Mac,HK2867,96,Control,188340.0,2.452649704440721,4.5137376858600495,3.4921733151565606,4.248839544790422,2.452649704440721,4.169986195926023,4.169986195926023,2.452649704440721,3.4921733151565606,0.0,5.285501710186252,0.0,4.895887627926958,4.321926939437631,2.452649704440721,1.8420638141808094,3.8874417278312663,4.321926939437631,3.8874417278312663,3.6419667077601905,0.0,4.084378603481429,5.544623521978449,5.312036672316787,3.772217630018887,4.169986195926023,1.8420638141808094,4.895887627926958,3.101810912949439,0.0,0.0,4.084378603481429,4.453797668905531,3.101810912949439,5.2302212166288715,3.6419667077601905,4.084378603481429,1.8420638141808094,7.095285804007743,3.6419667077601905,3.4921733151565606,3.101810912949439,1.8420638141808094,0.0,3.772217630018887,3.772217630018887,1.8420638141808094,2.452649704440721,6.090613632675494,6.475070063736581,3.4921733151565606,5.109550745916983,1.8420638141808094,2.8290068440787532,1.8420638141808094,3.3159202390590035
Mac,HK2739,23,HKD,24582.0,3.730025535726648,4.411104070687275,5.0981618657353165,3.730025535726648,4.812513711305984,3.730025535726648,5.0981618657353165,0.0,0.0,3.730025535726648,7.038822864782101,0.0,0.0,5.0981618657353165,0.0,0.0,6.540399110794294,5.0981618657353165,0.0,0.0,0.0,5.0981618657353165,5.320083077594898,5.655156522859497,0.0,3.730025535726648,0.0,6.192693865662237,3.730025535726648,0.0,0.0,4.812513711305984,5.0981618657353165,5.0981618657353165,5.0981618657353165,0.0,4.812513711305984,0.0,4.411104070687275,4.812513711305984,3.730025535726648,0.0,0.0,0.0,0.0,3.730025535726648,3.730025535726648,0.0,6.540399110794294,6.479864729412512,5.0981618657353165,4.411104070687275,3.730025535726648,3.730025535726648,3.730025535726648,0.0
Mac,HK2558,105,HKD,260889.0,1.5754772772077184,4.001181004735026,3.7649958211137062,3.3261625226068117,3.177982437284782,5.039040750914378,1.5754772772077184,0.0,2.159418348245259,1.5754772772077184,5.5522391730663045,2.159418348245259,4.753516336122525,4.192103440178073,2.159418348245259,3.177982437284782,3.003960273351726,3.7649958211137062,2.525660107065482,2.159418348245259,0.0,0.0,0.0,0.0,1.5754772772077184,2.159418348245259,4.848042451687022,5.299908520522216,2.159418348245259,0.0,0.0,4.6117409715476985,3.7649958211137062,2.159418348245259,3.3261625226068117,2.525660107065482,4.446491531632934,2.159418348245259,4.877664690663534,1.5754772772077184,2.159418348245259,2.525660107065482,0.0,0.0,0.0,3.3261625226068117,0.0,2.159418348245259,3.45519245833623,5.177957123561216,4.2484218091094945,4.572917559761715,2.159418348245259,1.5754772772077184,3.671999732638545,1.5754772772077184
Mac,HK2891,1172,HKD,6289321.0,0.4922534455143757,2.2092611206092756,3.5000749637900967,3.574083714289637,1.635883440607162,1.996058170780869,1.1206985109530136,0.9516566239719025,0.9516566239719025,0.27611494412216875,1.8572333304843427,0.27611494412216875,4.579983684361147,2.117939047081472,1.695980848827491,1.8817507793432333,1.3091418135680235,4.034079330524997,6.110693388553156,1.430309695337668,0.27611494412216875,0.820659359307764,2.864253988042768,1.7526703949015738,4.9265195089296085,2.571388226517397,2.0588543292488604,1.5383698628377394,5.238889060751591,0.0,0.0,3.399126605602542,3.2748760531035646,2.583467225915028,7.232373375718729,1.9518904712833214,0.820659359307764,0.14755728463338316,7.839068536504889,2.1916517211100457,2.098629447105681,2.827311703581987,1.430309695337668,0.8883014950851992,3.4508740655674512,2.571388226517397,0.0,3.852483296995709,2.3701484307370886,8.253736674414093,2.7791278703918767,3.0536689956875245,1.996058170780869,0.27611494412216875,1.3915290960048763,2.5467835075570657
Mac,HK2770,27,HKD,79734.0,2.6057738989086294,2.6057738989086294,2.6057738989086294,5.020588356801389,0.0,0.0,0.0,0.0,3.2612991853246185,3.2612991853246185,3.2612991853246185,0.0,0.0,2.6057738989086294,0.0,0.0,3.6539024140242775,4.735104081434617,5.020588356801389,0.0,0.0,0.0,7.248269713125865,0.0,3.9350909746169935,3.9350909746169935,0.0,3.2612991853246185,0.0,0.0,0.0,3.2612991853246185,4.1543180824194295,0.0,5.932910840362144,2.6057738989086294,0.0,2.6057738989086294,6.9608247473147395,3.2612991853246185,0.0,3.6539024140242775,0.0,0.0,3.6539024140242775,0.0,0.0,2.6057738989086294,3.6539024140242775,6.9244922252727195,0.0,3.9350909746169935,2.6057738989086294,2.6057738989086294,0.0,4.334020129425728
Mac,HK2711,153,HKD,348327.0,2.7313973869582946,4.561621191420598,4.868986870266517,4.161365048906512,3.3914384493685503,4.890798781665354,3.908109660465373,0.0,3.2898109820441523,3.176674744741533,5.103757256632287,3.176674744741533,5.811202095850938,4.499774485658503,0.0,0.0,4.727067043311294,4.205138917960546,3.3914384493685503,4.2470767260375135,0.0,2.9028048988595936,4.647761763395881,3.964151983916874,2.263074403343505,3.3914384493685503,3.718246935277983,6.243943461040237,4.5911668982046905,3.0490862535027876,1.3534781499091382,4.017219541024402,4.993245940747564,3.176674744741533,4.53117588923391,0.0,3.6460046438760063,0.0,5.513003015001704,1.9083167449655152,0.0,2.9028048988595936,0.0,0.0,0.0,3.2898109820441523,1.9083167449655152,4.701324487585415,5.955049467669464,5.893656177984119,4.433849128180678,3.5681341735454586,3.0490862535027876,2.524404758657588,4.2470767260375135,2.524404758657588
Mac,HK2896,33,Control,186978.0,0.0,1.8481748974434749,2.8358374484750906,3.4992110768069655,0.0,1.8481748974434749,1.8481748974434749,0.0,0.0,0.0,0.0,0.0,0.0,2.8358374484750906,1.8481748974434749,1.8481748974434749,2.459284998309208,4.255994143621804,6.322951466407833,0.0,1.8481748974434749,1.8481748974434749,5.116764952004046,2.459284998309208,3.649035093506442,3.4992110768069655,3.108743548771805,1.8481748974434749,4.820355144092204,0.0,0.0,2.459284998309208,2.459284998309208,3.322915570094938,7.210892575354959,0.0,0.0,0.0,7.590772540047286,0.0,3.108743548771805,3.322915570094938,0.0,0.0,3.9978745540977334,0.0,0.0,4.979502424771913,3.9978745540977334,8.250705591434322,2.8358374484750906,3.779309159311029,0.0,0.0,0.0,3.108743548771805
Mac,HK2923,102,Control,272907.0,0.0,1.5399274623082146,2.750918593032228,3.8843490910895873,2.119683830118583,0.0,1.5399274623082146,0.0,1.5399274623082146,1.5399274623082146,2.119683830118583,0.0,1.5399274623082146,2.484302781991952,2.484302781991952,2.750918593032228,3.1348640847377474,4.1477634057465504,5.812478197750282,1.5399274623082146,1.5399274623082146,0.0,5.328837394917603,2.484302781991952,3.7210264374033675,3.7210264374033675,2.9612060245494347,1.5399274623082146,4.832979359843131,0.0,0.0,4.307909565268713,2.750918593032228,2.484302781991952,6.394047278018089,2.119683830118583,1.5399274623082146,0.0,8.459681969712168,3.1348640847377474,3.1348640847377474,3.2827802752455733,0.0,0.0,3.6281342425115564,1.5399274623082146,0.0,6.5365167443834675,3.6281342425115564,8.979849132484176,2.750918593032228,4.024704675568201,2.119683830118583,2.119683830118583,1.5399274623082146,2.9612060245494347
Mac,HK2924,31,Control,88161.0,0.0,2.513079706056432,3.164874364956632,2.513079706056432,0.0,2.513079706056432,2.513079706056432,0.0,0.0,0.0,0.0,0.0,0.0,0.0,2.513079706056432,0.0,0.0,4.234936656305361,4.387016518120923,0.0,0.0,0.0,4.920817134504945,2.513079706056432,5.073925389923579,3.164874364956632,0.0,0.0,4.635563168120049,0.0,0.0,4.234936656305361,0.0,3.5561663587382872,6.9728228163404475,2.513079706056432,0.0,0.0,8.200306320910993,2.513079706056432,0.0,3.164874364956632,0.0,0.0,3.5561663587382872,0.0,0.0,0.0,0.0,8.178264304645515,0.0,3.5561663587382872,0.0,0.0,0.0,2.513079706056432
Mac,HK2662,22,Control,84544.0,0.0,3.2050332963776365,3.2050332963776365,2.551642792236084,2.551642792236084,0.0,0.0,0.0,0.0,0.0,0.0,0.0,0.0,2.551642792236084,0.0,0.0,0.0,3.8776932642564077,4.096688520045486,0.0,0.0,0.0,0.0,0.0,3.8776932642564077,0.0,0.0,0.0,3.5968870045208416,0.0,0.0,3.2050332963776365,2.551642792236084,0.0,7.5144535834616715,2.551642792236084,0.0,2.551642792236084,6.161473993686117,0.0,0.0,0.0,0.0,0.0,2.551642792236084,0.0,0.0,0.0,0.0,7.9720863986524595,2.551642792236084,2.551642792236084,0.0,0.0,0.0,0.0
Mac,HK1650,113,HKD,169224.0,0.0,1.9328722787975388,2.930018760866621,1.9328722787975388,1.9328722787975388,0.0,1.9328722787975388,0.0,0.0,0.0,1.9328722787975388,0.0,0.0,2.930018760866621,0.0,0.0,0.0,2.5509014978075744,4.189694136765658,0.0,0.0,0.0,1.9328722787975388,0.0,5.731024740372047,0.0,0.0,0.0,1.9328722787975388,0.0,0.0,1.9328722787975388,0.0,1.9328722787975388,6.460228887620808,1.9328722787975388,0.0,0.0,7.13861832704867,0.0,2.5509014978075744,1.9328722787975388,0.0,0.0,2.930018760866621,0.0,0.0,3.2042619252637974,0.0,7.849966373050486,2.5509014978075744,3.419254578440188,0.0,0.0,0.0,0.0
Mac,HK1585,39,Control,131824.0,0.0,2.150118070070285,3.167903161833351,0.0,0.0,2.150118070070285,0.0,0.0,0.0,0.0,2.783265530710184,0.0,2.150118070070285,0.0,0.0,2.150118070070285,0.0,3.167903161833351,3.167903161833351,0.0,0.0,0.0,0.0,0.0,6.781013539079002,0.0,0.0,0.0,4.122072832048515,0.0,0.0,3.167903161833351,0.0,0.0,7.961530454973314,0.0,0.0,0.0,5.4645181551430255,0.0,2.783265530710184,2.150118070070285,0.0,0.0,2.783265530710184,0.0,0.0,0.0,2.150118070070285,7.299962930086532,2.783265530710184,0.0,0.0,0.0,0.0,0.0
Mac,HK1635,60,DKD,117802.0,0.0,3.2758782963542843,3.2758782963542843,2.889128788370092,2.2501142870607835,0.0,0.0,2.2501142870607835,0.0,0.0,4.101348999878716,0.0,0.0,2.2501142870607835,0.0,2.2501142870607835,0.0,3.554069555836716,4.348978796247111,0.0,0.0,0.0,0.0,0.0,5.779431447082693,0.0,0.0,0.0,4.101348999878716,0.0,0.0,2.889128788370092,0.0,3.2758782963542843,6.267782644505143,2.2501142870607835,0.0,0.0,6.639867755544072,0.0,2.889128788370092,3.2758782963542843,0.0,0.0,0.0,0.0,0.0,0.0,3.2758782963542843,6.314947998033466,2.889128788370092,2.889128788370092,2.2501142870607835,0.0,0.0,0.0
Mac,HK1997,637,Control,1131942.0,0.0,2.0878436356359926,2.9268509929264157,3.517117561878744,2.3719070673505427,1.0177185177193406,1.2948127726535879,0.0,0.0,0.0,1.0177185177193406,0.0,0.0,1.9718650217046643,1.2948127726535879,2.0878436356359926,0.0,3.8674896950394957,4.082725224756839,1.0177185177193406,0.6330985597115071,0.0,1.5115494033335097,0.0,5.641669886837315,1.2948127726535879,1.2948127726535879,1.2948127726535879,3.345915871536558,0.0,0.0,3.568237834112356,1.2948127726535879,2.3719070673505427,6.523924748201566,1.2948127726535879,0.0,0.0,7.93189956815402,0.0,1.2948127726535879,3.955836510462746,0.0,0.0,3.0172796912244744,1.0177185177193406,0.0,4.472516968570488,0.0,7.960668345315354,2.87837296620524,2.191758265966391,0.0,0.0,0.0,2.0878436356359926
Mac,HK1770,798,HKD,2687793.0,0.0,2.2954858590843,2.9369647016098117,3.255304755362912,1.939150119190766,0.3163077653694749,0.9115635135794801,0.0,1.0509133354604694,0.0,1.282146228616388,0.0,0.0,2.040823405411987,1.5519199393644203,1.6277840029733084,0.3163077653694749,3.779314885291465,4.251373349530923,0.3163077653694749,0.0,0.3163077653694749,2.4020155404528496,0.3163077653694749,5.620207979703371,1.0509133354604694,0.5562414852427437,1.173198526173894,3.7359006903040903,0.7496018886666649,0.0,3.6622621100544475,1.3803818383247752,1.82595708329177,6.7329330281703825,1.6982963298745786,0.5562414852427437,0.5562414852427437,7.893350282460533,0.7496018886666649,2.133106615775236,3.180852102151037,0.0,0.0,3.324596254363695,0.3163077653694749,0.0,4.240717254675799,0.9115635135794801,8.034891242287296,2.9170388784855183,2.332271219375146,0.0,0.0,0.0,2.2572954877504436
Mac,HK1634,202,DKD,432595.0,1.7269119123373662,2.0712698584487774,4.888565322849762,3.1828883631519886,1.197440808585608,0.0,0.0,0.0,0.0,0.0,2.3269385148879036,0.0,0.0,1.7269119123373662,0.0,1.197440808585608,0.0,3.574435154658155,5.187361139530092,1.7269119123373662,1.197440808585608,0.0,0.0,0.0,4.585870140452221,1.7269119123373662,2.5303702438914706,2.0712698584487774,5.896950721958409,2.6993313573683744,0.0,3.574435154658155,0.0,1.197440808585608,7.006376311204024,0.0,0.0,0.0,7.306323555511521,0.0,2.0712698584487774,2.3269385148879036,0.0,1.197440808585608,3.9920813253797545,1.197440808585608,0.0,4.033871425038118,3.2744218097103484,7.077122503962814,2.843828381061655,1.197440808585608,1.197440808585608,0.0,0.0,2.0712698584487774
Mac,HK1588,20,Control,45488.0,0.0,0.0,3.1347904861323377,0.0,0.0,0.0,0.0,0.0,0.0,0.0,0.0,0.0,0.0,3.1347904861323377,0.0,0.0,0.0,4.487908910076045,4.203967875120435,0.0,0.0,0.0,0.0,0.0,6.72908922053521,3.1347904861323377,0.0,0.0,3.1347904861323377,0.0,0.0,4.487908910076045,0.0,0.0,6.852564141092083,3.1347904861323377,0.0,0.0,7.218174517528231,0.0,0.0,3.1347904861323377,0.0,0.0,0.0,0.0,0.0,0.0,0.0,6.897979547729047,0.0,3.1347904861323377,0.0,0.0,0.0,0.0
Mac,HK1597,247,HKD,379253.0,0.0,1.8363383233064736,2.446429912333603,2.822602756297667,2.446429912333603,1.2910937986986062,0.0,0.0,0.0,0.0,1.8363383233064736,0.0,0.0,2.968224164412554,0.0,0.0,0.0,3.933754811263514,2.446429912333603,0.0,0.0,1.2910937986986062,2.1872064295877696,0.0,5.001652986654388,1.2910937986986062,4.031972716226409,0.0,2.1872064295877696,0.0,0.0,3.3093606602656043,0.0,2.1872064295877696,6.8704876138948645,1.8363383233064736,0.0,0.0,7.105937198707389,0.0,1.8363383233064736,3.702571143762495,0.0,0.0,1.2910937986986062,1.2910937986986062,0.0,3.4855736766145062,0.0,7.24314407278033,2.65210126738524,3.0953105201446656,0.0,0.0,0.0,3.208051872755653
Mac,HK1632,237,DKD,254162.0,0.0,2.817681217851288,3.2030305821149483,3.5948568162679333,2.549718212430744,2.817681217851288,0.0,0.0,1.5962510404627057,0.0,3.480500977978352,0.0,3.5948568162679333,2.1825617052550284,0.0,2.817681217851288,0.0,4.026832354238884,3.5948568162679333,0.0,0.0,0.0,3.5948568162679333,0.0,4.960337608496165,3.2030305821149483,3.2030305821149483,0.0,4.217836809730445,1.5962510404627057,0.0,3.351358793110524,2.817681217851288,2.1825617052550284,6.2315641340236105,0.0,1.5962510404627057,0.0,6.239271054050677,1.5962510404627057,2.817681217851288,2.549718212430744,0.0,0.0,1.5962510404627057,1.5962510404627057,0.0,6.159390939606504,3.0288039444315293,6.755443684404858,2.1825617052550284,3.5948568162679333,0.0,0.0,0.0,2.817681217851288
Mac,HK1664,72,Control,157120.0,0.0,0.0,1.9966795937175466,4.168920371775713,0.0,0.0,0.0,0.0,0.0,0.0,1.9966795937175466,0.0,0.0,0.0,0.0,2.6195194330589184,1.9966795937175466,3.818853099793613,4.168920371775713,0.0,0.0,0.0,3.818853099793613,0.0,5.518327704900671,3.000405653999163,4.902721926242723,1.9966795937175466,0.0,0.0,0.0,0.0,1.9966795937175466,0.0,6.951569452344842,0.0,0.0,0.0,7.139805685741337,0.0,1.9966795937175466,1.9966795937175466,0.0,0.0,3.491123718516717,1.9966795937175466,0.0,3.2755679612012125,1.9966795937175466,7.245086907640049,2.6195194330589184,3.000405653999163,1.9966795937175466,0.0,0.0,0.0
Mac,HK1593,33,HKD,90627.0,0.0,0.0,0.0,3.1384671180710146,0.0,0.0,0.0,0.0,0.0,0.0,0.0,0.0,0.0,2.4877558573031586,0.0,2.4877558573031586,0.0,4.491709328242723,4.207754129172557,0.0,0.0,0.0,0.0,0.0,5.115076919697673,0.0,4.491709328242723,0.0,3.1384671180710146,0.0,0.0,3.809701356124147,0.0,0.0,7.245903527478791,0.0,0.0,0.0,7.97729542541402,0.0,0.0,3.529377080032329,0.0,0.0,2.4877558573031586,0.0,0.0,0.0,0.0,7.869445557532148,0.0,3.1384671180710146,0.0,0.0,0.0,3.1384671180710146
Mac,HK1594,34,HKD,63782.0,0.0,0.0,2.8141147428086133,0.0,0.0,0.0,0.0,0.0,0.0,0.0,0.0,0.0,0.0,0.0,0.0,0.0,0.0,3.8719343606215415,4.1543983272045875,0.0,0.0,0.0,0.0,0.0,5.395887100353317,0.0,0.0,0.0,4.839666937332896,0.0,0.0,3.4768244819855356,2.8141147428086133,0.0,6.8642031845643645,0.0,0.0,0.0,7.556827971497383,0.0,2.8141147428086133,2.8141147428086133,0.0,0.0,2.8141147428086133,0.0,0.0,2.8141147428086133,0.0,7.900149493755495,3.8719343606215415,2.8141147428086133,0.0,0.0,0.0,0.0
CD14_Mono,HK2891,25,HKD,162147.0,0.0,4.231780269749942,3.7880617441461917,3.9187591949005927,1.9695211042401706,4.469824648853125,4.034332487655167,0.0,0.0,0.0,4.317580371240264,0.0,4.034332487655167,3.460604526012884,0.0,0.0,5.192123480475485,3.9187591949005927,4.231780269749942,2.5903536572926362,0.0,4.034332487655167,4.601923850966444,5.811234217407939,4.231780269749942,2.5903536572926362,4.601923850966444,4.961771299131806,5.9806653740029025,0.0,0.0,4.034332487655167,2.5903536572926362,0.0,7.591198074223067,1.9695211042401706,0.0,0.0,5.847494936831353,2.970503175057808,2.970503175057808,0.0,0.0,0.0,4.317580371240264,0.0,0.0,3.7880617441461917,5.829528923087888,7.65160981645352,1.9695211042401706,0.0,0.0,3.460604526012884,1.9695211042401706,2.970503175057808
CD14_Mono,HK1650,367,HKD,430945.0,0.0,2.847427844951566,2.533887959183085,3.0857711109436288,0.0,0.0,1.7300548778737421,0.0,0.0,0.0,0.0,0.0,0.0,1.7300548778737421,0.0,0.0,0.0,2.33038768682244,3.511149666437067,0.0,1.7300548778737421,0.0,1.7300548778737421,0.0,5.641120554526912,1.7300548778737421,0.0,0.0,4.380730531197752,0.0,0.0,2.702896302021559,0.0,0.0,6.816680370488016,1.7300548778737421,0.0,0.0,5.70492230290169,1.7300548778737421,2.533887959183085,1.7300548778737421,0.0,0.0,2.533887959183085,1.7300548778737421,0.0,0.0,1.2001098724046886,8.467580074343193,2.0746105406660447,2.0746105406660447,1.7300548778737421,0.0,0.0,0.0
CD14_Mono,HK1585,217,Control,457483.0,1.158726528793497,3.1293333521322544,3.5827958208225663,3.0288218334351313,0.0,0.0,0.0,0.0,0.0,0.0,2.276599810377814,0.0,2.022556421124155,1.158726528793497,0.0,2.022556421124155,0.0,3.5201087760871355,4.5537986112535895,1.158726528793497,0.0,0.0,0.0,0.0,6.756988567162096,1.158726528793497,0.0,0.0,5.131744732795008,0.0,0.0,2.276599810377814,2.4790032478846236,0.0,7.663896441869102,1.158726528793497,0.0,0.0,4.8839559110813235,0.0,2.4790032478846236,1.681153208842971,0.0,0.0,3.381550861642963,1.158726528793497,0.0,0.0,0.0,7.42770125241781,2.022556421124155,2.276599810377814,0.0,0.0,0.0,1.681153208842971
CD14_Mono,HK1997,74,Control,96100.0,0.0,3.472509217953348,2.434124388245431,3.472509217953348,0.0,0.0,0.0,0.0,0.0,2.434124388245431,0.0,0.0,0.0,0.0,0.0,0.0,3.472509217953348,3.082444438250268,2.434124388245431,0.0,0.0,0.0,0.0,3.082444438250268,7.0437195837638145,0.0,2.434124388245431,0.0,4.150015185455163,0.0,0.0,3.082444438250268,2.434124388245431,2.434124388245431,6.978027525961247,0.0,0.0,0.0,5.641755769096187,2.434124388245431,2.434124388245431,3.082444438250268,0.0,0.0,3.082444438250268,0.0,0.0,0.0,0.0,7.722706075656925,0.0,2.434124388245431,0.0,2.434124388245431,0.0,0.0
CD14_Mono,HK1770,145,HKD,448645.0,1.1721519866175603,2.2941229052732157,3.1479956547767243,3.3231351314912723,1.1721519866175603,0.0,0.0,0.0,0.0,1.1721519866175603,1.1721519866175603,0.0,0.0,1.1721519866175603,2.0395047501170915,1.6970581601822905,2.2941229052732157,3.8671848230604535,3.6607853450486028,0.0,0.0,1.6970581601822905,1.1721519866175603,1.6970581601822905,6.77901230421723,1.1721519866175603,2.935529423326171,1.6970581601822905,4.919725135166328,0.0,0.0,3.400401707323374,0.0,1.6970581601822905,7.228737506702261,1.6970581601822905,0.0,0.0,6.210704961209571,1.1721519866175603,2.809555486499727,2.935529423326171,0.0,0.0,3.400401707323374,1.1721519866175603,0.0,0.0,1.6970581601822905,7.878556016657516,2.0395047501170915,2.2941229052732157,0.0,1.1721519866175603,0.0,2.0395047501170915
CD14_Mono,HK1634,191,DKD,290368.0,0.0,2.6929787050873752,4.95723544736855,2.90249400360869,2.0653186982860916,2.0653186982860916,0.0,0.0,0.0,0.0,2.90249400360869,0.0,0.0,0.0,0.0,0.0,2.0653186982860916,3.823645757274907,2.90249400360869,1.491533643949923,2.0653186982860916,0.0,1.491533643949923,0.0,4.881804571248113,0.0,0.0,0.0,5.622255858511956,0.0,0.0,2.4276056075660586,0.0,0.0,7.379267852953727,0.0,0.0,0.0,5.267129631968485,0.0,2.90249400360869,1.491533643949923,0.0,0.0,3.5678145070236993,0.0,0.0,1.491533643949923,2.90249400360869,6.180320526805665,0.0,1.491533643949923,0.0,0.0,0.0,2.0653186982860916
CD14_Mono,HK1597,109,HKD,160983.0,0.0,2.5970197204002483,1.9757235696938338,2.9773395648089056,0.0,0.0,0.0,1.9757235696938338,0.0,1.9757235696938338,2.9773395648089056,0.0,0.0,0.0,0.0,0.0,0.0,4.609056390085658,2.5970197204002483,0.0,0.0,0.0,0.0,0.0,5.051751010656143,1.9757235696938338,1.9757235696938338,0.0,2.5970197204002483,0.0,0.0,1.9757235696938338,0.0,0.0,7.063754398608635,0.0,0.0,0.0,6.997854762748015,0.0,1.9757235696938338,2.5970197204002483,0.0,0.0,1.9757235696938338,0.0,0.0,0.0,0.0,8.123862255243573,0.0,3.2522078540709107,0.0,0.0,0.0,0.0
CD14_Mono,HK1632,199,DKD,249472.0,0.0,2.5669011161419757,4.396537313675636,3.612975063351162,1.6111296566152962,2.1991041165482277,0.0,0.0,0.0,1.6111296566152962,3.2209055747167703,0.0,1.6111296566152962,2.1991041165482277,0.0,2.1991041165482277,3.046536094654412,3.893891428558096,4.0451284479337115,1.6111296566152962,0.0,0.0,1.6111296566152962,2.1991041165482277,6.5315299884629985,2.1991041165482277,0.0,0.0,5.503363823516613,0.0,0.0,2.5669011161419757,0.0,0.0,7.283498443442041,0.0,1.6111296566152962,0.0,6.571592691695277,0.0,3.2209055747167703,0.0,0.0,0.0,2.5669011161419757,0.0,0.0,2.1991041165482277,1.6111296566152962,7.59347021398697,0.0,0.0,0.0,1.6111296566152962,0.0,2.1991041165482277
CD14_Mono,HK1664,77,Control,177743.0,0.0,0.0,1.8910164872714963,3.828832787899727,1.8910164872714963,1.8910164872714963,1.8910164872714963,0.0,0.0,0.0,1.8910164872714963,0.0,0.0,1.8910164872714963,1.8910164872714963,0.0,0.0,4.047619869535009,3.1571877407844458,0.0,0.0,0.0,4.5110530009263305,2.505705611612535,5.2292958517708215,2.505705611612535,4.87060905697749,0.0,3.371785839262176,0.0,0.0,2.883587788601307,2.505705611612535,0.0,7.233470399779282,0.0,0.0,0.0,6.111662549881335,2.883587788601307,3.9441979060648364,1.8910164872714963,0.0,0.0,3.371785839262176,0.0,0.0,0.0,0.0,7.952326925913923,0.0,1.8910164872714963,0.0,1.8910164872714963,0.0,2.505705611612535
CD14_Mono,HK1593,28,HKD,58950.0,0.0,0.0,3.553261796116726,2.8883435031502307,0.0,0.0,0.0,0.0,0.0,0.0,0.0,0.0,0.0,0.0,0.0,0.0,0.0,3.949137371823086,3.949137371823086,0.0,0.0,0.0,0.0,0.0,6.298642047552132,2.8883435031502307,0.0,2.8883435031502307,4.785361967230752,0.0,0.0,0.0,0.0,0.0,7.286098178544634,0.0,0.0,0.0,5.96911963241184,0.0,2.8883435031502307,2.8883435031502307,0.0,0.0,3.553261796116726,2.8883435031502307,0.0,0.0,2.8883435031502307,7.848735809979456,0.0,0.0,0.0,0.0,0.0,0.0
CD14_Mono,HK1594,327,HKD,570756.0,1.0123505132688284,2.278324252982531,3.9808373468684484,2.443422375513712,1.5049935002175896,0.0,0.0,0.0,0.0,1.0123505132688284,1.8335708192223634,0.0,3.0092743616150153,0.0,1.0123505132688284,0.0,2.0804720990643824,3.720800272248764,4.187019462965453,0.0,0.0,0.0,1.0123505132688284,1.0123505132688284,5.699943682984798,1.8335708192223634,0.0,0.0,5.210657414335239,0.0,0.0,2.0804720990643824,2.278324252982531,0.0,7.459074779360163,0.0,0.0,0.0,6.266476668301112,0.0,3.0092743616150153,1.8335708192223634,0.0,0.0,3.720800272248764,0.0,0.0,0.0,0.0,7.603578441255564,1.0123505132688284,1.8335708192223634,1.0123505132688284,0.0,0.0,0.0
CD16_Mono,HK2898,21,Control,20825.0,3.8922122148333407,5.48519535375958,0.0,4.97713106381742,0.0,5.48519535375958,3.8922122148333407,0.0,4.57510693480488,0.0,4.57510693480488,0.0,3.8922122148333407,5.263088196385217,0.0,0.0,6.176266518525924,6.071136884235874,0.0,4.97713106381742,0.0,5.48519535375958,4.57510693480488,6.176266518525924,0.0,0.0,0.0,5.263088196385217,0.0,0.0,0.0,5.48519535375958,5.48519535375958,0.0,4.97713106381742,0.0,3.8922122148333407,0.0,5.953642375347545,3.8922122148333407,0.0,3.8922122148333407,0.0,0.0,0.0,4.57510693480488,3.8922122148333407,0.0,6.438151089757536,6.512144815312251,4.97713106381742,4.57510693480488,3.8922122148333407,0.0,0.0,4.57510693480488
CD16_Mono,HK2862,64,DKD,54317.0,0.0,4.029474025240797,4.312700264882424,0.0,2.965811189447239,4.312700264882424,2.965811189447239,0.0,4.713689596837054,0.0,2.965811189447239,0.0,0.0,4.029474025240797,0.0,4.312700264882424,4.029474025240797,2.965811189447239,0.0,0.0,0.0,3.6328614581407277,0.0,0.0,2.965811189447239,0.0,4.533160755128698,5.68889581090588,2.965811189447239,4.029474025240797,0.0,4.533160755128698,5.315739055935439,4.029474025240797,4.029474025240797,0.0,4.312700264882424,2.965811189447239,0.0,0.0,2.965811189447239,4.029474025240797,0.0,2.965811189447239,0.0,0.0,0.0,2.965811189447239,4.713689596837054,5.116159686083893,2.965811189447239,4.312700264882424,2.965811189447239,0.0,4.713689596837054,0.0
CD16_Mono,HK2596,56,DKD,71178.0,3.3706890246121715,2.711330474544327,4.847673631489709,0.0,4.847673631489709,6.012318733700688,0.0,0.0,0.0,0.0,4.847673631489709,0.0,0.0,4.266144634829831,0.0,2.711330474544327,0.0,4.266144634829831,2.711330474544327,5.419598978431623,0.0,0.0,0.0,0.0,0.0,0.0,0.0,6.0461386685659555,3.3706890246121715,0.0,0.0,3.7646326984301277,0.0,0.0,4.847673631489709,0.0,4.847673631489709,0.0,4.266144634829831,0.0,3.3706890246121715,3.3706890246121715,0.0,0.0,0.0,2.711330474544327,0.0,0.0,0.0,4.266144634829831,2.711330474544327,2.711330474544327,0.0,0.0,0.0,0.0
CD16_Mono,HK2774,284,HKD,1951868.0,1.1149182571119671,3.593214868906201,2.9935398673349134,3.607210532716752,2.420065375652316,1.5230753628390536,1.8924531620936345,0.9309780163768666,2.5874567288533274,0.705401515764539,2.8851850522805376,0.0,0.0,2.696847864226985,0.4136513275377599,2.5874567288533274,2.5874567288533274,3.984714982306578,5.633743955259426,1.5230753628390536,0.0,0.4136513275377599,0.0,1.2702235376875106,3.3734196273040844,2.5072594538864963,5.488090143055977,3.0677360983697035,4.367853145353028,0.705401515764539,0.4136513275377599,3.4893438751652552,3.50485964053455,2.420065375652316,7.1089855991591095,1.1149182571119671,1.8924531620936345,2.273115639114563,8.34614086094801,0.4136513275377599,2.967531862538094,2.0360493791103447,1.2702235376875106,0.705401515764539,5.364183927922908,1.8121007213992208,0.0,3.337670812058774,1.7247231725668348,7.789282851514598,2.324535910284142,2.324535910284142,0.0,1.5230753628390536,1.8924531620936345,2.21890731361853
CD16_Mono,HK2867,29,Control,48418.0,3.0751659949102628,4.980686828051322,3.7449514214849473,0.0,0.0,3.7449514214849473,4.14250640110038,3.0751659949102628,0.0,0.0,4.426209821094769,3.7449514214849473,4.646958560453153,4.14250640110038,4.14250640110038,0.0,4.14250640110038,4.14250640110038,0.0,3.7449514214849473,0.0,3.0751659949102628,4.827680383816676,3.7449514214849473,3.7449514214849473,0.0,0.0,4.14250640110038,4.646958560453153,0.0,0.0,3.7449514214849473,4.646958560453153,0.0,6.3968476575547895,3.0751659949102628,4.14250640110038,0.0,6.980058034318086,3.7449514214849473,0.0,3.0751659949102628,0.0,0.0,3.0751659949102628,3.7449514214849473,0.0,0.0,5.739156502961787,6.666743140141893,4.426209821094769,4.426209821094769,0.0,3.7449514214849473,0.0,0.0
CD16_Mono,HK2739,21,HKD,29213.0,0.0,5.483216214067948,5.148404973940711,4.641444313113454,0.0,5.329757951428206,5.329757951428206,3.561935895818524,0.0,0.0,5.616227978986648,0.0,4.240789496458483,4.926712534831125,3.561935895818524,0.0,4.641444313113454,0.0,0.0,4.926712534831125,0.0,3.561935895818524,5.483216214067948,4.926712534831125,0.0,4.240789496458483,0.0,6.307554333273206,0.0,0.0,0.0,5.329757951428206,5.148404973940711,3.561935895818524,4.641444313113454,4.240789496458483,5.148404973940711,0.0,3.561935895818524,0.0,3.561935895818524,0.0,0.0,0.0,0.0,5.148404973940711,0.0,0.0,5.838643597592158,5.148404973940711,3.561935895818524,4.641444313113454,0.0,3.561935895818524,0.0,0.0
CD16_Mono,HK2558,32,HKD,75788.0,0.0,5.474388673433814,2.6528687265171325,3.3101561508406157,3.3101561508406157,5.949721110571071,0.0,0.0,0.0,0.0,4.889950628385764,3.3101561508406157,6.4525939926081755,4.889950628385764,0.0,3.3101561508406157,3.984879412443589,0.0,3.3101561508406157,3.3101561508406157,0.0,0.0,0.0,0.0,0.0,2.6528687265171325,2.6528687265171325,7.5570715919472145,0.0,0.0,0.0,4.204297094022548,2.6528687265171325,2.6528687265171325,0.0,0.0,4.785425518549182,2.6528687265171325,0.0,0.0,0.0,0.0,0.0,2.6528687265171325,0.0,4.204297094022548,0.0,2.6528687265171325,3.3101561508406157,3.3101561508406157,3.3101561508406157,3.3101561508406157,0.0,0.0,5.150577586033409,2.6528687265171325
CD16_Mono,HK2891,106,HKD,596369.0,1.7968204013408675,4.116844703816022,3.384588249922124,3.439862022588832,0.0,1.4710096064775886,1.7968204013408675,1.7968204013408675,0.0,0.9846273512922181,1.7968204013408675,0.0,4.400444492161595,2.2390136705667825,2.403415022108735,2.042162319950309,2.403415022108735,3.589420874687946,6.143063824556303,2.2390136705667825,0.0,0.9846273512922181,3.4922399699529634,2.77828047374081,2.2390136705667825,2.403415022108735,2.042162319950309,3.2639338067336365,6.181924740813421,0.0,0.0,2.77828047374081,2.668235580782072,0.9846273512922181,6.736683076630825,1.7968204013408675,2.042162319950309,0.0,8.064711849949633,2.77828047374081,2.403415022108735,1.7968204013408675,0.0,0.0,4.336723762137323,2.668235580782072,0.0,0.0,3.870175427704373,8.122087109211208,2.8774070712459054,2.2390136705667825,2.042162319950309,0.9846273512922181,1.4710096064775886,2.2390136705667825
CD16_Mono,HK2711,81,HKD,204562.0,3.2364197196347093,5.597929765760164,4.6871819342269045,3.9097190461680076,3.2364197196347093,5.08957144708564,4.167446546909396,0.0,2.751459590531628,2.751459590531628,4.542032025941486,3.4121689988942925,7.320887241773306,4.961209100912346,0.0,0.0,4.308479685365188,4.00320518776125,3.6915745119975676,4.926367908874347,1.773000186353064,3.5615986074508337,4.2404473515819445,3.2364197196347093,0.0,3.2364197196347093,3.4121689988942925,6.8402280311297785,4.2404473515819445,1.773000186353064,0.0,4.2404473515819445,5.305433149345394,2.751459590531628,4.641100518171932,0.0,4.00320518776125,0.0,5.462337834845169,0.0,0.0,0.0,0.0,0.0,1.773000186353064,3.6915745119975676,0.0,3.6915745119975676,5.748958438325845,5.2556772885405785,4.088693987233869,3.0230542972519387,2.751459590531628,0.0,2.751459590531628,3.4121689988942925
CD16_Mono,HK2923,31,Control,167252.0,1.9429058901952514,4.003891190410066,2.561713627493466,0.0,1.9429058901952514,0.0,0.0,0.0,0.0,0.0,1.9429058901952514,0.0,0.0,0.0,0.0,0.0,0.0,2.561713627493466,6.172368724205162,0.0,1.9429058901952514,0.0,5.965210694712969,2.561713627493466,3.430594641061618,0.0,0.0,0.0,5.662932992958484,0.0,0.0,1.9429058901952514,0.0,0.0,6.434251421591369,0.0,1.9429058901952514,0.0,7.947702546198262,0.0,3.607506979729383,0.0,0.0,0.0,3.2155104476725644,0.0,0.0,0.0,2.561713627493466,8.872620228638128,2.561713627493466,0.0,0.0,0.0,0.0,0.0
CD16_Mono,HK2924,65,Control,267098.0,0.0,3.827060365658577,3.303496683890023,3.742026443838246,0.0,1.5568688931406212,0.0,0.0,0.0,0.0,0.0,0.0,1.5568688931406212,2.138640246254498,0.0,0.0,1.5568688931406212,3.827060365658577,5.064148605056792,0.0,1.5568688931406212,0.0,4.990526613935438,2.138640246254498,4.964730113657362,2.5040417758346503,0.0,0.0,4.225241164872289,0.0,0.0,3.742026443838246,0.0,0.0,7.044597237231099,0.0,0.0,0.0,8.370493794981284,1.5568688931406212,2.5040417758346503,2.138640246254498,0.0,0.0,3.905426782383103,0.0,0.0,0.0,1.5568688931406212,7.685350019109434,0.0,2.7710736176243613,0.0,0.0,0.0,3.155453055312895
CD16_Mono,HK1650,1574,HKD,2125225.0,0.0,3.713468772449586,2.3870463339567043,3.4376726136949967,2.086674843623928,0.0,0.6632428846294599,0.6632428846294599,0.6632428846294599,0.0,0.6632428846294599,0.0,0.0,1.341095741015888,0.0,0.0,0.0,3.5518782136022553,4.428609135055831,0.0,1.9624862007151354,0.0,1.2097636254792976,1.6553373734427075,3.910742085646426,1.8206582720637126,0.8802967473756317,0.0,3.291368108813285,0.0,0.6632428846294599,2.7157638679577265,0.0,0.8802967473756317,6.492579652162773,0.8802967473756317,0.0,0.0,7.212752453228222,0.0,2.469994642438842,1.6553373734427075,0.0,0.0,2.3870463339567043,0.0,0.3856286014723086,0.0,0.0,7.892609855662637,2.469994642438842,2.1971304652250976,0.6632428846294599,0.0,0.0,0.0
CD16_Mono,HK1585,407,Control,1022776.0,2.68704695033697,3.985226709442332,3.0230859222677733,2.4642823517003394,1.0836551153127714,1.5914622697483574,0.0,0.0,0.0,0.0,1.0836551153127714,0.0,1.0836551153127714,1.369451712415014,0.0,1.0836551153127714,0.0,3.6916069254981063,4.739848083357783,1.0836551153127714,0.0,0.0,0.0,0.0,4.477542205819422,0.0,0.0,0.0,4.308512480438972,0.0,0.0,2.923116498935662,0.6819503262498199,0.0,7.408200084182442,0.0,0.6819503262498199,0.0,5.224623439498878,0.0,2.923116498935662,1.5914622697483574,0.6819503262498199,0.0,1.5914622697483574,1.7730277834397277,0.0,0.0,0.0,7.620973321128749,2.282339604033229,1.9266380823051974,0.0,0.0,0.0,0.0
CD16_Mono,HK1635,356,DKD,739150.0,2.765183811369541,4.655613393117169,2.3485462640846655,3.5883831852194557,1.309902054929054,1.309902054929054,1.621112714503846,0.0,0.0,0.0,1.621112714503846,0.0,0.0,2.9225038233424194,0.0,0.855650889756544,1.309902054929054,3.426342510191091,4.741832116101057,0.0,0.855650889756544,0.0,2.0495655173773573,1.621112714503846,4.503046138886752,0.0,0.0,1.309902054929054,2.846934330557954,0.855650889756544,0.0,3.5883831852194557,0.0,0.0,6.3079648670683826,0.0,1.309902054929054,0.855650889756544,6.985288823509953,0.855650889756544,2.676150344194554,1.309902054929054,0.0,0.0,0.855650889756544,0.0,0.0,0.0,2.3485462640846655,5.921709711759713,2.846934330557954,2.765183811369541,0.855650889756544,1.621112714503846,0.0,2.470067332568428
CD16_Mono,HK1997,179,Control,263395.0,0.0,2.516868536918464,3.1688228427605765,2.516868536918464,1.5679030142890273,0.0,0.0,0.0,0.0,0.0,1.5679030142890273,0.0,0.0,1.5679030142890273,0.0,1.5679030142890273,0.0,3.3169478227746603,3.9191084575585124,0.0,0.0,2.150966370870451,0.0,1.5679030142890273,6.132065470331763,1.5679030142890273,1.5679030142890273,0.0,4.4370443223305225,0.0,0.0,2.784166263632559,1.5679030142890273,0.0,6.587751981858894,1.5679030142890273,0.0,0.0,7.432766478328791,0.0,0.0,2.150966370870451,0.0,0.0,3.6626841540837427,1.5679030142890273,0.0,1.5679030142890273,0.0,7.90535226726192,2.516868536918464,1.5679030142890273,0.0,1.5679030142890273,0.0,0.0
CD16_Mono,HK1770,330,HKD,1304198.0,0.9296054887552756,3.041452170794189,3.479298032158082,3.077421840401974,0.9296054887552756,0.0,0.0,0.0,0.0,0.0,0.5691443841725712,0.5691443841725712,0.0,1.7228609588903172,0.9296054887552756,1.5756274682231206,0.0,3.8170918036094466,4.342619256060049,0.5691443841725712,0.0,0.0,1.8511728776012486,0.5691443841725712,5.739049598871648,0.9296054887552756,1.1940025330501587,0.5691443841725712,4.811484955200695,0.0,0.0,2.8830452235478496,0.5691443841725712,0.5691443841725712,6.8502409177290495,0.5691443841725712,0.0,0.0,7.552159606049698,0.5691443841725712,2.694734292743037,2.159585868683733,0.0,0.0,3.3799712060664766,0.5691443841725712,0.0,0.5691443841725712,1.1940025330501587,8.143864709221148,2.244352212492848,1.7228609588903172,0.0,0.5691443841725712,0.9296054887552756,1.4029102900348862
CD16_Mono,HK1634,216,DKD,397098.0,2.4045169552462315,4.15820709290108,4.6939647498836035,3.5186102937109784,0.0,2.146493715119067,0.0,0.0,0.0,0.0,2.6094335790800507,0.0,0.0,2.924659938504618,0.0,1.2579694055088713,0.0,3.051458347340491,4.760809091545206,0.0,0.0,1.2579694055088713,0.0,0.0,4.076184174951229,1.2579694055088713,0.0,0.0,5.636673454256917,0.0,0.0,2.4045169552462315,0.0,0.0,6.680570241289522,0.0,0.0,0.0,6.785489094696251,0.0,2.7794166274041023,1.2579694055088713,0.0,0.0,3.5905988358670724,0.0,0.0,2.146493715119067,1.7978310164277298,6.466391758337711,2.146493715119067,2.146493715119067,0.0,0.0,1.2579694055088713,1.7978310164277298
CD16_Mono,HK1584,1268,DKD,1953033.0,1.4041698165107819,3.686722955471036,1.2697944184251566,3.1362346847802858,1.4041698165107819,0.0,0.4134492289423376,0.0,0.0,0.0,0.7050995835365605,0.0,0.7050995835365605,1.2697944184251566,0.7050995835365605,1.7242328553770552,0.0,3.0183210403971876,4.327511329971868,0.7050995835365605,0.0,0.0,0.0,0.0,1.8116015048720169,0.4134492289423376,0.0,0.0,3.3187303600117675,0.0,0.0,2.372899860325997,1.5226088087273606,0.0,6.534730822890429,0.7050995835365605,0.4134492289423376,0.4134492289423376,7.908707739095975,0.0,2.4640665358041494,0.4134492289423376,0.0,0.0,1.8116015048720169,1.8919464203840264,0.0,0.0,0.9306165673794142,7.19194014756639,2.1610632070388514,2.5476118291023813,0.0,0.0,0.0,0.0
CD16_Mono,HK1588,235,Control,417076.0,2.35996475830792,3.7877650973200683,2.564043006076167,3.5429001569632583,0.0,0.0,0.0,0.0,0.0,0.0,1.2230824133021951,0.0,0.0,2.564043006076167,0.0,1.2230824133021951,0.0,3.8908584291283117,4.027952319412982,0.0,0.0,0.0,0.0,0.0,4.069769543186635,2.1032720342112965,0.0,0.0,2.564043006076167,0.0,0.0,1.757045364758734,0.0,0.0,6.618825896756082,1.2230824133021951,0.0,0.0,7.480348960229697,0.0,1.757045364758734,2.1032720342112965,0.0,0.0,0.0,0.0,0.0,0.0,0.0,6.233038501209438,2.1032720342112965,1.2230824133021951,0.0,0.0,0.0,1.2230824133021951
CD16_Mono,HK1597,381,HKD,584989.0,2.0589499419238306,3.4585164472197425,2.420954900076546,3.653447717403393,0.9967397025879405,1.48588348797806,0.0,0.0,0.0,0.9967397025879405,1.48588348797806,0.0,0.0,2.2562446983037696,0.0,1.48588348797806,1.48588348797806,4.498592934132711,3.216155084465751,0.0,0.0,0.0,1.8129176410524401,0.0,4.079581979341407,2.420954900076546,1.48588348797806,0.0,3.0686669898763514,0.0,0.0,2.8955991007257347,1.48588348797806,0.0,6.60594104877134,0.0,0.0,0.0,7.444502332288644,0.0,3.216155084465751,2.0589499419238306,0.9967397025879405,0.0,0.0,0.0,0.0,1.48588348797806,0.0,7.324666514364051,0.0,2.420954900076546,0.0,0.0,0.0,0.0
CD16_Mono,HK1632,481,DKD,640876.0,1.4160299688133688,4.463837399513125,3.5646762336787527,3.7273660165272444,1.7371436005482983,0.9401495340849961,0.0,0.0,0.0,1.4160299688133688,1.9798224300352405,0.0,0.0,2.6014232550781506,0.9401495340849961,2.1749586611109373,0.9401495340849961,3.6891070853482644,3.899369117501813,0.9401495340849961,0.0,0.0,2.4784315448041774,0.0,4.389232817941478,1.4160299688133688,1.4160299688133688,0.0,4.566244510414677,0.0,0.0,2.8096220998643733,0.0,0.0,6.588333973172751,0.0,1.7371436005482983,0.0,6.5148272867034045,1.4160299688133688,2.9818549786275863,1.9798224300352405,0.0,0.0,0.0,0.9401495340849961,0.0,0.9401495340849961,1.4160299688133688,7.1402741960124025,1.7371436005482983,2.6014232550781506,0.0,0.0,0.9401495340849961,1.7371436005482983
CD16_Mono,HK1664,849,Control,1921017.0,1.9805449792775396,3.423343118833145,2.7785813812059996,3.636522163199426,1.4166648733687173,0.4190771100085669,1.4166648733687173,0.0,0.0,0.4190771100085669,0.4190771100085669,0.0,0.4190771100085669,1.737834364543603,1.8254482434849244,1.125653491377365,0.9406604831554914,3.7155928342339086,4.055963656171045,1.125653491377365,0.0,1.2817079908443683,3.85713645127472,1.2817079908443683,3.33466559439736,2.640052549361418,1.2817079908443683,1.125653491377365,2.640052549361418,0.0,0.0,2.745706409865534,1.5355552202410083,0.0,6.521043061248749,0.0,0.0,0.0,7.259173222953866,1.125653491377365,3.0340481937658756,1.5355552202410083,0.0,0.0,2.6765249694274273,0.4190771100085669,0.0,0.0,2.2331194248637956,7.0091056739192235,2.2874185815170325,2.2331194248637956,0.0,0.0,0.0,1.737834364543603
CD16_Mono,HK1593,136,HKD,363002.0,0.0,3.009814665105546,3.2501129006540705,3.443709574036304,2.4865072876321417,0.0,0.0,0.0,0.0,0.0,1.3230365551553407,0.0,0.0,1.3230365551553407,0.0,2.2261809625556532,0.0,3.3515888982869595,3.867688555640053,0.0,0.0,0.0,0.0,1.3230365551553407,4.759622322056824,0.0,3.443709574036304,0.0,2.863847213658343,0.0,0.0,2.692870828016911,0.0,0.0,6.938572855366621,0.0,0.0,1.3230365551553407,7.895130861292503,2.4865072876321417,2.4865072876321417,2.2261809625556532,0.0,0.0,1.3230365551553407,0.0,0.0,0.0,0.0,7.312963242500399,1.8732797796767218,2.2261809625556532,0.0,0.0,0.0,1.3230365551553407
CD16_Mono,HK1594,535,HKD,1183585.0,0.9894599520280591,3.4738577429547615,3.3335073576787084,3.017126128960859,2.0488696830107984,1.262620566199525,0.0,0.0,0.0,0.9894599520280591,0.9894599520280591,0.0,2.1522291419652007,1.8032505938075207,0.6124200532486667,1.8032505938075207,0.0,3.8421175676072634,5.426845650679399,0.6124200532486667,0.9894599520280591,0.0,0.0,0.0,3.895055302018567,1.4769489335699282,0.6124200532486667,0.0,4.418291074265144,0.0,0.6124200532486667,2.483537341761435,1.4769489335699282,0.0,6.973633837194569,0.0,0.0,0.0,7.804326097206459,0.6124200532486667,2.1522291419652007,1.653350232102498,0.0,0.0,2.551666941829381,0.9894599520280591,0.0,0.9894599520280591,0.6124200532486667,7.940732196836372,2.410424526859938,0.9894599520280591,0.0,0.0,0.0,1.653350232102498
cDC,HK1650,66,HKD,83873.0,0.0,3.212679710517172,2.558992266464294,4.284093028736492,0.0,0.0,2.558992266464294,2.558992266464294,0.0,0.0,0.0,0.0,0.0,0.0,2.558992266464294,0.0,0.0,4.436272321017474,4.684952172502347,0.0,4.436272321017474,2.558992266464294,6.00727586885232,3.212679710517172,5.256268621940134,3.212679710517172,2.558992266464294,0.0,0.0,0.0,0.0,3.8854973318371773,0.0,0.0,6.450324701119548,0.0,0.0,0.0,6.638644269990622,0.0,0.0,4.104524901666785,0.0,0.0,3.212679710517172,0.0,0.0,0.0,2.558992266464294,8.031736150220915,2.558992266464294,3.6046378035498474,0.0,0.0,0.0,4.104524901666785
cDC,HK1634,20,DKD,23468.0,0.0,0.0,4.456930358943915,0.0,0.0,0.0,0.0,0.0,0.0,0.0,4.456930358943915,0.0,0.0,3.775314348282719,0.0,3.775314348282719,0.0,3.775314348282719,4.456930358943915,0.0,5.70137460106399,0.0,0.0,0.0,4.8585220048331035,3.775314348282719,0.0,0.0,5.366238019757752,0.0,0.0,3.775314348282719,0.0,0.0,6.797756825486559,0.0,0.0,0.0,7.249335948151738,0.0,0.0,3.775314348282719,0.0,0.0,5.144261705216434,4.456930358943915,0.0,0.0,0.0,6.971931592464643,0.0,0.0,0.0,0.0,0.0,0.0
pDC,HK2774,43,HKD,490599.0,0.0,4.847144314908984,3.7797437691757136,3.5149186464375006,0.0,1.1113062380746905,0.0,1.1113062380746905,1.1113062380746905,0.0,0.0,0.0,0.0,3.385628279812796,3.4523615092711055,1.9622015402051085,0.0,2.7257769531094143,3.2371044668344635,1.1113062380746905,0.0,0.0,0.0,0.0,0.0,2.5824830077770025,2.2141142859087966,0.0,4.831012486819549,0.0,0.0,3.3141212579757937,3.5149186464375006,0.0,6.8268951727138045,0.0,0.0,2.7257769531094143,7.738102493060033,0.0,0.0,2.9624299151828692,0.0,0.0,4.797946485548518,0.0,0.0,1.6246514292754035,0.0,8.026341811811772,1.6246514292754035,0.0,0.0,0.0,1.6246514292754035,0.0
Neutrophil,HK2774,175,HKD,2192848.0,0.3757121528773955,2.775641724553554,3.1887227956319384,2.933063493465502,2.115827394229911,1.4332246348372397,1.0381939222268062,0.6481790610491048,2.0592923278032313,1.318060422976686,2.8832931255828917,0.3757121528773955,0.0,2.933063493465502,0.0,1.7156483947432175,3.4371385357270956,3.880055606319225,5.548420950311471,0.3757121528773955,0.0,0.0,0.0,1.63007384731081,3.3123523856822183,1.8675370201669947,6.173430536498666,1.4332246348372397,4.945524561318088,0.862081138674324,0.0,3.5480664444318277,2.9570495724177537,1.4332246348372397,7.3884287142260385,0.862081138674324,0.0,1.536485142292351,8.39335881155796,0.0,2.8832931255828917,1.9993685076871224,1.0381939222268062,0.0,5.829782920591252,0.862081138674324,0.0,3.7914959729242272,0.0,8.52092136188999,1.9993685076871224,2.3586427996953305,0.6481790610491048,0.0,1.1878860434180727,1.0381939222268062
Neutrophil,HK2895,80,Control,134117.0,2.7670957036562283,3.973931212801541,2.13489710024951,3.973931212801541,2.13489710024951,3.1513902013823483,2.7670957036562283,0.0,2.13489710024951,0.0,0.0,0.0,0.0,2.13489710024951,3.4283164884087864,0.0,4.789978823917853,4.105109917111371,0.0,2.13489710024951,2.7670957036562283,2.7670957036562283,6.728738353773095,6.170019194486469,3.973931212801541,3.8229088651867555,0.0,3.4283164884087864,4.221059249627672,0.0,0.0,4.5050637974638725,3.4283164884087864,0.0,5.749900518218128,0.0,0.0,0.0,4.7259943248423175,4.4190567237218055,2.7670957036562283,3.4283164884087864,0.0,0.0,0.0,0.0,0.0,0.0,5.011458465019114,9.599962582916106,2.7670957036562283,2.7670957036562283,2.7670957036562283,2.13489710024951,0.0,4.4190567237218055
Neutrophil,HK2833,23,Control,53105.0,0.0,5.338195577175675,0.0,3.6548374746039287,0.0,0.0,2.9872271364889675,2.9872271364889675,0.0,0.0,3.6548374746039287,0.0,0.0,0.0,0.0,0.0,4.88895213860587,2.9872271364889675,0.0,2.9872271364889675,0.0,0.0,5.6470684754164235,6.547836347107247,0.0,4.051643298770887,0.0,0.0,5.578327561013554,0.0,0.0,0.0,0.0,0.0,5.71138648201801,0.0,0.0,0.0,4.051643298770887,0.0,0.0,2.9872271364889675,0.0,0.0,0.0,2.9872271364889675,0.0,0.0,4.334967447254983,9.717736457153459,0.0,4.051643298770887,2.9872271364889675,0.0,0.0,2.9872271364889675
Neutrophil,HK2867,36,Control,64149.0,0.0,4.833974964847381,0.0,3.4712648114427593,2.8087221952156183,0.0,0.0,0.0,0.0,0.0,3.866316656445331,0.0,4.548940995784838,3.4712648114427593,0.0,0.0,3.866316656445331,2.8087221952156183,2.8087221952156183,0.0,0.0,4.368732884296272,5.236784938491615,5.694356332050858,2.8087221952156183,2.8087221952156183,4.1487511494964515,4.548940995784838,3.4712648114427593,2.8087221952156183,0.0,2.8087221952156183,0.0,3.4712648114427593,5.458864458943637,0.0,3.4712648114427593,0.0,6.461682230240317,2.8087221952156183,2.8087221952156183,3.4712648114427593,0.0,0.0,0.0,2.8087221952156183,0.0,2.8087221952156183,5.523136795371238,9.330044720870442,3.4712648114427593,4.1487511494964515,0.0,0.0,3.4712648114427593,0.0
Neutrophil,HK2891,171,HKD,651285.0,1.7238871049885223,3.5490245277679753,3.818313408015448,3.4565854896302404,0.9303617172497026,1.4038523726861003,2.160690897483911,0.0,0.0,0.9303617172497026,1.7238871049885223,0.0,4.9576507665925105,1.4038523726861003,2.160690897483911,1.4038523726861003,2.6958990116639177,3.711645311641793,4.843438316191935,2.160690897483911,0.0,1.4038523726861003,3.406950675135535,4.030256433665916,4.392498589296242,1.9659514700656422,3.2996165298181124,1.4038523726861003,6.416895006878563,0.0,0.0,2.9665667355985437,3.2996165298181124,0.9303617172497026,7.446001570031116,0.0,0.0,0.0,6.5850478541263975,1.9659514700656422,3.042641600950642,2.586515809380244,0.9303617172497026,0.0,4.373323018805744,2.160690897483911,0.9303617172497026,2.586515809380244,2.3236180136397118,8.259492386192102,1.9659514700656422,2.463681552144975,2.586515809380244,0.0,0.0,2.463681552144975
Neutrophil,HK2770,232,HKD,555144.0,1.0300958852753006,3.4538747518080077,3.395224608669873,4.491613809146651,0.0,0.0,2.3032520847778954,1.0300958852753006,1.8569233081939864,2.9451410634605555,2.1047848832536658,0.0,0.0,3.0356584452163227,2.4687778243677854,1.5266363215758036,5.0019942216039865,4.315549055715982,2.3032520847778954,2.1047848832536658,0.0,2.3032520847778954,7.05086295229893,6.155172876420863,3.940364834433806,3.8677512159972753,0.0,1.0300958852753006,3.747871964915076,0.0,0.0,2.7350604788943587,4.587739746071687,0.0,5.8118798495380775,1.5266363215758036,0.0,1.0300958852753006,4.2406172676321106,3.1186582015078512,1.0300958852753006,3.789449103290112,1.0300958852753006,0.0,0.0,0.0,0.0,0.0,3.5617661114559556,9.704728312279146,2.7350604788943587,3.789449103290112,1.8569233081939864,2.4687778243677854,0.0,4.101717914492801
Neutrophil,HK2896,62,Control,669329.0,0.0,3.5224924264561173,3.9180668652176447,2.13655032954817,0.9139013102428428,0.0,1.7014883725260481,0.0,0.0,0.9139013102428428,1.3833066909300384,0.0,0.0,0.9139013102428428,0.9139013102428428,0.0,0.9139013102428428,3.8247426607932686,5.876558594221422,0.9139013102428428,2.2989988161300627,0.0,4.030325769925516,2.13655032954817,6.1624905568165556,0.9139013102428428,1.3833066909300384,0.0,6.1074906470856645,0.0,0.0,3.2733098726065695,0.9139013102428428,1.3833066909300384,7.7896029030293565,0.0,0.0,0.0,4.286528597986559,0.0,3.0166341249054103,1.7014883725260481,0.0,0.0,4.306867180830721,0.0,0.0,1.9424949392370607,1.3833066909300384,7.2123596981264715,0.9139013102428428,2.561270955450338,1.3833066909300384,0.0,0.0,1.3833066909300384
Neutrophil,HK2923,38,Control,187448.0,2.4569893729075214,2.8334744019949896,3.320495666779195,2.4569893729075214,2.4569893729075214,1.8460602718631935,0.0,0.0,0.0,0.0,0.0,0.0,0.0,2.8334744019949896,1.8460602718631935,1.8460602718631935,1.8460602718631935,4.174660375017202,5.82035947920178,0.0,0.0,0.0,4.628510120615029,2.4569893729075214,5.392387355111967,3.10634528453264,0.0,0.0,5.994238107499341,0.0,0.0,3.320495666779195,0.0,0.0,7.059608351907105,0.0,0.0,0.0,6.73803451495047,1.8460602718631935,1.8460602718631935,2.4569893729075214,0.0,0.0,4.8178649031465435,0.0,0.0,0.0,2.8334744019949896,8.569113743690512,3.10634528453264,1.8460602718631935,0.0,0.0,0.0,3.10634528453264
Neutrophil,HK2924,94,Control,244244.0,0.0,2.85515126538613,3.066718647541743,3.5191028132289457,1.628115669918714,2.217956269507997,2.217956269507997,0.0,0.0,0.0,1.628115669918714,0.0,2.217956269507997,2.586469902563437,0.0,0.0,3.6335886409194145,3.829443906627154,5.602936131428767,0.0,1.628115669918714,0.0,5.264918379769112,4.511670831871142,5.602936131428767,3.3897947758577973,1.628115669918714,0.0,5.689640209354675,0.0,0.0,2.586469902563437,2.217956269507997,1.628115669918714,7.239251277771519,0.0,0.0,1.628115669918714,7.386558179219243,1.628115669918714,2.217956269507997,2.217956269507997,0.0,0.0,4.065940448644323,0.0,0.0,0.0,0.0,9.134142122462835,1.628115669918714,2.586469902563437,0.0,1.628115669918714,0.0,2.586469902563437
Neutrophil,HK1650,355,HKD,328455.0,0.0,2.786416764232115,3.1051201527979626,2.3158636691061276,1.3973720495974977,0.0,0.0,0.0,0.0,0.0,1.9585603942496839,0.0,0.0,1.3973720495974977,0.0,0.0,0.0,2.578566102150814,2.95841156727767,0.0,0.0,0.0,1.9585603942496839,0.0,5.571514702385732,2.578566102150814,0.0,0.0,3.4482581443123976,0.0,0.0,3.1051201527979626,0.0,0.0,7.25394761569689,0.0,0.0,0.0,6.274296628956023,0.0,2.786416764232115,2.578566102150814,0.0,0.0,2.3158636691061276,0.0,0.0,0.0,2.786416764232115,8.636473882298999,1.9585603942496839,1.3973720495974977,0.0,0.0,0.0,0.0
Neutrophil,HK1585,28,Control,40911.0,0.0,0.0,3.2364525946996623,0.0,0.0,0.0,0.0,0.0,0.0,0.0,3.2364525946996623,0.0,0.0,0.0,0.0,0.0,0.0,3.9097525802398123,3.2364525946996623,0.0,0.0,0.0,0.0,0.0,6.8862580098742745,0.0,0.0,0.0,4.813943123155831,0.0,0.0,0.0,3.2364525946996623,0.0,7.615689693412302,0.0,0.0,0.0,5.280898688667999,0.0,3.2364525946996623,3.2364525946996623,0.0,0.0,3.2364525946996623,0.0,0.0,0.0,0.0,7.791889310636028,0.0,0.0,0.0,0.0,0.0,0.0
Neutrophil,HK1635,72,DKD,88594.0,0.0,2.508578099090917,2.508578099090917,2.508578099090917,0.0,2.508578099090917,0.0,0.0,0.0,0.0,2.508578099090917,0.0,0.0,3.551407114931653,2.508578099090917,0.0,3.16018225607597,4.050692708261144,2.508578099090917,0.0,0.0,0.0,0.0,2.508578099090917,6.659080795780372,0.0,0.0,0.0,2.508578099090917,0.0,0.0,3.16018225607597,0.0,2.508578099090917,7.0495321486787725,0.0,0.0,0.0,6.2757219498449555,0.0,2.508578099090917,3.16018225607597,0.0,0.0,3.551407114931653,0.0,0.0,0.0,2.508578099090917,8.072977283973431,0.0,0.0,0.0,0.0,0.0,2.508578099090917
Neutrophil,HK1997,100,Control,140637.0,0.0,2.0931600546121247,3.3824228170663595,3.5987501780802806,0.0,0.0,0.0,0.0,0.0,0.0,0.0,0.0,0.0,2.0931600546121247,2.0931600546121247,0.0,0.0,3.5987501780802806,0.0,0.0,0.0,0.0,0.0,2.0931600546121247,6.607315440812739,0.0,2.0931600546121247,0.0,5.01277028876925,0.0,0.0,3.3824228170663595,2.0931600546121247,0.0,7.332865116192971,0.0,0.0,0.0,6.197715823972466,0.0,2.7226766246229572,3.3824228170663595,0.0,0.0,2.0931600546121247,0.0,0.0,2.7226766246229572,0.0,7.945863643656775,0.0,0.0,0.0,2.0931600546121247,0.0,0.0
Neutrophil,HK1770,136,HKD,368403.0,0.0,1.8607937196642743,3.429415671865167,3.5137229067138516,0.0,0.0,0.0,0.0,0.0,0.0,0.0,0.0,0.0,2.2130165761155363,1.3122221977719966,0.0,1.8607937196642743,3.7308914797552832,3.2359204754691624,0.0,1.8607937196642743,1.3122221977719966,1.3122221977719966,0.0,6.505405820170353,1.3122221977719966,2.2130165761155363,0.0,5.030486602331486,0.0,0.0,3.2359204754691624,0.0,0.0,7.4353184148929,1.3122221977719966,0.0,0.0,6.560675394037982,0.0,2.679108302678745,2.8499265630272053,0.0,0.0,3.429415671865167,0.0,0.0,2.2130165761155363,0.0,8.017309390686146,0.0,0.0,0.0,1.3122221977719966,0.0,2.2130165761155363
Neutrophil,HK1634,122,DKD,126637.0,2.1856676420068943,3.2063885389197884,5.2074156229699415,0.0,0.0,2.1856676420068943,0.0,0.0,0.0,0.0,2.8209724116357284,0.0,0.0,0.0,0.0,2.8209724116357284,0.0,3.4838933424356595,2.8209724116357284,0.0,2.1856676420068943,0.0,0.0,0.0,4.277627833526765,2.1856676420068943,0.0,0.0,5.4380836692026495,0.0,0.0,2.8209724116357284,0.0,0.0,7.568205515607306,0.0,0.0,0.0,5.707343724598396,0.0,2.1856676420068943,2.1856676420068943,0.0,0.0,4.030270007038882,0.0,0.0,0.0,0.0,6.2115733728202445,0.0,0.0,0.0,0.0,0.0,0.0
Neutrophil,HK1597,151,HKD,164734.0,0.0,0.0,2.9554922349897867,3.445276827920748,3.230075635192466,1.9559159619263846,0.0,0.0,0.0,1.9559159619263846,3.230075635192466,0.0,0.0,1.9559159619263846,0.0,0.0,2.9554922349897867,4.380964814814265,0.0,0.0,0.0,0.0,0.0,0.0,4.216183287716273,2.575720717324115,1.9559159619263846,0.0,2.575720717324115,0.0,0.0,2.9554922349897867,1.9559159619263846,0.0,7.543745690420004,0.0,0.0,0.0,7.117440374651999,0.0,3.230075635192466,0.0,0.0,0.0,0.0,0.0,0.0,0.0,0.0,8.34757207197575,0.0,2.9554922349897867,0.0,0.0,0.0,0.0
Neutrophil,HK1632,107,DKD,97487.0,0.0,3.956783916394829,4.287777020933804,4.135912962285693,2.421059263995878,0.0,0.0,0.0,0.0,0.0,3.956783916394829,0.0,0.0,2.421059263995878,0.0,0.0,2.421059263995878,3.458627380780691,3.0687762046867766,2.421059263995878,0.0,0.0,0.0,0.0,6.114439039903507,2.421059263995878,0.0,2.421059263995878,5.042564549331183,0.0,0.0,2.421059263995878,0.0,0.0,7.2487284999152655,0.0,2.421059263995878,0.0,6.318823976958266,0.0,2.421059263995878,0.0,0.0,0.0,2.421059263995878,0.0,0.0,0.0,2.421059263995878,7.636786433095218,0.0,2.421059263995878,0.0,0.0,0.0,3.738410102165903
Neutrophil,HK1664,267,Control,436474.0,0.0,2.6910073448428395,2.5221571591513845,3.1743332561399606,1.7195783823958437,0.0,1.191217969921784,0.0,0.0,1.191217969921784,1.191217969921784,0.0,0.0,2.3188863869963696,1.7195783823958437,1.7195783823958437,2.9615909190006557,3.687590689336729,2.9615909190006557,0.0,0.0,0.0,3.939714408379374,0.0,5.069438761608984,2.3188863869963696,0.0,0.0,2.9615909190006557,0.0,0.0,1.7195783823958437,2.3188863869963696,0.0,7.15416733827878,1.191217969921784,0.0,0.0,6.303129388650989,1.191217969921784,3.687590689336729,1.7195783823958437,0.0,0.0,2.8354232819718845,0.0,0.0,1.7195783823958437,2.6910073448428395,8.122341026984762,1.191217969921784,2.6910073448428395,1.7195783823958437,0.0,0.0,1.191217969921784
Neutrophil,HK1594,145,HKD,214077.0,0.0,2.979850103233685,2.979850103233685,3.192781598928132,0.0,0.0,0.0,0.0,0.0,0.0,0.0,0.0,1.7354036329079292,0.0,1.7354036329079292,2.3362551279561785,1.7354036329079292,3.6472689053229104,2.3362551279561785,0.0,0.0,0.0,0.0,0.0,5.158106619270461,2.3362551279561785,0.0,0.0,5.01382304652411,0.0,0.0,1.7354036329079292,1.7354036329079292,0.0,7.692478634053931,0.0,1.7354036329079292,0.0,6.553480972236201,1.7354036329079292,2.7089597403068453,2.3362551279561785,0.0,0.0,2.7089597403068453,0.0,0.0,2.3362551279561785,1.7354036329079292,7.668756007532818,0.0,0.0,0.0,0.0,0.0,1.7354036329079292
Baso/Mast,HK2774,23,HKD,152176.0,0.0,3.3063500674173167,2.6491969565841016,2.6491969565841016,3.0308105412423334,0.0,0.0,6.33883275416752,0.0,2.0243698616242485,0.0,0.0,0.0,2.6491969565841016,0.0,0.0,0.0,4.380225781643339,4.380225781643339,0.0,0.0,0.0,0.0,0.0,2.6491969565841016,3.3063500674173167,3.3063500674173167,2.0243698616242485,4.781507976573921,0.0,0.0,3.3063500674173167,3.0308105412423334,2.6491969565841016,8.168998969356414,2.6491969565841016,0.0,0.0,8.379722023485991,0.0,2.6491969565841016,3.850134179311655,2.0243698616242485,0.0,3.522136682951353,2.0243698616242485,0.0,0.0,0.0,8.494963084794637,0.0,2.0243698616242485,0.0,0.0,3.3063500674173167,2.0243698616242485
Baso/Mast,HK2891,116,HKD,453090.0,0.0,1.6890129521067079,4.466776868956459,3.0380061699207537,2.4878469182198257,1.165356821217783,1.6890129521067079,6.801590307225857,0.0,1.6890129521067079,0.0,0.0,4.104143227661991,0.0,2.0309339800958846,0.0,0.0,4.651406141851612,2.4878469182198257,1.6890129521067079,0.0,0.0,4.563346463144086,2.4878469182198257,2.0309339800958846,3.1385621262177117,0.0,1.165356821217783,4.893532190115479,0.0,0.0,2.285262734964746,3.7596704240765075,1.165356821217783,7.921325033662014,1.165356821217783,1.6890129521067079,0.0,8.554453249953154,2.9261965527334235,2.285262734964746,3.462572730263977,0.0,0.0,1.6890129521067079,2.285262734964746,0.0,3.857533188678798,2.800293209236649,8.941397100125155,2.0309339800958846,1.6890129521067079,1.165356821217783,1.165356821217783,1.165356821217783,2.4878469182198257
Baso/Mast,HK1997,41,Control,66384.0,0.0,3.4380994352265697,3.4380994352265697,0.0,0.0,0.0,0.0,5.5494098961318175,0.0,0.0,0.0,0.0,0.0,0.0,0.0,0.0,0.0,3.4380994352265697,3.4380994352265697,0.0,0.0,0.0,0.0,0.0,0.0,2.7765727014104917,0.0,0.0,4.515061926314165,0.0,0.0,0.0,0.0,0.0,7.632764578605535,0.0,0.0,0.0,8.110762251894808,0.0,0.0,4.115053367850198,0.0,0.0,0.0,0.0,0.0,0.0,0.0,8.273236136894687,0.0,0.0,0.0,0.0,3.4380994352265697,0.0
Baso/Mast,HK1770,45,HKD,104327.0,0.0,3.0042207828782357,3.890313693216367,3.672266864884876,2.3594611814777924,0.0,0.0,5.309703172375853,0.0,0.0,0.0,0.0,0.0,0.0,2.3594611814777924,0.0,0.0,3.3930220265383992,3.3930220265383992,0.0,0.0,2.3594611814777924,0.0,0.0,0.0,2.3594611814777924,0.0,0.0,4.833167562839804,0.0,0.0,2.3594611814777924,0.0,0.0,7.690028180688516,0.0,0.0,0.0,8.068680817036315,0.0,2.3594611814777924,4.2209291168638945,0.0,0.0,0.0,0.0,0.0,2.3594611814777924,0.0,8.310204561038846,0.0,0.0,0.0,0.0,0.0,2.3594611814777924
Baso/Mast,HK1634,121,DKD,174383.0,2.523246195458143,1.90724415261918,5.662005846968832,3.8475064892515705,1.90724415261918,0.0,0.0,5.757000018802135,0.0,0.0,2.523246195458143,0.0,0.0,3.175467812273162,0.0,0.0,2.9016145320740105,3.8475064892515705,0.0,0.0,0.0,0.0,0.0,0.0,0.0,1.90724415261918,0.0,1.90724415261918,5.153494568706996,2.523246195458143,0.0,3.390221354312858,0.0,0.0,7.470656068040603,0.0,0.0,0.0,7.743387032439855,0.0,1.90724415261918,3.717018014239389,1.90724415261918,0.0,2.523246195458143,1.90724415261918,0.0,2.9016145320740105,3.566910207816138,7.29625563719234,0.0,0.0,0.0,0.0,1.90724415261918,2.9016145320740105
CD4T,HK2893,26,Control,116003.0,0.0,4.364170666616315,0.0,3.7865126962532702,0.0,0.0,0.0,0.0,2.9036681579056487,0.0,0.0,2.2638927782687737,3.7865126962532702,2.9036681579056487,0.0,5.104665063793721,2.2638927782687737,2.2638927782687737,3.5690217729757356,3.9650480047245975,0.0,0.0,2.2638927782687737,0.0,2.2638927782687737,3.5690217729757356,0.0,3.5690217729757356,0.0,0.0,0.0,2.2638927782687737,3.5690217729757356,4.116485417529884,7.037819573405704,0.0,2.9036681579056487,0.0,6.917304148381163,0.0,0.0,4.116485417529884,0.0,0.0,2.2638927782687737,3.7865126962532702,0.0,5.204170415174946,4.364170666616315,6.975355862495828,0.0,2.2638927782687737,2.2638927782687737,0.0,2.2638927782687737,2.2638927782687737
CD4T,HK2862,837,DKD,573420.0,0.0,5.522983388464426,4.039633464857003,3.5801367978668814,2.2741457155827702,4.55568379750803,4.069871528954464,2.076398130363384,4.573841875872629,3.1642503150985295,4.537189896033514,1.009388440634002,2.4391710914796363,3.872989111696526,3.0048479360512577,4.23429452725151,4.43921331419041,3.5801367978668814,0.0,3.3639370537207123,0.0,3.872989111696526,0.0,2.5807815952573283,2.076398130363384,3.908613761539785,4.039633464857003,6.210636005383509,2.076398130363384,3.943012831413781,1.009388440634002,4.537189896033514,5.412636949513929,4.479562988310215,5.590315605340227,1.8296599668877662,2.2741457155827702,3.301702461380864,4.37546149831031,2.7048035659909053,0.0,4.099222025224146,2.5807815952573283,0.0,0.0,2.5807815952573283,0.0,3.23533616803358,5.420384516767213,4.182433731996075,2.4391710914796363,3.797690377324144,2.4391710914796363,0.0,4.353274563719244,1.009388440634002
CD4T,HK2596,372,DKD,760127.0,2.444480156959236,3.732481389510626,5.431945522037621,1.5987224878262631,4.504893781916147,7.268899850797064,0.0,2.8205949852443015,1.8345441029588063,0.0,3.561182735537285,1.2895464475623095,0.0,4.381203522315435,0.8396557199367591,3.561182735537285,0.0,3.561182735537285,0.8396557199367591,5.139957323495718,0.0,0.8396557199367591,0.0,0.0,1.2895464475623095,0.8396557199367591,3.700489027766673,6.608898608691039,3.700489027766673,2.5525751670345556,0.0,2.444480156959236,2.8205949852443015,1.2895464475623095,4.782489813604637,0.0,5.4769575886552655,3.0932724269899916,3.2060034676771103,1.2895464475623095,0.8396557199367591,3.5978704649552244,3.031752897172031,0.0,0.8396557199367591,0.0,0.0,1.2895464475623095,1.2895464475623095,3.9316618179901166,0.0,1.5987224878262631,0.0,0.0,4.3305684477347475,0.0
CD4T,HK2774,1961,HKD,12277048.0,1.1371189446827032,4.764164713559749,3.367977149970291,3.6687115847179936,2.1676832188753075,2.831137652024912,2.1199537851178785,0.8690723613973361,2.658636350579562,1.1106462991917736,2.491350966861731,0.34164741250790154,0.07830532724076608,2.927199585968749,1.0267444727281345,2.8916840243224717,2.265298234004402,3.069266474187059,5.3059720275735645,1.5401684820705008,0.5958254078281091,0.6817998743100635,0.0,1.6238614440575074,0.997136407154684,2.5245155522234457,2.6756072867772476,3.584204988206089,4.116701582821667,1.8652171512714453,0.0,3.3791418103137967,3.5284125042910226,2.927199585968749,6.381752848829432,1.2125751040473232,1.4677741163507934,2.556615462909505,8.444710145806235,0.4511836624853618,1.0267444727281345,4.201910643668943,1.2827349360104496,1.326914611697536,2.859538291609496,0.6817998743100635,0.3979145620794308,1.5912198981516648,2.1769616987810863,8.187781515058132,2.1101283081106565,2.1296836606947105,0.6397363077582043,0.8690723613973361,2.3995933800037843,1.4677741163507934
CD4T,HK2844,33,DKD,44781.0,3.821262029958549,5.308159242945088,0.0,4.219400314056067,3.821262029958549,4.724325580210131,4.219400314056067,3.149778630738978,3.821262029958549,0.0,5.413024532800669,0.0,4.219400314056067,5.6743594670693005,3.821262029958549,0.0,4.219400314056067,0.0,0.0,4.219400314056067,0.0,4.724325580210131,4.905166591785579,5.6743594670693005,0.0,3.149778630738978,3.821262029958549,5.941815393827628,0.0,3.149778630738978,0.0,4.219400314056067,4.219400314056067,0.0,3.149778630738978,3.149778630738978,5.190994894859807,0.0,4.503398744792998,3.821262029958549,3.149778630738978,3.149778630738978,0.0,0.0,0.0,0.0,0.0,0.0,5.6743594670693005,4.219400314056067,5.308159242945088,3.821262029958549,0.0,0.0,3.821262029958549,3.149778630738978
CD4T,HK2895,115,Control,504862.0,1.6017037975767983,4.224570396022023,3.8406774477454313,4.133612037505153,0.0,2.6990212315526922,2.6990212315526922,1.9376213017640227,1.0921713540223248,2.389101856118371,0.0,0.0,1.6017037975767983,3.3579540579452356,1.9376213017640227,2.935273611538443,4.456342856341596,4.224570396022023,2.5560200516668456,2.6990212315526922,0.0,2.5560200516668456,5.9383833517101765,3.126239883008344,3.424623806535909,3.7972015291332513,1.0921713540223248,4.307940732283261,1.6017037975767983,0.0,0.0,3.5459488252915157,3.2095876830607533,2.188627412338531,6.695973970687841,1.0921713540223248,1.9376213017640227,0.0,6.222790094311662,3.035308351986889,2.188627412338531,4.501289331768773,1.0921713540223248,1.6017037975767983,0.0,1.6017037975767983,0.0,0.0,4.101356235122863,6.907047631389673,2.6990212315526922,3.6541339222024742,1.9376213017640227,2.389101856118371,1.6017037975767983,3.424623806535909
CD4T,HK2833,46,Control,54441.0,3.630641524000613,3.630641524000613,4.027234329678646,4.996861348852423,0.0,4.71142978486804,4.530904995298147,0.0,2.963648501205005,0.0,2.963648501205005,0.0,0.0,4.027234329678646,4.027234329678646,0.0,4.530904995298147,3.630641524000613,2.963648501205005,2.963648501205005,0.0,4.310450556085095,7.377171414091126,5.113893088102202,2.963648501205005,4.996861348852423,0.0,4.027234329678646,2.963648501205005,0.0,0.0,4.310450556085095,2.963648501205005,2.963648501205005,5.957749244269407,0.0,2.963648501205005,0.0,6.3463795580483895,3.630641524000613,3.630641524000613,3.630641524000613,0.0,0.0,0.0,4.310450556085095,0.0,2.963648501205005,6.090957368990569,7.054636228613336,4.027234329678646,4.027234329678646,0.0,0.0,2.963648501205005,3.630641524000613
CD4T,HK2663,52,Control,114681.0,3.5801622279491325,5.501892813512047,5.06232363256498,2.9145048917881713,2.2741691834120434,5.806200454085541,4.660018941015885,0.0,0.0,2.9145048917881713,4.479588850890284,0.0,0.0,4.660018941015885,3.5801622279491325,0.0,5.005537551276052,3.9762935190641544,3.3017276573794323,4.127761313769462,0.0,3.9762935190641544,5.389053493637275,4.57386776513799,2.2741691834120434,0.0,2.2741691834120434,6.64424007732951,3.3017276573794323,2.9145048917881713,0.0,4.660018941015885,4.945331637938327,2.9145048917881713,3.797715949956075,2.2741691834120434,3.797715949956075,0.0,4.945331637938327,3.797715949956075,0.0,3.5801622279491325,0.0,0.0,2.2741691834120434,2.9145048917881713,0.0,0.0,6.261855006005607,3.9762935190641544,3.797715949956075,3.3017276573794323,0.0,4.127761313769462,2.2741691834120434,3.3017276573794323
CD4T,HK2867,82,Control,184932.0,0.0,5.5418416933772,3.3335238158822893,3.1192575443437556,0.0,3.1192575443437556,3.1192575443437556,1.8574524780152233,0.0,0.0,0.0,1.8574524780152233,5.24838501181579,4.339947363493957,2.469351795822708,0.0,1.8574524780152233,3.1192575443437556,5.219552051228136,3.6597531443656517,0.0,1.8574524780152233,4.588360428127243,3.790061991949215,2.469351795822708,3.1192575443437556,0.0,6.178479190590817,4.18796719547057,0.0,0.0,4.102334604393655,2.469351795822708,2.846198027758614,6.046844032603945,0.0,1.8574524780152233,3.6597531443656517,7.940027232437994,2.846198027758614,0.0,4.0086764622123505,1.8574524780152233,0.0,2.469351795822708,1.8574524780152233,0.0,0.0,2.846198027758614,7.122296330010103,2.846198027758614,2.469351795822708,2.469351795822708,2.846198027758614,0.0,1.8574524780152233
CD4T,HK2558,158,HKD,563142.0,2.2903865189587713,6.362846782920271,3.853748078200283,3.7339071739173537,3.181579428981834,6.464660155408998,1.844866202281077,0.0,2.7216906412757744,1.0209213606363057,4.517030577322437,4.661260422346205,6.464660155408998,5.349669124942108,1.5154573120668016,4.371130567198815,3.8153750107980304,2.7216906412757744,1.5154573120668016,5.15472324104714,0.0,0.0,0.0,0.0,0.0,3.547870748049209,3.022046088017408,7.463369806187927,1.5154573120668016,1.844866202281077,1.0209213606363057,3.960751845114209,4.726257236448715,2.2903865189587713,3.4954014642193854,3.3814033276553133,5.15472324104714,3.4400259639819417,3.1049907513870756,0.0,1.5154573120668016,2.4556929141002266,1.0209213606363057,1.0209213606363057,0.0,4.371130567198815,0.0,1.5154573120668016,3.3191288887820507,2.597510174711732,2.7216906412757744,4.05740449764609,0.0,1.0209213606363057,5.224014580992652,1.844866202281077
CD4T,HK2891,778,HKD,2696080.0,0.0,4.377424580483276,3.723982745257243,3.8420680635476425,1.6253107943035094,3.063390367397558,2.663939436715379,3.162324156022698,1.3780784530029218,1.1710734832082939,2.55482784607139,1.1710734832082939,5.94909721916417,2.663939436715379,1.8815442799250528,2.6108710711663043,2.6377572440676436,3.4820783343453234,3.668768939895458,2.9340497238534278,0.0,1.467454876728998,3.0974674904008825,3.0805740781653377,1.761612133449665,3.1304215294674247,1.0489122421194597,3.888697977489395,3.0459062063409346,1.2799228139176906,0.0,3.3480517326530084,4.500011094774281,2.214845660385293,6.971207402289521,1.6957819253558333,2.130393356150219,1.0489122421194597,6.59129397947426,2.3294920207331242,1.8233750951299497,4.670105778960228,1.0489122421194597,0.0,1.54949441820117,3.19324039236562,0.0,2.3649616618707787,3.6496654469706318,7.176317890773738,2.3294920207331242,2.3294920207331242,2.130393356150219,1.0489122421194597,2.292717871947896,2.130393356150219
CD4T,HK2770,338,HKD,1984946.0,1.1036556066739514,4.7034112779888995,2.4492477701582636,4.490472968370453,2.203943364902104,0.0,1.391966309225193,0.9208308611187466,2.2580546395900267,2.146735712592771,2.0214543874196393,0.4079899464897792,0.0,2.532681773758164,2.3582136137767336,1.878198976722584,2.203943364902104,4.304738463632506,5.092014005586489,2.571925660597362,0.0,1.7980596525052666,6.547852839509398,2.9775838618735793,2.8693261449391274,3.6962467322278543,1.1036556066739514,1.7109340802913353,2.681184882018467,0.4079899464897792,0.0,3.245938702941698,2.9775838618735793,0.6969320515959162,6.614195485345917,1.6154868490020957,0.4079899464897792,1.7109340802913353,7.997621715269849,2.532681773758164,1.258165552088326,4.512822146797295,0.4079899464897792,0.0,3.1207361907293376,0.0,0.0,0.0,2.7796736448703987,8.055222510341101,1.878198976722584,3.075258251634547,1.391966309225193,2.203943364902104,0.4079899464897792,3.6046614909653196
CD4T,HK2711,169,HKD,555459.0,1.526192335277543,6.3796178612039345,3.9041611447974547,4.29063087542861,2.944603646861152,5.697266718388728,2.8450730942221623,1.526192335277543,3.4533254356827117,1.8564446488518587,4.3149893765532905,5.001430777805172,6.974091133667606,5.482477294804031,0.0,3.118116031088153,3.828811433326058,3.3946763763845564,0.0,5.302482337384321,1.029731158931046,2.302741527947982,3.3323721181180526,2.8450730942221623,0.0,2.7345300387465836,4.361995525622141,7.2220095134394295,3.3323721181180526,1.526192335277543,3.561214960196832,4.039707080968239,6.293592772694469,3.4533254356827117,3.611087030440865,3.2659265922622325,5.104905377968135,1.8564446488518587,6.593218111165187,1.526192335277543,2.302741527947982,2.46825861765456,2.46825861765456,1.029731158931046,0.0,4.872311701165405,1.029731158931046,2.7345300387465836,5.001430777805172,6.184734633971998,3.035118446008102,4.361995525622141,1.526192335277543,1.526192335277543,4.739873374818744,2.6102308283535542
CD4T,HK2896,87,Control,304071.0,2.025171610544571,4.295263270072063,3.6156569785384987,4.041435843953396,1.455984962088498,0.0,3.0316896673960163,0.0,0.0,0.0,0.0,0.0,0.0,2.858968691131155,2.6500553712194552,2.6500553712194552,2.025171610544571,4.150810058523671,3.4209460985271503,1.455984962088498,2.025171610544571,1.455984962088498,5.384745350235186,3.0316896673960163,3.3072399286968266,3.918612923650681,0.0,0.0,2.025171610544571,0.0,0.0,3.4209460985271503,2.858968691131155,0.0,7.0829778865957085,0.0,0.0,0.0,6.304311917968445,2.385649396745467,2.025171610544571,4.533499698107157,0.0,0.0,0.0,1.455984962088498,1.455984962088498,0.0,3.3072399286968266,6.9690873288854105,0.0,2.858968691131155,1.455984962088498,0.0,0.0,2.6500553712194552
CD4T,HK2923,36,Control,80269.0,0.0,3.6473887157047655,3.6473887157047655,4.147735997815005,2.5995818690670616,2.5995818690670616,3.2548689971449543,0.0,0.0,0.0,0.0,0.0,0.0,3.2548689971449543,0.0,0.0,3.2548689971449543,3.2548689971449543,3.9285347024858983,2.5995818690670616,0.0,0.0,5.013945245341313,2.5995818690670616,3.6473887157047655,3.9285347024858983,0.0,0.0,3.6473887157047655,0.0,0.0,0.0,3.6473887157047655,0.0,5.958944965416303,2.5995818690670616,0.0,0.0,7.676127254420725,3.6473887157047655,0.0,4.327420723291073,0.0,0.0,0.0,0.0,0.0,0.0,4.147735997815005,7.8933830875087665,0.0,0.0,0.0,2.5995818690670616,0.0,2.5995818690670616
CD4T,HK2924,105,Control,238851.0,0.0,4.155763506142324,2.6071339897055097,4.015071116692562,2.237878140263211,0.0,1.6460996895694573,1.6460996895694573,0.0,2.8762075943801086,0.0,0.0,0.0,2.6071339897055097,2.6071339897055097,0.0,1.6460996895694573,3.9365307525557154,4.533756156805563,2.6071339897055097,1.6460996895694573,0.0,5.287132020852261,3.0880175519064132,0.0,4.015071116692562,0.0,2.237878140263211,2.6071339897055097,0.0,0.0,2.6071339897055097,3.2627113832379506,2.8762075943801086,6.925959238937961,0.0,0.0,0.0,8.323783954779895,3.5407762448777618,0.0,4.994064547968958,0.0,0.0,0.0,0.0,0.0,0.0,3.0880175519064132,8.295968295811239,1.6460996895694573,2.6071339897055097,2.6071339897055097,1.6460996895694573,0.0,2.6071339897055097
CD4T,HK2662,29,Control,222180.0,0.0,4.808299497015457,3.3323877424901815,2.944618997168727,1.7049035642394585,0.0,0.0,0.0,0.0,0.0,0.0,0.0,0.0,0.0,0.0,0.0,0.0,4.007519748733336,3.157182354063332,0.0,0.0,0.0,0.0,0.0,0.0,3.611102795548191,0.0,0.0,2.3027561108658303,0.0,0.0,3.4814242612170436,0.0,0.0,6.7418904883831825,0.0,0.0,1.7049035642394585,6.7681081333302116,0.0,0.0,5.223243875840492,0.0,0.0,1.7049035642394585,0.0,0.0,0.0,1.7049035642394585,7.832600869873286,0.0,2.944618997168727,0.0,0.0,0.0,1.7049035642394585
CD4T,HK1650,854,HKD,679040.0,0.0,3.9332107128648706,0.9052974445127834,3.6709534813876328,2.123857447360636,0.0,0.0,0.0,0.0,0.0,0.0,0.0,0.0,1.372533764391962,0.9052974445127834,1.9301682036793328,1.372533764391962,3.314477282613708,4.0423730942457485,0.0,0.0,1.9301682036793328,3.2012280843140473,0.0,0.0,3.593029543384187,1.372533764391962,0.0,2.123857447360636,0.0,0.0,3.50851639291794,0.0,1.372533764391962,5.961807848934353,0.0,1.372533764391962,1.372533764391962,8.068487550316032,0.0,1.9301682036793328,4.98903066717072,0.0,0.0,1.9301682036793328,0.0,0.0,1.372533764391962,1.372533764391962,8.152508199477362,0.0,1.372533764391962,0.0,1.372533764391962,0.0,0.0
CD4T,HK1585,59,Control,72663.0,0.0,4.026220050097882,3.7444675771619105,3.3507572187591506,0.0,0.0,0.0,0.0,0.0,0.0,0.0,0.0,2.6920673064738585,0.0,0.0,0.0,2.6920673064738585,2.6920673064738585,3.3507572187591506,0.0,0.0,0.0,0.0,0.0,0.0,2.6920673064738585,0.0,0.0,2.6920673064738585,0.0,0.0,0.0,0.0,0.0,6.812678055815718,0.0,0.0,0.0,6.473615393975929,0.0,2.6920673064738585,5.026402242712716,0.0,0.0,0.0,2.6920673064738585,0.0,0.0,0.0,6.555172348265852,0.0,0.0,0.0,0.0,0.0,2.6920673064738585
CD4T,HK1635,337,DKD,545866.0,1.5398526217745527,4.445819946649191,3.211463163128054,4.401901109601712,3.6280415074254346,1.0409660257210118,0.0,0.0,0.0,0.0,1.0409660257210118,0.0,1.0409660257210118,2.4842154599564945,1.0409660257210118,3.470200121212127,0.0,3.211463163128054,4.861644834445442,1.0409660257210118,0.0,0.0,1.0409660257210118,0.0,0.0,3.211463163128054,0.0,0.0,3.0517092054238604,1.5398526217745527,0.0,3.1347729635258457,0.0,0.0,6.194672767923805,0.0,0.0,0.0,7.924945888184318,0.0,0.0,4.818188618025072,0.0,1.0409660257210118,1.0409660257210118,0.0,0.0,0.0,2.8614899357954493,7.170006894639059,2.119600003136463,2.4842154599564945,0.0,0.0,0.0,1.0409660257210118
CD4T,HK1997,2139,Control,2399609.0,0.34835461759423714,3.536274884343665,3.2089818364404805,3.499187636392844,1.642359132440903,0.9809310873344554,1.1261213535614472,0.0,0.0,0.0,0.0,0.0,0.0,1.1261213535614472,0.6062098659243734,1.9811419272887614,0.34835461759423714,3.46067177094346,3.923781850447514,0.34835461759423714,0.34835461759423714,0.6062098659243734,2.5056755675215996,0.6062098659243734,0.34835461759423714,2.435222935804342,0.6062098659243734,0.0,2.7984500849819067,0.0,0.0,3.1024976164270925,1.9219516856676544,1.8590363120720006,6.048716059339997,0.9809310873344554,0.6062098659243734,0.8110207361264068,8.251805075464494,0.0,0.8110207361264068,5.363798999531695,0.34835461759423714,0.0,2.39804339202166,0.34835461759423714,0.0,0.9809310873344554,0.34835461759423714,7.874489994465054,1.558273249151766,2.39804339202166,0.34835461759423714,0.0,0.0,0.9809310873344554
CD4T,HK1770,2121,HKD,3564605.0,0.44537275458466785,3.7565348973933594,3.3594396444218244,4.3331468185795465,1.650203562518391,1.259830485682816,1.0864560144799607,0.752426883444471,0.44537275458466785,0.0,0.44537275458466785,0.0,0.2472787340847153,1.4075410219473332,1.8453292798515954,1.9701555293123831,0.987016057357839,3.630991170002104,4.120593268938897,0.44537275458466785,0.0,1.4075410219473332,3.212679037404927,0.987016057357839,1.7026688180568028,2.8651464545745022,0.8765847645022867,0.44537275458466785,3.166462550163374,0.44537275458466785,0.0,3.1782184563566847,1.1768958920342116,1.4075410219473332,6.068201683119171,0.2472787340847153,0.0,0.987016057357839,8.254576917011388,1.473946177833595,1.0864560144799607,5.222041683153951,0.2472787340847153,0.0,2.2717769332985447,1.0864560144799607,0.2472787340847153,0.752426883444471,1.8453292798515954,7.954723822900219,1.259830485682816,2.406881657151424,0.0,0.6106390901008447,0.0,2.355009002370134
CD4T,HK1634,1050,DKD,1147715.0,0.6266314770428203,4.007703655215652,4.893629903917846,4.083904619363667,2.2734615349325447,0.6266314770428203,0.6266314770428203,1.284784570959223,0.0,0.0,0.6266314770428203,0.0,1.0089037835479888,2.4384749700298856,0.6266314770428203,2.1794755477544916,0.0,3.1635198715389294,3.8539427657208196,0.0,1.284784570959223,1.284784570959223,1.284784570959223,0.0,0.0,2.2734615349325447,0.0,1.0089037835479888,3.942264949841471,0.0,0.0,2.959961321662303,0.0,0.0,6.407788862774757,1.284784570959223,0.0,0.6266314770428203,7.8907303164175975,0.0,0.6266314770428203,4.87384656696175,0.6266314770428203,0.0,1.6783074588265654,0.0,0.0,0.6266314770428203,2.704091919347046,7.051506205988845,1.5007799176594505,1.284784570959223,0.6266314770428203,0.0,0.0,1.5007799176594505
CD4T,HK1584,146,DKD,139094.0,0.0,4.06928418702731,3.3930822387271333,3.6094821147579195,2.732987690322447,0.0,0.0,0.0,0.0,0.0,0.0,0.0,0.0,2.1028385250122685,2.1028385250122685,0.0,0.0,3.3930822387271333,4.548197376326344,0.0,2.1028385250122685,0.0,2.732987690322447,0.0,0.0,2.1028385250122685,2.1028385250122685,0.0,2.1028385250122685,0.0,0.0,2.732987690322447,0.0,0.0,6.0692654280169345,0.0,0.0,0.0,7.625582425752934,0.0,0.0,4.753849842855958,0.0,0.0,0.0,0.0,0.0,0.0,0.0,7.085430668582557,2.1028385250122685,2.1028385250122685,0.0,0.0,0.0,0.0
CD4T,HK1588,555,Control,500564.0,0.0,3.760098983621622,2.1962225385299745,4.076429198081017,2.1962225385299745,1.0978608537118117,0.0,0.0,0.0,0.0,0.0,0.0,1.608536122704235,2.3968704487094783,1.0978608537118117,2.3968704487094783,0.0,3.4328962266339142,4.726270436677391,1.0978608537118117,0.0,0.0,0.0,0.0,0.0,2.943370981539246,1.0978608537118117,0.0,1.0978608537118117,0.0,0.0,2.8321523305101213,0.0,1.9449439146443286,6.110342476322186,1.0978608537118117,1.0978608537118117,0.0,8.054348135452791,0.0,0.0,5.491938721019071,0.0,0.0,0.0,0.0,0.0,0.0,1.608536122704235,6.303323500291064,0.0,1.9449439146443286,0.0,0.0,0.0,0.0
CD4T,HK1597,403,HKD,284344.0,0.0,3.485900046928207,3.0956319673055566,3.984399542736502,2.446737442616821,1.5078185883661999,0.0,2.446737442616821,1.5078185883661999,0.0,0.0,0.0,1.5078185883661999,1.5078185883661999,2.446737442616821,3.485900046928207,1.5078185883661999,3.6809867845265236,2.7125379543559713,0.0,1.5078185883661999,0.0,2.9223189929443922,0.0,3.2432978937567367,2.446737442616821,1.5078185883661999,0.0,0.0,0.0,0.0,3.0956319673055566,2.0836493996205534,0.0,6.039080594512474,0.0,0.0,0.0,7.619363958224743,0.0,0.0,5.339915763863321,0.0,0.0,0.0,0.0,0.0,0.0,0.0,6.7352230748283555,2.0836493996205534,1.5078185883661999,0.0,0.0,0.0,0.0
CD4T,HK1632,266,DKD,194217.0,0.0,4.423433391535058,3.4623953031773307,3.857353887791078,3.0724858600592286,0.0,0.0,0.0,0.0,1.8162699288370914,0.0,0.0,2.4246044514059326,3.0724858600592286,0.0,1.8162699288370914,0.0,3.960599787059086,3.4623953031773307,0.0,0.0,0.0,2.8001211757085143,0.0,1.8162699288370914,3.4623953031773307,0.0,2.8001211757085143,0.0,0.0,0.0,2.8001211757085143,0.0,0.0,6.083712744280978,1.8162699288370914,0.0,0.0,6.912774235851757,1.8162699288370914,0.0,5.33250231789157,0.0,0.0,0.0,1.8162699288370914,0.0,0.0,2.8001211757085143,6.5230513704702116,0.0,1.8162699288370914,0.0,0.0,0.0,0.0
CD4T,HK1664,653,Control,912496.0,0.0,3.455845466305825,1.16058202259706,4.001842969345833,2.0249023652831832,0.0,1.16058202259706,0.7399807723098407,0.0,0.7399807723098407,0.7399807723098407,0.0,1.16058202259706,1.4557471105982738,2.2790259140292015,2.0249023652831832,1.16058202259706,3.615355137131177,4.8003131431937325,0.0,0.0,1.16058202259706,4.367021623662999,1.6833537400424263,2.2790259140292015,2.9196243340821644,0.7399807723098407,0.0,2.0249023652831832,0.0,0.0,2.9770701469432614,1.8686396543817951,0.7399807723098407,6.122046469078304,0.0,0.0,0.0,8.067793460617288,1.6833537400424263,1.16058202259706,4.935069418206305,0.0,0.0,2.5691595102952642,0.0,0.0,0.0,2.2790259140292015,7.634268749370999,2.0249023652831832,1.4557471105982738,0.0,0.0,0.0,2.6497671017651037
CD4T,HK1593,274,HKD,394083.0,0.0,3.6651769467800537,2.4114525951500516,2.9318738177406685,1.8041940085145516,0.0,1.8041940085145516,0.0,0.0,0.0,1.263430583426777,0.0,0.0,0.0,1.263430583426777,1.8041940085145516,0.0,3.448412913277668,3.9943081204402295,2.1532273534048727,0.0,0.0,1.8041940085145516,0.0,0.0,2.1532273534048727,1.263430583426777,0.0,0.0,0.0,0.0,2.786566763444417,0.0,0.0,6.588562506928278,0.0,0.0,1.263430583426777,8.510563050071053,1.263430583426777,0.0,5.1564800470101115,0.0,0.0,0.0,0.0,0.0,0.0,2.1532273534048727,7.254466231605897,0.0,2.786566763444417,0.0,0.0,0.0,1.8041940085145516
CD4T,HK1594,265,HKD,324480.0,0.0,3.4600491524020756,3.2447319494725577,3.2447319494725577,2.5898232799609913,1.406551307597604,0.0,0.0,0.0,0.0,1.406551307597604,0.0,1.406551307597604,1.9690277361300008,1.406551307597604,1.9690277361300008,0.0,3.4600491524020756,4.185387086574604,0.0,0.0,0.0,2.5898232799609913,0.0,0.0,1.9690277361300008,0.0,0.0,1.406551307597604,0.0,0.0,2.5898232799609913,2.326844648919403,0.0,6.297857312009594,0.0,0.0,0.0,7.910355432130936,0.0,0.0,5.3200904378315155,0.0,0.0,0.0,1.406551307597604,0.0,1.406551307597604,0.0,7.318557205718999,0.0,1.406551307597604,0.0,0.0,0.0,1.9690277361300008
CD8T,HK2893,203,Control,798228.0,0.8121627436291566,4.896302342683318,3.7457693831343453,3.9582149543428,1.2543473677548589,3.3071896901427853,1.2543473677548589,1.2543473677548589,1.9829133616862618,1.7936076911435572,1.5598956502390142,2.2792575364543657,5.1066331854201445,3.6847715730182595,1.9829133616862618,3.5856748655263786,2.774667731897384,3.4756668154534687,2.98525878989986,3.652818163912108,1.9829133616862618,1.2543473677548589,2.693310358758694,1.7936076911435572,2.6047430546496444,3.1591236181296107,1.9829133616862618,4.7876051959924375,1.9829133616862618,0.8121627436291566,1.2543473677548589,2.5075625610559205,3.513696773983009,3.0466344127109,6.463291469484905,1.7936076911435572,2.399911345626586,1.2543473677548589,6.276975306599432,0.0,0.0,3.909183396741333,0.0,0.0,0.0,3.3949721321792636,0.0,1.7936076911435572,3.4756668154534687,5.87714196566352,2.6047430546496444,2.399911345626586,0.8121627436291566,2.2792575364543657,1.5598956502390142,3.352043821697016
CD8T,HK2898,74,Control,87831.0,3.1684664935339546,5.432454974323613,3.8403552770246483,4.8381889661152435,3.1684664935339546,5.432454974323613,4.924540009551888,0.0,5.004023632671929,0.0,4.8381889661152435,3.559809668172218,4.059192375563966,5.767677187530294,2.516526570972901,2.516526570972901,5.004023632671929,5.004023632671929,0.0,5.0776521405835595,2.516526570972901,4.639277031341778,5.432454974323613,5.481036909738159,0.0,3.8403552770246483,0.0,6.653139269576162,2.516526570972901,0.0,0.0,4.8381889661152435,4.8381889661152435,2.516526570972901,4.390720135389998,2.516526570972901,5.004023632671929,2.516526570972901,3.1684664935339546,0.0,3.1684664935339546,3.1684664935339546,0.0,0.0,0.0,3.559809668172218,0.0,0.0,6.790174997131938,5.146229290360563,5.146229290360563,4.390720135389998,2.516526570972901,4.059192375563966,2.516526570972901,4.522701351833144
CD8T,HK2862,308,DKD,192775.0,0.0,5.500472382104005,3.4696148632172,3.9679107092334207,3.079594379148599,4.600765479394119,4.600765479394119,0.0,4.490720810693851,3.079594379148599,4.911715182641679,0.0,3.4696148632172,4.061500054118828,3.4696148632172,3.9679107092334207,4.36705155916336,3.9679107092334207,0.0,3.749484241577729,1.8225140984239991,3.293499809630303,0.0,0.0,3.079594379148599,3.749484241577729,4.29896460556935,6.410051801748106,3.079594379148599,4.147075136460119,0.0,4.061500054118828,5.620154152117257,4.5472561105072495,5.45716880219196,0.0,2.4313994382560016,3.4696148632172,4.490720810693851,3.8646494227010777,2.4313994382560016,3.9679107092334207,3.079594379148599,0.0,1.8225140984239991,3.293499809630303,0.0,2.4313994382560016,5.868570194084237,3.9679107092334207,2.807122017867079,3.293499809630303,3.079594379148599,0.0,4.699891894968126,0.0
CD8T,HK2596,159,DKD,347434.0,1.3553826030831009,4.1638920646984845,5.221477617640666,0.0,4.622406361379681,7.162749014247825,0.0,2.526766346065943,0.0,0.0,3.3939191263416113,1.910503376762534,0.0,4.703868175609037,0.0,2.2653746422561616,0.0,4.1638920646984845,0.0,5.2058149608900255,0.0,0.0,0.0,0.0,1.3553826030831009,0.0,2.9052311968216937,6.599805664164205,2.9052311968216937,2.9052311968216937,0.0,3.051531696696894,2.2653746422561616,1.910503376762534,4.564161387945708,0.0,5.45590985052437,0.0,3.1791347463190274,0.0,0.0,2.733797379755731,3.1791347463190274,0.0,0.0,0.0,0.0,0.0,0.0,3.486172199145943,0.0,2.2653746422561616,0.0,0.0,4.533715257936202,0.0
CD8T,HK2774,1477,HKD,7344478.0,1.0188607853687308,4.78181051501786,3.2859219190331705,3.575709703347092,2.404744213482162,3.2960565685493877,2.6046446478287377,1.1126304828356046,2.8371170326353004,1.0188607853687308,2.8989871016007585,0.12765126438462854,0.12765126438462854,3.172803746441135,1.3851556471263786,2.796409541988637,2.573981342988147,3.2282673985219934,5.982077992133002,1.6784068963016143,0.24083684225329213,0.9684582657256041,0.0,2.15463899808672,1.3851556471263786,2.860769145061524,2.7711651270278552,4.013252529490463,3.7176182846045718,2.106120705425366,0.12765126438462854,3.594589268262692,3.7723216501389167,3.8389434284428736,6.254408858923617,1.5424925104853788,1.9828217288900125,2.259455548885514,8.64862315196273,1.1126304828356046,1.3851556471263786,4.231291593034647,1.8203396667438865,0.6694163214394412,3.5525734187895166,1.5990935421266668,0.0,1.5424925104853788,2.8371170326353004,8.081024561659625,2.4290336179061924,2.259455548885514,0.7368069315516975,1.4186658186187893,2.553004004993663,1.9638977110763431
CD8T,HK2844,121,DKD,127058.0,3.203204230295516,5.5932021632416244,3.6976436092586797,4.378322455460126,2.182722301659925,5.650153717530693,4.779596664639082,0.0,2.817851408162172,3.480676408326421,5.915958919764782,3.203204230295516,4.903771155972941,5.434779174196333,2.182722301659925,2.182722301659925,5.014215585629057,3.8758263038580605,0.0,4.711203569397092,0.0,4.5585507582421,5.363643283812938,5.622083320547499,2.182722301659925,3.203204230295516,2.817851408162172,6.327579430864153,0.0,3.203204230295516,0.0,4.1583105923130415,5.065176682808535,2.182722301659925,3.6976436092586797,2.182722301659925,4.903771155972941,0.0,4.378322455460126,4.1583105923130415,0.0,3.480676408326421,0.0,0.0,0.0,3.8758263038580605,2.182722301659925,0.0,7.005661172033809,3.6976436092586797,5.363643283812938,4.843610086307693,0.0,3.8758263038580605,4.274355012148734,0.0
CD8T,HK2895,161,Control,596949.0,2.402530865798449,4.668489093871603,3.0493782381532935,4.399484347532382,2.2381452242177278,3.936823894479339,3.491297487228701,1.4702608908182047,2.0413164189450046,2.7773688318350143,2.543670315696616,0.0,3.1967361306480533,4.000142291410206,2.876489725872602,2.402530865798449,4.399484347532382,4.059689095359233,3.438921131380648,3.7583967610698723,1.4702608908182047,2.876489725872602,6.21501826374469,3.8336288195087818,3.491297487228701,3.9689841616729615,0.9840185302193691,5.755535789348446,2.402530865798449,0.0,0.9840185302193691,3.491297487228701,3.8336288195087818,2.7773688318350143,5.898568090118103,1.7960095825052218,3.633738493539239,1.7960095825052218,6.2381906699781045,3.125769025713445,1.7960095825052218,4.267706227366519,0.0,0.0,0.0,2.543670315696616,0.0,1.4702608908182047,5.316635475131088,6.680494346115702,3.7583967610698723,3.491297487228701,2.7773688318350143,2.667330969247064,2.0413164189450046,4.169096828270387
CD8T,HK2833,70,Control,85988.0,3.188790131273657,4.660280973971402,2.536037699075186,4.543680214519226,0.0,4.411666840309993,4.764694661234079,2.536037699075186,0.0,3.188790131273657,0.0,0.0,5.025089566784828,4.543680214519226,3.8611110868818033,0.0,4.660280973971402,4.411666840309993,0.0,2.536037699075186,0.0,4.543680214519226,7.366834477995064,5.291806239748036,4.2595366070826675,4.9455942924027925,0.0,4.660280973971402,4.080036834927382,0.0,0.0,4.411666840309993,4.411666840309993,2.536037699075186,5.502156271404864,3.188790131273657,3.8611110868818033,3.5804193927528165,6.745184193103979,5.952657396841838,0.0,4.080036834927382,2.536037699075186,0.0,2.536037699075186,4.2595366070826675,0.0,0.0,6.745184193103979,6.68889945897775,3.8611110868818033,4.411666840309993,4.2595366070826675,3.188790131273657,2.536037699075186,4.2595366070826675
CD8T,HK2663,70,Control,146994.0,3.8840553580873474,5.634514384000012,4.015012534223763,3.8840553580873474,3.0638112208656993,5.812179194370627,5.181097741067509,0.0,2.0545081164590027,4.015012534223763,5.2548040731667784,2.0545081164590027,0.0,5.634514384000012,2.0545081164590027,2.0545081164590027,5.289715295058149,4.493556648699423,2.0545081164590027,4.328533374508866,0.0,4.56686567272146,5.634514384000012,5.704888348024732,2.681432233658567,2.681432233658567,2.0545081164590027,6.563166814435444,2.0545081164590027,3.3397472437971047,0.0,3.733326691201441,4.234541013351936,2.0545081164590027,4.015012534223763,2.0545081164590027,4.328533374508866,0.0,5.142101875902439,4.015012534223763,2.681432233658567,4.234541013351936,2.0545081164590027,2.0545081164590027,0.0,4.015012534223763,0.0,3.0638112208656993,7.347353641107147,5.101523409664544,5.101523409664544,3.733326691201441,0.0,4.699097411676302,2.681432233658567,3.3397472437971047
CD8T,HK2867,279,Control,464732.0,0.0,4.763847756561995,2.902202738939269,3.438007794407236,0.0,3.0138668530471486,3.504856460164169,2.6326559410124935,1.6683774631053407,1.1479666742116688,2.4646094647156693,1.1479666742116688,4.62628133468305,3.784997397960565,3.0138668530471486,0.0,3.114305130027505,3.0138668530471486,5.202628458088698,3.2055699241769307,2.4646094647156693,3.114305130027505,4.900896493102861,4.114960230918481,2.77648391310687,3.567515022375646,2.6326559410124935,4.667554314419103,3.366368206242986,1.1479666742116688,0.0,3.626477916796292,4.003588819663117,2.0089296684041504,5.089959804920804,1.6683774631053407,2.6326559410124935,0.0,7.870820270611607,3.366368206242986,2.2625035737615273,3.114305130027505,0.0,0.0,2.0089296684041504,2.2625035737615273,0.0,0.0,4.992613134998612,6.699771522790011,3.114305130027505,2.77648391310687,0.0,1.6683774631053407,0.0,3.2891976001747247
CD8T,HK2739,44,HKD,69673.0,3.785513451994544,5.440876241793475,4.287218729208155,3.3913330345105575,4.067505062972916,6.192350044466619,4.467247142847617,0.0,3.3913330345105575,2.7312954050162057,5.234236918921881,0.0,4.752055371741293,4.619756637797309,2.7312954050162057,2.7312954050162057,5.5012457909346075,4.619756637797309,4.067505062972916,5.376626724390274,0.0,4.067505062972916,5.307964040644564,4.467247142847617,0.0,3.785513451994544,0.0,6.494097291754635,2.7312954050162057,0.0,0.0,4.752055371741293,5.154638353505408,4.868878621281911,2.7312954050162057,3.785513451994544,5.440876241793475,0.0,4.467247142847617,4.067505062972916,0.0,2.7312954050162057,0.0,0.0,0.0,4.287218729208155,0.0,0.0,5.84489507705322,4.868878621281911,3.785513451994544,4.287218729208155,2.7312954050162057,4.619756637797309,2.7312954050162057,4.067505062972916
CD8T,HK2558,144,HKD,467609.0,3.007999196148173,6.658560485652128,3.778966390119951,3.8266680433438616,2.7706976699364043,6.267353383547016,1.1437573482909507,0.0,3.007999196148173,1.1437573482909507,4.5088644465262675,4.720318810113417,7.269588580366143,5.5004146944930445,0.0,3.432035090915297,3.9975302117871894,3.360410271447969,2.7706976699364043,4.986483574469747,0.0,1.1437573482909507,0.0,1.1437573482909507,0.0,3.1084084343902116,2.626929290783892,6.951395964571594,2.003588109813653,2.458964211705038,0.0,4.435603112535544,4.681454526901532,2.458964211705038,3.199649254916794,3.007999196148173,4.941678303591951,1.6633724679648993,3.9157439322892493,0.0,1.6633724679648993,3.007999196148173,1.6633724679648993,1.1437573482909507,0.0,3.9574729635466563,1.1437573482909507,1.1437573482909507,3.4988708977818836,2.25697616853654,1.6633724679648993,3.9574729635466563,0.0,2.25697616853654,4.701075460690043,2.25697616853654
CD8T,HK2891,615,HKD,1730906.0,1.8244830183894047,4.4994845854028656,3.751777089155216,3.574139742267535,1.9135819266853886,3.902568419848376,3.6215937982117654,2.326664247762391,2.141302764862394,1.7266620350942627,3.377890339825034,1.0054717566531701,5.736851891919001,3.054973555163557,2.6594087456784705,2.326664247762391,4.03357287389777,3.6060246546008825,3.6668976189309284,3.2957607736488863,0.45598845142371996,2.773902560441171,3.68155399621425,3.902568419848376,1.7266620350942627,3.158342194610115,1.8244830183894047,5.074400604683001,3.416556764415706,1.4965810905744201,0.0,3.3974104270281646,4.56773620064374,2.8766238874491243,6.182051963506322,2.2686126968974643,3.054973555163557,1.358064784846615,6.645589837319545,2.8093284366258686,1.7266620350942627,4.6146021396313275,1.4965810905744201,0.0,1.8244830183894047,3.357981620090974,1.1972286625620376,2.8093284366258686,4.85281954065819,7.092790276277074,3.357981620090974,2.773902560441171,2.5750805254380196,1.9135819266853886,2.6181332783894797,2.6181332783894797
CD8T,HK2770,433,HKD,2015110.0,0.9117815708914007,4.89036957503919,2.0083832429364294,4.597719129214925,2.518806257812728,1.698594182107294,2.0728588671189025,0.9117815708914007,2.391055251309111,2.7655341943749345,2.2445601417907883,0.4029625292796994,0.689390959804346,2.9373099277914925,1.4982282739872292,2.295813703828171,2.667142944298543,4.497906723965137,5.073924685429927,2.518806257812728,1.0936008523943683,2.0728588671189025,6.788746745052947,3.3249476912891107,3.50424433187332,3.9342018920201567,0.689390959804346,3.7183488549412527,2.0083832429364294,0.0,0.0,3.426704280550777,3.106324426708001,0.689390959804346,5.92606397781444,1.785491239889807,1.603421168102821,0.689390959804346,7.794072368706091,3.0838591995784093,1.4982282739872292,4.2410765608775085,0.689390959804346,0.0,3.0132667509173916,0.689390959804346,0.0,0.4029625292796994,3.4427007544246995,7.358923319997292,2.7962915509804995,3.6170157754319385,2.0083832429364294,2.4780094310974814,0.4029625292796994,4.017959988430393
CD8T,HK2711,212,HKD,594887.0,2.7806141598623584,5.981497556943802,3.8370143093775586,4.462806385869791,2.9699480325192296,5.486379857569853,3.8726117330588714,0.0,2.5468590651669207,2.241236952395038,3.721922383246201,3.44227045789539,6.700631353336532,4.908819018215037,0.0,2.5468590651669207,4.443234331196169,3.5918403811454356,2.4056784592691303,5.303493897205782,1.4729267778295598,2.8797553336943897,4.271118030036967,3.6804138434558538,0.9861866947713138,3.4946524722969423,4.1980838012018244,6.824919563702539,2.67055129900901,0.9861866947713138,1.4729267778295598,4.6560674048932,5.35244535204597,2.7806141598623584,3.6804138434558538,2.8797553336943897,5.286629364067394,0.0,5.830592162015302,1.4729267778295598,2.044327970996709,2.4056784592691303,1.4729267778295598,1.4729267778295598,0.9861866947713138,4.119292338634105,0.0,2.044327970996709,5.450939003182662,5.681852166338037,4.033757690209898,3.44227045789539,3.052674745389329,2.5468590651669207,4.747601805865596,2.044327970996709
CD8T,HK2896,80,Control,293691.0,0.0,4.3295308084008,2.4172359051945027,4.016005062433663,3.0647747878223255,1.4827264578877943,2.682373820752515,0.0,0.0,0.0,0.0,0.0,0.0,2.055389395179955,2.682373820752515,1.4827264578877943,2.4172359051945027,4.415443771768141,3.812516646541601,1.4827264578877943,3.4545628676146642,2.4172359051945027,5.872437955963957,2.055389395179955,2.8917428188985754,4.3295308084008,0.0,1.4827264578877943,2.055389395179955,0.0,0.0,2.4172359051945027,2.055389395179955,1.4827264578877943,6.861065034651194,0.0,0.0,0.0,5.434293572589338,1.4827264578877943,0.0,4.66864359649472,0.0,0.0,2.4172359051945027,0.0,0.0,0.0,3.8850453358631283,6.499731617974252,2.4172359051945027,2.682373820752515,2.8917428188985754,1.4827264578877943,0.0,3.3407221900434467
CD8T,HK2923,35,Control,72328.0,0.0,4.250343833360778,2.6963759355456154,4.030758775649541,0.0,0.0,2.6963759355456154,0.0,0.0,2.6963759355456154,0.0,0.0,0.0,0.0,3.355216562574303,0.0,4.43028600662678,4.582733653897389,3.355216562574303,0.0,0.0,0.0,6.540012469715201,3.748979529966231,0.0,4.250343833360778,0.0,0.0,0.0,0.0,0.0,2.6963759355456154,3.355216562574303,0.0,5.674504660106428,0.0,0.0,0.0,7.447408635427011,4.582733653897389,3.355216562574303,4.582733653897389,0.0,0.0,3.748979529966231,0.0,0.0,0.0,3.748979529966231,7.431157671071752,0.0,0.0,3.748979529966231,3.355216562574303,0.0,3.748979529966231
CD8T,HK2924,218,Control,469429.0,1.660225166302532,4.139591637402217,1.1411121064324972,3.428276295387655,1.660225166302532,0.0,1.1411121064324972,1.1411121064324972,0.0,1.1411121064324972,0.0,0.0,1.1411121064324972,2.455412439893136,1.660225166302532,2.6233260676172168,2.8927013084642956,3.7751707212809773,5.335776996595739,1.660225166302532,2.455412439893136,1.660225166302532,5.442706589386503,3.1959233643385714,3.356660815502932,3.356660815502932,0.0,0.0,3.1959233643385714,0.0,0.0,3.1046977031000966,3.1959233643385714,2.7670567736099816,6.016175547203087,2.455412439893136,0.0,0.0,8.245353681934775,2.2534988764503594,1.1411121064324972,4.4811947216504295,0.0,0.0,0.0,0.0,0.0,0.0,3.356660815502932,7.784855722424814,2.0002282435808283,3.2795181852243696,1.1411121064324972,1.1411121064324972,0.0,3.356660815502932
CD8T,HK1650,5195,HKD,4056212.0,0.22036805317772845,3.942353639572656,1.8600066710950804,3.7705537972413,2.429613117287282,0.0,0.4008349889599297,0.9079410198393342,0.0,1.0027429087824915,0.5536588304370907,0.0,0.0,0.9079410198393342,0.6861939376919597,2.184829631946163,1.089330512607242,3.8095437419059457,4.31696305904008,0.0,1.7801437252500776,0.9079410198393342,2.2647524085715878,0.0,0.0,3.482978147255966,0.0,0.0,2.2900342344364906,0.0,0.8032013979132918,3.0312362323438777,1.2428149001305697,0.9079410198393342,5.687371132023003,1.089330512607242,0.4008349889599297,0.0,7.731702850964159,0.6861939376919597,1.3758462820260933,4.806439717781135,0.0,0.0,1.0027429087824915,0.0,0.0,1.3758462820260933,0.0,7.733215864864647,1.3758462820260933,1.968982765480251,0.0,0.0,0.0,0.4008349889599297
CD8T,HK1585,402,Control,481973.0,0.0,4.240874357687862,2.867810270933861,3.079524107630388,1.9774662702496955,1.1232414911824877,0.0,0.0,0.0,0.0,1.1232414911824877,0.0,1.9774662702496955,2.7423637103566927,0.0,2.431332255756723,0.0,3.6466630076819597,4.079138543927685,1.9774662702496955,0.0,0.0,1.1232414911824877,1.6389209914973493,1.1232414911824877,2.22993053436224,0.0,0.0,2.5988921224276607,0.0,0.0,1.6389209914973493,1.9774662702496955,2.22993053436224,6.539455993019732,1.1232414911824877,1.1232414911824877,0.0,5.947418934487874,0.0,0.0,4.745925340277156,0.0,0.0,0.0,1.6389209914973493,0.0,0.0,0.0,6.18724589382897,1.9774662702496955,1.9774662702496955,0.0,0.0,0.0,1.6389209914973493
CD8T,HK1635,1906,DKD,3352927.0,0.9127783206612855,4.540682630363739,2.785664771063703,4.119754245036521,2.969968532962478,1.58457320702835,0.46780981840625835,0.0,0.0,0.0,1.2196419004440062,0.0,0.6390819558848121,2.2354739322527073,0.0,3.3372085984216358,0.6390819558848121,3.6604118993572197,4.7973883646240445,0.9127783206612855,0.0,0.46780981840625835,1.5214724441951832,0.2610147966866733,0.9127783206612855,3.1765948239477577,0.2610147966866733,0.2610147966866733,2.873667741747797,0.46780981840625835,0.0,3.597076017074536,0.6390819558848121,1.0258556467403759,5.817793925484212,1.127435585963596,0.2610147966866733,0.2610147966866733,7.548005450762009,0.7852647695450061,0.6390819558848121,4.584255331166341,0.0,0.0,1.3040593433423262,0.2610147966866733,0.0,0.0,2.203059258671754,6.430459139045031,1.58457320702835,1.58457320702835,0.9127783206612855,0.6390819558848121,0.0,2.203059258671754
CD8T,HK1997,2298,Control,2829036.0,0.0,4.027892360863178,2.5388226085434566,3.685937699703751,2.172077757180074,1.1381098177999915,1.1381098177999915,0.7229156174777022,0.0,0.0,0.0,0.0,0.0,1.8408923466497176,1.0179033686205115,2.211563267883559,0.5347108442401274,3.787009071547429,4.163130865378749,0.5347108442401274,0.0,1.1381098177999915,2.211563267883559,0.3026770568004707,1.0179033686205115,2.8065674203054414,0.7229156174777022,0.0,2.9080145151787047,0.0,0.0,3.177054345273299,2.9642838900623865,2.321447056116554,5.956589041158618,0.7229156174777022,0.3026770568004707,0.5347108442401274,7.860317019622922,1.1381098177999915,0.3026770568004707,4.968457020641945,0.0,0.0,1.6566511330823774,0.0,0.0,0.3026770568004707,1.2454048446256665,7.272648052855918,1.6566511330823774,2.5388226085434566,0.0,0.0,0.5347108442401274,2.172077757180074
CD8T,HK1770,2200,HKD,3783736.0,0.4243379593473459,4.201822443446141,2.8556607532127387,4.405162546904714,2.274343909647668,1.2174618566832607,1.2927774650875612,0.5838161013241402,0.0,0.0,0.4243379593473459,0.2345099498652421,0.0,1.993738932211139,1.8794757502702992,2.3272891021790785,1.5475724504334816,3.7241554967328443,4.270608598836396,0.9500095338778092,0.2345099498652421,1.3628157762831203,2.870747696530422,0.9500095338778092,1.7953350667698726,2.99717182366833,1.2174618566832607,0.4243379593473459,2.824786354908698,0.0,0.0,3.272293322791254,2.301166864171016,2.246781607190495,6.008035720233615,0.2345099498652421,0.9500095338778092,0.5838161013241402,7.848940776247102,1.3628157762831203,0.7213245472700792,4.877442911249346,0.2345099498652421,0.0,1.7953350667698726,1.2927774650875612,0.0,0.4243379593473459,2.096274617249037,7.333828970809624,1.4896984409503573,2.556685097306982,0.0,0.2345099498652421,0.4243379593473459,2.5968642645288633
CD8T,HK1634,1194,DKD,1086437.0,1.3247699065597631,4.248966488285338,4.973892673309347,3.979028659585408,2.6308925935865433,1.3247699065597631,0.0,0.0,0.0,0.6525542918088973,0.0,0.0,1.0441138164944337,2.123879327472701,1.0441138164944337,2.007284679105205,1.3247699065597631,3.5303477885783217,3.850615506555938,0.6525542918088973,1.3247699065597631,0.0,1.7231593183578748,0.0,0.6525542918088973,2.488672815677573,0.6525542918088973,0.0,4.077329215594623,1.0441138164944337,0.0,3.1785119894089293,0.0,0.6525542918088973,5.5268848294395845,1.5436740507682767,0.0,1.0441138164944337,7.535390037479164,0.6525542918088973,0.0,4.552664295798077,0.0,0.0,1.8752791407623142,0.6525542918088973,0.0,0.0,2.86607444341701,6.743735433940327,1.0441138164944337,2.007284679105205,0.0,0.0,0.6525542918088973,1.5436740507682767
CD8T,HK1584,1331,DKD,1310901.0,0.0,4.232543485903672,1.3990468136531615,3.293477039409467,2.3178686365234533,0.9265056707298301,0.0,0.0,0.0,0.0,0.0,0.0,1.1904322439358854,1.1904322439358854,0.9265056707298301,2.7885040387801237,0.0,2.920210163522252,4.37666118530905,1.1904322439358854,0.0,0.0,0.9265056707298301,0.0,0.0,3.0365712394635507,0.0,0.0,2.740443049935345,0.0,0.0,3.173251624616885,0.9265056707298301,1.8468533395199562,5.287313044712912,0.9265056707298301,0.9265056707298301,1.3990468136531615,7.567751216018476,0.0,0.566922804720606,4.286429503211534,0.0,0.0,0.9265056707298301,1.1904322439358854,0.0,0.0,0.0,6.899643982416077,1.1904322439358854,1.3990468136531615,0.0,0.0,0.566922804720606,0.0
CD8T,HK1588,1761,Control,1581185.0,0.0,4.201305617119677,1.9912072325861239,3.2932379231157864,2.350094052876344,1.0637831323553546,0.0,0.0,0.0,0.0,0.0,0.0,1.5674949539600402,2.074027878044916,0.0,1.9912072325861239,0.0,3.6458098003895496,4.872518916909117,0.0,0.4900740298826597,0.0,0.0,0.0,0.0,2.7836825544023984,0.4900740298826597,0.4900740298826597,1.0637831323553546,0.0,0.0,2.8945740682739833,0.4900740298826597,0.4900740298826597,5.539722212453465,1.2612265535088159,0.0,0.0,8.062927213993069,0.0,0.0,4.620625074299203,0.0,0.0,0.4900740298826597,0.0,0.0,0.0,0.0,6.076458661046668,0.8175191852995164,1.6913974499219926,0.0,0.0,0.0,1.900902858009495
CD8T,HK1597,615,HKD,413675.0,0.0,3.9923459012627864,1.228867334247322,3.848652352257591,2.571602797441482,1.228867334247322,0.0,0.0,0.0,2.110464061194295,0.0,0.0,0.0,2.571602797441482,0.0,2.110464061194295,1.228867334247322,4.156556506068977,3.7957682326997033,0.0,0.0,0.0,3.848652352257591,1.228867334247322,1.228867334247322,3.317486835509259,1.228867334247322,1.7638251198986439,2.7411070671829223,0.0,0.0,3.225794483868712,2.110464061194295,0.0,5.761024809776964,0.0,0.0,0.0,7.187879415630593,2.110464061194295,0.0,4.822578825263825,0.0,0.0,0.0,0.0,0.0,2.110464061194295,1.228867334247322,6.147505926500125,1.228867334247322,1.7638251198986439,0.0,0.0,0.0,3.317486835509259
CD8T,HK1632,659,DKD,404818.0,1.2442254526227923,4.318918778290889,2.906448565024193,4.099098267417404,3.4999318901665757,2.129509182959615,0.0,0.0,0.0,1.2442254526227923,2.129509182959615,0.0,3.63899801322717,3.63899801322717,1.7817919206128208,2.906448565024193,1.2442254526227923,4.250876474260229,3.63899801322717,2.906448565024193,0.0,1.2442254526227923,3.761064760037753,1.2442254526227923,2.129509182959615,3.4999318901665757,1.2442254526227923,2.129509182959615,1.7817919206128208,1.7817919206128208,0.0,3.761064760037753,2.59160847359312,1.2442254526227923,5.626424496903926,0.0,0.0,0.0,6.3398059026845575,0.0,1.7817919206128208,4.6976656726588475,0.0,0.0,0.0,2.59160847359312,0.0,1.7817919206128208,1.7817919206128208,5.608471469789409,2.129509182959615,2.906448565024193,0.0,2.129509182959615,1.2442254526227923,1.7817919206128208
CD8T,HK1664,805,Control,1017979.0,0.6842772263024938,4.060022837067021,0.6842772263024938,4.286488733921896,2.755892489643671,0.0,1.5952079737693736,0.0,0.0,0.6842772263024938,0.0,0.0,0.0,1.930655995619183,1.086768112839088,1.930655995619183,1.372959750666385,3.7667788748629443,5.175237440003673,0.0,0.0,0.0,4.448295463244896,1.5952079737693736,1.776932199438496,3.315027122023611,0.6842772263024938,0.0,1.776932199438496,0.0,0.0,3.2409685098136554,1.086768112839088,1.086768112839088,5.511681140972705,1.776932199438496,0.0,0.0,7.953963037563268,1.776932199438496,0.0,4.655177559152296,0.0,0.0,2.3817091038447993,0.6842772263024938,0.0,0.0,2.1814009620883366,7.15000375697771,1.5952079737693736,2.1814009620883366,0.6842772263024938,0.6842772263024938,0.0,2.8164510842071984
CD8T,HK1593,565,HKD,701828.0,0.8857698866874368,4.197850226599951,1.9020182884923935,3.8414978977036482,2.813811988138093,0.8857698866874368,0.0,0.0,0.0,0.0,0.0,0.0,0.0,2.094853744403309,1.3479955001833739,3.107844057919706,0.0,3.900859284902773,4.828009662168776,1.3479955001833739,0.8857698866874368,1.3479955001833739,1.6628936709219457,0.0,0.0,2.626381240584668,0.0,0.0,2.517600037754248,0.0,0.0,2.7244814872199075,2.094853744403309,1.6628936709219457,6.073400604539518,0.8857698866874368,0.0,0.8857698866874368,8.539055267567573,0.0,0.0,4.612538347518938,0.0,0.0,0.0,0.8857698866874368,0.0,0.0,1.9020182884923935,6.9203198911637775,2.256447244227126,1.3479955001833739,0.0,0.0,0.0,2.517600037754248
CD8T,HK1594,435,HKD,520821.0,0.0,3.7213697514435564,3.0057051124096197,2.905829950900727,1.911043067370533,0.0,0.0,0.0,0.0,0.0,0.0,0.0,1.0715991869386419,1.0715991869386419,1.0715991869386419,2.7948615640211663,0.0,4.002983248268098,4.037444677318717,0.0,1.0715991869386419,1.0715991869386419,2.5273491545767373,1.0715991869386419,0.0,2.7948615640211663,0.0,0.0,2.3608754474336378,0.0,0.0,2.6700241738545145,1.5769335084349638,0.0,5.625772453457989,0.0,0.0,0.0,7.444155350022935,1.0715991869386419,1.0715991869386419,4.738675050432566,0.0,0.0,0.0,1.0715991869386419,0.0,0.0,1.0715991869386419,7.004143107374329,1.0715991869386419,1.5769335084349638,0.0,0.0,0.0,2.5273491545767373
NK,HK2893,40,Control,167420.0,0.0,4.97225509887069,3.8874027232764585,4.1064381443109905,1.9420458394794293,2.9401670301329883,0.0,0.0,0.0,0.0,3.4296231848302035,1.9420458394794293,3.8874027232764585,3.606530251867369,0.0,3.2145467930480223,0.0,3.8874027232764585,1.9420458394794293,2.5607871738604375,0.0,0.0,2.5607871738604375,0.0,2.5607871738604375,2.9401670301329883,0.0,4.570247759878049,2.9401670301329883,0.0,0.0,2.9401670301329883,2.9401670301329883,0.0,6.023779596259822,0.0,0.0,0.0,6.321647743512201,0.0,0.0,3.756795410970475,0.0,0.0,0.0,1.9420458394794293,0.0,1.9420458394794293,0.0,5.8843806635522915,0.0,0.0,0.0,0.0,0.0,3.606530251867369
NK,HK2774,151,HKD,1022174.0,0.0,4.6604047891718245,2.8125851153750787,3.4444968686363793,2.282868306497842,1.0840447082630753,0.6822414386153524,0.6822414386153524,2.1777535932965355,1.0840447082630753,1.369890820780354,0.0,0.0,3.0236460537169982,0.0,2.3779773302520297,1.5919311759929498,2.7520419061083548,5.487546374184942,0.6822414386153524,1.0840447082630753,0.6822414386153524,0.0,0.6822414386153524,0.6822414386153524,3.0236460537169982,2.4648210462845364,2.1777535932965355,4.1979020085631795,1.5919311759929498,0.0,3.807191592128714,3.562202961591625,2.6875956445153126,5.641105738534681,2.5447218650351564,0.0,1.7735165920042402,8.654829810120583,0.0,1.0840447082630753,4.0215084780376955,1.0840447082630753,0.6822414386153524,3.890534655426947,0.0,0.6822414386153524,1.369890820780354,1.5919311759929498,8.070314458122299,1.9271411250113983,0.6822414386153524,0.0,0.0,1.9271411250113983,1.9271411250113983
NK,HK2895,28,Control,142589.0,0.0,5.248892956936233,2.081085652922997,4.1607325185765065,2.081085652922997,3.763035227349944,2.081085652922997,0.0,0.0,0.0,0.0,0.0,0.0,4.523646938438913,2.7098038237109603,2.081085652922997,2.7098038237109603,4.044897101239703,2.081085652922997,4.523646938438913,0.0,0.0,5.688847757379626,3.369109867525758,2.081085652922997,3.369109867525758,0.0,6.728109915528606,2.081085652922997,0.0,0.0,4.044897101239703,3.585345561979854,0.0,4.7292499717268255,2.081085652922997,4.5969796541308074,0.0,5.353728001473814,2.7098038237109603,0.0,3.585345561979854,0.0,0.0,0.0,2.081085652922997,0.0,0.0,3.585345561979854,6.564320206332174,3.369109867525758,3.763035227349944,0.0,0.0,2.081085652922997,3.092835895308607
NK,HK2867,101,Control,191839.0,0.0,5.369338954604024,1.82659629280043,3.0842383401863933,2.4358397178769065,3.0842383401863933,2.811696040112752,0.0,0.0,0.0,1.82659629280043,0.0,5.058670456467306,3.7542372151774606,1.82659629280043,1.82659629280043,1.82659629280043,3.8694148255561758,4.916546674088548,4.371857176164588,0.0,2.4358397178769065,5.058670456467306,3.624045711328072,2.4358397178769065,2.4358397178769065,0.0,6.174970412938911,1.82659629280043,2.4358397178769065,0.0,3.7542372151774606,3.624045711328072,1.82659629280043,4.954015691910961,3.0842383401863933,4.230697181210291,0.0,7.80848414196485,2.4358397178769065,2.4358397178769065,4.066283652378265,0.0,0.0,2.4358397178769065,1.82659629280043,0.0,0.0,4.303765881477234,6.629154695970713,1.82659629280043,3.7542372151774606,0.0,2.4358397178769065,0.0,3.0842383401863933
NK,HK2891,220,HKD,768090.0,1.2820059168780904,4.354320271695264,4.019640628971837,3.196006452496425,2.17606728528823,2.17606728528823,0.8337482330975965,1.2820059168780904,0.0,0.0,0.0,0.0,5.041021133355161,1.825794170624212,1.2820059168780904,1.5904166069795682,1.2820059168780904,3.55105887166275,3.2972660393028117,2.17606728528823,0.0,0.8337482330975965,2.016189368390011,1.825794170624212,0.0,3.5129852699273107,2.016189368390011,0.0,3.946913197116326,0.0,0.0,3.4321922899573583,3.9717480327614596,1.5904166069795682,5.421569959333597,1.5904166069795682,2.17606728528823,0.8337482330975965,7.249275626984168,2.016189368390011,2.17606728528823,4.087435488604111,0.0,0.8337482330975965,0.8337482330975965,2.434967359951903,0.0,3.02183664279707,2.17606728528823,7.256650508613678,2.17606728528823,2.313872682116111,1.5904166069795682,0.8337482330975965,1.2820059168780904,2.313872682116111
NK,HK2770,149,HKD,710759.0,0.0,4.756771556153918,2.801929857756308,4.556666954855885,2.50598079413576,0.0,2.2451339251916287,0.0,1.6526583037564313,2.384038492160685,2.384038492160685,0.0,0.0,2.8838706660277773,1.8912709073933713,1.8912709073933713,3.030000996685855,4.430934087767663,5.011543853189561,2.712670616146885,0.0,1.3386505353299338,6.851249695562837,2.712670616146885,2.9596027189431164,3.91687388178196,0.0,2.50598079413576,2.384038492160685,0.8783589975380676,0.0,3.9713673042058377,3.3225864946455173,0.8783589975380676,5.237100817925384,1.6526583037564313,0.0,0.0,7.508236538070887,2.6146563119376083,0.8783589975380676,4.141636032020723,0.8783589975380676,0.0,2.384038492160685,0.0,0.0,0.0,2.384038492160685,7.342404027899103,2.6146563119376083,3.3225864946455173,0.8783589975380676,1.6526583037564313,0.0,3.9975394375848725
NK,HK2896,34,Control,162347.0,0.0,4.3953795126605515,0.0,3.786856979755799,2.5892134650754492,0.0,2.5892134650754492,0.0,0.0,0.0,0.0,0.0,0.0,0.0,0.0,1.9684604961140506,1.9684604961140506,4.230565498701378,4.230565498701378,1.9684604961140506,0.0,0.0,5.713147284824579,1.9684604961140506,0.0,3.786856979755799,0.0,1.9684604961140506,1.9684604961140506,0.0,0.0,3.4594105802437385,2.5892134650754492,1.9684604961140506,5.979435802512792,0.0,0.0,0.0,5.119850972000562,0.0,0.0,3.9175510093692396,0.0,0.0,1.9684604961140506,0.0,0.0,0.0,1.9684604961140506,6.110700162579529,1.9684604961140506,4.033121627773671,2.5892134650754492,2.5892134650754492,0.0,2.5892134650754492
NK,HK2923,54,Control,107587.0,0.0,4.6370838447402125,2.3316392315539707,3.3633019971901885,2.3316392315539707,0.0,0.0,0.0,0.0,2.3316392315539707,0.0,0.0,0.0,0.0,0.0,0.0,2.3316392315539707,4.038987225226692,2.3316392315539707,0.0,0.0,0.0,4.80264667926123,2.3316392315539707,2.9749991475780035,3.860182537735812,0.0,2.3316392315539707,2.9749991475780035,0.0,0.0,4.19061826145641,3.6422912078692495,0.0,4.723287737295556,0.0,0.0,0.0,7.528310613310254,3.3633019971901885,2.3316392315539707,3.6422912078692495,0.0,0.0,0.0,0.0,0.0,0.0,2.3316392315539707,7.693743034661233,2.3316392315539707,2.9749991475780035,0.0,0.0,0.0,4.038987225226692
NK,HK2924,115,Control,251469.0,1.6047536187841451,4.388662891608204,2.5595424516973284,3.886081405645361,2.5595424516973284,0.0,1.6047536187841451,1.6047536187841451,0.0,1.6047536187841451,0.0,0.0,0.0,2.5595424516973284,2.5595424516973284,1.6047536187841451,0.0,3.707856569865588,4.942942759625727,0.0,2.8277001277498766,1.6047536187841451,5.42788885897071,2.1920184495429003,2.5595424516973284,3.800934255380582,2.1920184495429003,2.1920184495429003,3.038943404464869,0.0,0.0,3.707856569865588,3.2132520336076476,0.0,5.317179838499275,2.1920184495429003,0.0,0.0,8.306277746675642,3.2132520336076476,0.0,3.490826802578653,0.0,0.0,2.5595424516973284,0.0,0.0,0.0,2.5595424516973284,7.4813181824420925,2.1920184495429003,3.2132520336076476,1.6047536187841451,0.0,0.0,3.800934255380582
NK,HK2662,105,Control,435714.0,0.0,4.881435519138252,2.5237600968638754,3.075271065806843,2.692632004777829,0.0,0.0,2.0649939785102833,0.0,0.0,0.0,0.0,0.0,0.0,0.0,1.721009151546066,0.0,3.895827623676085,2.5237600968638754,0.0,0.0,0.0,0.0,0.0,0.0,3.2675104795769383,0.0,1.1924315006186896,2.5237600968638754,0.0,0.0,3.630225864216228,1.1924315006186896,1.1924315006186896,5.085469649840554,0.0,0.0,0.0,7.6202315057463705,0.0,0.0,4.55491238013531,0.0,0.0,1.1924315006186896,0.0,0.0,0.0,1.1924315006186896,8.2050443824704,0.0,2.320457809085847,0.0,0.0,0.0,2.692632004777829
NK,HK1650,2001,HKD,1506909.0,0.0,3.7567118013937426,2.78889454484564,3.606446966540561,2.904376676531077,0.0,0.0,0.0,0.0,0.0,0.0,0.0,0.0,2.032887104629763,1.841958264486174,2.193140799358064,0.8446744897670759,3.6590843168778395,4.381646554436129,1.2959429527698387,1.841958264486174,0.8446744897670759,2.7037617957912063,1.2959429527698387,0.0,3.5882669313261664,0.8446744897670759,0.0,2.9745639063637572,0.0,0.8446744897670759,3.3157993623572706,1.2959429527698387,0.0,4.763299487132632,1.2959429527698387,0.8446744897670759,0.0,7.69479606840813,0.0,0.8446744897670759,4.476574254512569,0.0,0.0,1.2959429527698387,1.841958264486174,0.0,1.6057632635474297,0.0,7.704714974938871,2.032887104629763,2.032887104629763,0.0,0.0,0.0,2.032887104629763
NK,HK1585,208,Control,240386.0,0.0,4.613529399456496,3.405183834183323,3.2565513537322683,2.6012017728003616,0.0,0.0,0.0,0.0,0.0,0.0,0.0,1.6409319357885068,0.0,0.0,2.870163617125793,0.0,3.930250126824405,3.0819044740317807,0.0,0.0,0.0,0.0,0.0,0.0,2.870163617125793,0.0,0.0,3.405183834183323,0.0,0.0,3.405183834183323,1.6409319357885068,0.0,5.719256304426256,0.0,0.0,0.0,5.618799651644473,0.0,0.0,4.382520821696136,0.0,0.0,0.0,2.870163617125793,0.0,0.0,0.0,6.597358206976638,2.2321574867396485,0.0,0.0,0.0,0.0,1.6409319357885068
NK,HK1635,1153,DKD,2087965.0,0.3913223904736125,4.572513165480769,3.634370806591699,3.849674770679784,3.0270538163499943,0.3913223904736125,0.3913223904736125,0.0,0.0,0.0,0.0,0.0,0.0,2.5628996258770953,0.89068803965555,2.5252841894453226,0.0,4.052034608477104,4.76542727949353,0.89068803965555,0.0,0.89068803965555,1.4707611033111916,0.6718573837931231,0.89068803965555,3.094361945585232,0.0,0.89068803965555,3.157423985311528,1.7560204221049653,0.0,3.7534343449740577,1.4707611033111916,0.3913223904736125,4.9305411115339375,0.6718573837931231,0.3913223904736125,0.0,6.800754110697939,0.0,0.3913223904736125,4.184432892646945,0.0,0.0,0.89068803965555,0.6718573837931231,0.0,0.0,1.9777074987363334,6.443185106322628,2.3125125911792415,1.9777074987363334,0.3913223904736125,0.0,0.89068803965555,2.4455224307449375
NK,HK1997,271,Control,313885.0,0.0,4.010237382942823,3.276655610839427,3.276655610839427,2.82905180835011,1.4317169994016252,0.0,0.0,0.0,0.0,0.0,0.0,0.0,0.0,0.0,0.0,1.9976565322381008,4.066388117511789,3.669456089676724,0.0,0.0,0.0,2.3568498193300127,0.0,0.0,3.3902348996745464,0.0,0.0,3.950745187888408,0.0,0.0,3.5847593346663102,0.0,0.0,5.397373849071779,0.0,0.0,0.0,8.052703247922725,1.9976565322381008,0.0,4.87992724420723,0.0,0.0,0.0,1.4317169994016252,0.0,0.0,0.0,7.546136207915851,1.4317169994016252,2.3568498193300127,0.0,0.0,0.0,2.3568498193300127
NK,HK1770,275,HKD,473761.0,1.1348699406517868,4.1305527137741995,3.2706796219255816,4.370693285258436,2.447018252580379,1.6527919684726957,2.245281745740143,1.1348699406517868,0.0,0.0,1.1348699406517868,0.0,0.0,1.1348699406517868,1.992290172533952,1.1348699406517868,1.1348699406517868,3.9029355480064174,4.02320639538321,1.1348699406517868,0.0,1.6527919684726957,2.447018252580379,1.1348699406517868,2.245281745740143,3.347796468373328,0.0,1.1348699406517868,4.257814182053904,0.0,0.0,3.347796468373328,1.6527919684726957,1.1348699406517868,5.571147242530418,0.0,0.0,1.6527919684726957,8.017694823145218,1.6527919684726957,0.0,4.780828427060079,0.0,0.0,1.992290172533952,1.1348699406517868,0.0,0.0,1.6527919684726957,7.710690402177155,0.0,2.245281745740143,0.0,0.0,1.1348699406517868,1.992290172533952
NK,HK1634,470,DKD,474176.0,0.0,3.813027815124205,5.182622596375528,3.662550583215657,2.244498918881791,1.6520841294824087,0.0,1.1342759078121958,0.0,0.0,0.0,0.0,0.0,1.6520841294824087,0.0,1.1342759078121958,1.9915340467846046,3.7152659983949508,3.813027815124205,1.1342759078121958,1.1342759078121958,0.0,1.1342759078121958,0.0,0.0,2.6139980589882144,0.0,0.0,4.518343824827167,1.9915340467846046,0.0,3.8585436349146836,0.0,0.0,5.029407023493295,1.1342759078121958,1.1342759078121958,1.1342759078121958,6.792305041223663,0.0,0.0,4.163056354633539,0.0,0.0,2.244498918881791,0.0,0.0,0.0,2.244498918881791,6.564698121385787,1.1342759078121958,2.6139980589882144,0.0,0.0,0.0,2.4462184802807996
NK,HK1584,312,DKD,272492.0,0.0,4.606024598261906,2.4856977972926724,3.1363197469570494,2.7523432866737845,0.0,0.0,0.0,0.0,1.5411232056937954,0.0,0.0,0.0,2.4856977972926724,0.0,2.4856977972926724,0.0,2.4856977972926724,3.2842450344601906,0.0,0.0,0.0,0.0,0.0,0.0,2.962649139170813,0.0,1.5411232056937954,3.629615666104785,0.0,0.0,3.1363197469570494,0.0,0.0,4.205542782663875,0.0,0.0,0.0,7.605092858712023,0.0,0.0,3.9584800714455923,0.0,0.0,0.0,2.1210230498192173,0.0,0.0,0.0,6.94301891118245,0.0,3.1363197469570494,0.0,0.0,0.0,0.0
NK,HK1588,659,Control,542757.0,0.0,3.2881866420108663,2.3235856034249416,2.9665326568855614,2.9665326568855614,0.0,0.0,0.0,0.0,0.0,0.0,0.0,0.0,2.1246276694872344,0.0,2.7561773624490846,0.0,4.030221143789602,4.28847611519509,0.0,0.0,0.0,0.0,0.0,0.0,2.866876010444795,0.0,0.0,2.7561773624490846,0.0,0.0,3.3546883153556135,0.0,0.0,4.697788232545172,1.0446646485854232,0.0,0.0,8.580639037648197,0.0,0.0,4.23657404314843,0.0,0.0,1.5443424984693088,1.5443424984693088,0.0,0.0,0.0,6.680774754625748,1.5443424984693088,1.8759988106116432,0.0,0.0,0.0,2.1246276694872344
NK,HK1597,63,HKD,38764.0,0.0,3.288294842944196,0.0,3.9626070399921325,0.0,0.0,0.0,0.0,0.0,0.0,0.0,0.0,0.0,0.0,0.0,0.0,0.0,0.0,3.288294842944196,0.0,0.0,0.0,3.288294842944196,0.0,0.0,3.288294842944196,0.0,3.288294842944196,0.0,0.0,0.0,3.9626070399921325,0.0,0.0,4.361714151904965,3.288294842944196,0.0,0.0,6.964780381559758,0.0,0.0,4.361714151904965,0.0,0.0,0.0,0.0,0.0,3.288294842944196,3.288294842944196,6.717209842786863,0.0,0.0,0.0,0.0,0.0,3.288294842944196
NK,HK1632,148,DKD,91115.0,0.0,4.486399380092259,0.0,4.023129697591534,2.482832943222708,3.1333302505871017,0.0,0.0,0.0,0.0,0.0,0.0,4.023129697591534,3.524164701290111,0.0,0.0,0.0,3.804450383082721,3.804450383082721,2.482832943222708,0.0,0.0,3.524164701290111,0.0,0.0,0.0,0.0,0.0,0.0,0.0,0.0,4.023129697591534,3.524164701290111,0.0,4.023129697591534,0.0,0.0,0.0,6.009010287105088,0.0,0.0,4.202463986035454,0.0,0.0,0.0,0.0,0.0,2.482832943222708,0.0,5.618146633450964,0.0,0.0,2.482832943222708,0.0,0.0,2.482832943222708
NK,HK1664,1032,Control,1320611.0,1.1853023191493723,3.916406215400899,1.8406411813458972,3.9012131137174832,2.9535242198156486,0.9220542938495827,1.1853023191493723,0.0,0.0,0.0,0.0,0.0,0.0,1.8406411813458972,1.7125992861443344,1.9541336761977672,0.5637360047826632,3.804862308993298,4.823724956236946,0.0,0.0,1.1853023191493723,3.3142908679879985,1.1853023191493723,1.7125992861443344,3.1661818709429035,0.0,0.9220542938495827,1.1853023191493723,0.0,0.0,3.4905340180823026,0.5637360047826632,0.5637360047826632,4.960051379693369,1.393493638092081,0.0,0.0,7.594101694758423,1.1853023191493723,0.0,4.156531822680913,0.0,0.0,0.9220542938495827,0.0,0.0,0.0,1.1853023191493723,6.807238268042569,0.5637360047826632,2.2331790427406495,1.5657213724101962,0.9220542938495827,0.0,2.8274160033995863
NK,HK1593,423,HKD,500209.0,0.0,4.442238261462946,1.9455519488958632,3.496102315390588,2.9440430662621067,0.0,0.0,0.0,0.0,0.0,0.0,0.0,0.0,2.3975153594140517,0.0,1.9455519488958632,0.0,3.554942091612904,4.006922872541254,0.0,0.0,0.0,1.9455519488958632,0.0,0.0,2.832820019326887,0.0,0.0,2.3975153594140517,0.0,0.0,3.2954344347036364,1.9455519488958632,0.0,5.016864692360676,0.0,0.0,0.0,8.690224327331794,0.0,0.0,4.369035230929927,0.0,0.0,1.0983336996331183,1.0983336996331183,0.0,0.0,0.0,6.898297043463727,1.6091035962774778,2.1968531080398166,0.0,1.0983336996331183,0.0,2.1968531080398166
NK,HK1594,238,HKD,280624.0,0.0,3.929643237402078,2.45877323217077,3.2559561567874047,1.5180870431083608,1.5180870431083608,0.0,0.0,0.0,0.0,0.0,0.0,2.45877323217077,2.095188673698539,0.0,2.095188673698539,0.0,3.8570457148625508,3.8570457148625508,1.5180870431083608,0.0,1.5180870431083608,1.5180870431083608,0.0,0.0,2.934783856519786,0.0,0.0,3.1082089225676057,0.0,0.0,3.384657911842767,0.0,0.0,4.8053198805641,0.0,0.0,0.0,7.2452629969985844,0.0,0.0,4.8053198805641,0.0,0.0,0.0,0.0,0.0,1.5180870431083608,0.0,7.491887499093837,0.0,2.095188673698539,0.0,2.095188673698539,0.0,2.934783856519786
B_Naive,HK2862,118,DKD,72445.0,2.6948687141632353,4.581133873273294,0.0,2.6948687141632353,0.0,5.337795868054528,4.830169423520055,0.0,4.713384036081656,2.6948687141632353,5.672893888558768,0.0,0.0,4.830169423520055,3.353656695387038,4.248750575588806,5.195434205475337,4.428688950337429,0.0,4.029171181894394,2.6948687141632353,4.428688950337429,0.0,0.0,3.353656695387038,3.7474012872749816,4.029171181894394,6.888627334658058,2.6948687141632353,4.029171181894394,0.0,4.830169423520055,5.80599545107437,5.115853208655977,5.5731722489544175,2.6948687141632353,2.6948687141632353,2.6948687141632353,4.713384036081656,4.029171181894394,2.6948687141632353,4.428688950337429,3.353656695387038,0.0,0.0,2.6948687141632353,0.0,2.6948687141632353,5.923444046645922,5.029387215251098,4.029171181894394,4.248750575588806,2.6948687141632353,3.353656695387038,5.115853208655977,0.0
B_Naive,HK2596,24,DKD,19852.0,0.0,3.9391080399861678,4.622474762659142,3.9391080399861678,0.0,3.9391080399861678,0.0,0.0,0.0,0.0,0.0,0.0,0.0,4.622474762659142,0.0,4.622474762659142,0.0,3.9391080399861678,0.0,5.024658344820341,0.0,0.0,0.0,0.0,0.0,0.0,5.310695607289752,6.118878447214601,0.0,0.0,0.0,0.0,4.622474762659142,4.622474762659142,5.714513195557855,0.0,3.9391080399861678,0.0,5.024658344820341,0.0,0.0,0.0,0.0,0.0,0.0,0.0,0.0,0.0,3.9391080399861678,4.622474762659142,0.0,0.0,0.0,0.0,3.9391080399861678,0.0
B_Naive,HK2774,204,HKD,606564.0,1.7827005512107794,4.518246284512028,3.887941126172155,3.742793757538831,2.0274272755515996,4.74280390590804,4.362915683559602,0.9740427696075218,3.3097430715604714,1.4579779115939742,4.5535815522122,0.0,1.4579779115939742,3.953309853210505,2.223883086844925,3.8179986032036988,4.3199966861991115,3.742793757538831,5.18767688033202,2.528956591411999,0.0,2.861418087417575,0.0,3.247636627657491,2.6524702006116048,2.6524702006116048,3.742793757538831,5.645149470740313,3.572942190083911,3.5255546984868227,0.0,3.8179986032036988,5.130846939968219,4.127123642297364,5.701787643558193,2.0274272755515996,3.247636627657491,3.181416049390294,7.725140120925378,2.0274272755515996,0.9740427696075218,3.9844586504675634,2.528956591411999,0.0,3.742793757538831,2.861418087417575,0.9740427696075218,2.6524702006116048,3.3097430715604714,7.6408785973859255,2.951515832811493,2.951515832811493,1.4579779115939742,2.6524702006116048,4.341686422250869,2.0274272755515996
B_Naive,HK2739,20,HKD,29156.0,0.0,5.7355534522991265,0.0,4.242714498515442,3.5638336043219763,5.840591006338083,5.485161197178334,0.0,4.643378588327003,0.0,5.331701589572489,0.0,4.643378588327003,5.331701589572489,3.5638336043219763,0.0,6.481066884761995,4.643378588327003,0.0,3.5638336043219763,0.0,3.5638336043219763,5.485161197178334,4.643378588327003,3.5638336043219763,3.5638336043219763,0.0,7.224702644057518,0.0,0.0,0.0,0.0,4.928651480206991,3.5638336043219763,4.643378588327003,0.0,4.928651480206991,0.0,3.5638336043219763,4.242714498515442,0.0,0.0,3.5638336043219763,0.0,0.0,0.0,0.0,0.0,5.618173972043783,4.928651480206991,4.643378588327003,5.150346732254401,0.0,3.5638336043219763,4.242714498515442,3.5638336043219763
B_Naive,HK2558,25,HKD,75360.0,0.0,4.542096974341041,3.9904377350630753,3.9904377350630753,3.3156132813242554,4.895571487918328,0.0,0.0,0.0,0.0,2.658134137953548,0.0,4.990201469760272,3.9904377350630753,0.0,0.0,3.7089006162907134,3.3156132813242554,0.0,3.3156132813242554,0.0,0.0,0.0,0.0,2.658134137953548,3.7089006162907134,3.3156132813242554,5.989184880577945,0.0,3.7089006162907134,0.0,5.4231151374039746,3.7089006162907134,0.0,4.895571487918328,0.0,4.674296098872343,0.0,4.791041697499621,0.0,0.0,0.0,0.0,0.0,0.0,3.3156132813242554,0.0,0.0,5.076645661472844,2.658134137953548,0.0,4.674296098872343,0.0,0.0,4.3897198954441405,0.0
B_Naive,HK2891,35,HKD,109931.0,0.0,4.417267519883622,3.8390882839238674,3.3425029221846825,0.0,3.621308622780891,2.312200233964774,0.0,2.312200233964774,0.0,2.9545576282663117,2.9545576282663117,4.417267519883622,2.312200233964774,2.312200233964774,0.0,3.621308622780891,2.312200233964774,2.312200233964774,3.3425029221846825,0.0,2.9545576282663117,3.621308622780891,3.3425029221846825,2.312200233964774,3.3425029221846825,2.9545576282663117,4.701928242513172,3.621308622780891,2.312200233964774,0.0,2.9545576282663117,5.3039292568394885,2.312200233964774,5.645429475705572,2.312200233964774,2.312200233964774,2.312200233964774,6.80413203095707,3.3425029221846825,2.9545576282663117,4.615741775746031,0.0,0.0,0.0,3.3425029221846825,0.0,2.9545576282663117,4.701928242513172,6.881758082313618,3.3425029221846825,2.9545576282663117,0.0,2.312200233964774,2.312200233964774,2.9545576282663117
B_Naive,HK2923,23,Control,53528.0,0.0,4.547637010733208,2.979694929483627,4.327138010534095,0.0,0.0,2.979694929483627,0.0,0.0,0.0,0.0,0.0,0.0,3.647109687080017,0.0,0.0,3.647109687080017,0.0,4.043848040945773,2.979694929483627,0.0,0.0,4.728191640079891,4.327138010534095,2.979694929483627,4.043848040945773,0.0,0.0,2.979694929483627,0.0,0.0,3.647109687080017,5.235474015181024,0.0,4.881078314686614,0.0,0.0,0.0,6.935856345810274,3.647109687080017,0.0,4.327138010534095,0.0,0.0,0.0,0.0,0.0,0.0,4.327138010534095,7.847921962348855,0.0,2.979694929483627,0.0,0.0,0.0,0.0
B_Naive,HK1650,96,HKD,88985.0,0.0,4.046365862848643,3.155965764859713,3.827584235777388,0.0,0.0,0.0,0.0,0.0,0.0,0.0,0.0,0.0,3.155965764859713,0.0,0.0,0.0,0.0,2.5045335325314646,0.0,0.0,0.0,0.0,0.0,4.046365862848643,3.155965764859713,0.0,0.0,0.0,0.0,0.0,3.827584235777388,5.314590652266107,0.0,5.468038329038284,0.0,0.0,0.0,6.897634959528778,0.0,0.0,4.509790722444152,0.0,0.0,3.155965764859713,0.0,0.0,0.0,3.155965764859713,7.555609204059375,0.0,0.0,0.0,0.0,0.0,0.0
B_Naive,HK1635,39,DKD,69899.0,0.0,3.7823485980314713,4.064322119418124,3.3882037498127167,2.7282681874915475,0.0,0.0,0.0,0.0,0.0,2.7282681874915475,0.0,0.0,2.7282681874915475,0.0,0.0,0.0,2.7282681874915475,4.748844902710423,0.0,0.0,0.0,2.7282681874915475,2.7282681874915475,0.0,2.7282681874915475,0.0,0.0,0.0,0.0,0.0,2.7282681874915475,5.064933558917371,0.0,5.498020555972074,0.0,0.0,0.0,7.397515345614534,0.0,0.0,4.064322119418124,0.0,0.0,0.0,0.0,0.0,0.0,2.7282681874915475,6.159327408857781,2.7282681874915475,2.7282681874915475,0.0,0.0,0.0,0.0
B_Naive,HK1997,2340,Control,2400232.0,0.3482782652396661,3.995043029283429,3.3643248110980073,2.983061723855175,2.505437166121318,1.4662627142421762,0.0,0.0,0.0,0.0,0.0,0.0,0.0,0.9807688403599653,2.5712498820732987,1.6421497827647413,0.3482782652396661,3.5600047510646537,4.110778786876764,0.9807688403599653,1.1259459517213868,0.0,1.1259459517213868,0.0,0.3482782652396661,1.9809181401162832,0.8108765162616646,0.3482782652396661,3.3498108170869725,0.0,0.0,2.9617390598710642,5.296970406589778,0.0,5.225650531431582,0.6060918674582635,0.6060918674582635,0.6060918674582635,7.653635457038046,0.8108765162616646,0.6060918674582635,4.900228330886547,0.0,0.0,1.6421497827647413,0.8108765162616646,0.3482782652396661,0.6060918674582635,0.9807688403599653,6.894826736087093,2.139980873985878,1.9217300817229122,0.0,0.0,0.0,1.3651689704738095
B_Naive,HK1770,2418,HKD,3574597.0,0.6093608408906368,4.094805006952283,3.59040431138403,3.970930156257965,2.325501485871208,1.7976641152493382,0.24666616489681784,0.0,0.24666616489681784,0.0,0.44436758521878883,0.0,0.0,1.2578262252394992,2.9685470725656757,0.8749515523440108,0.44436758521878883,3.559047537874404,4.319276261520471,0.44436758521878883,0.44436758521878883,0.44436758521878883,2.743873765842933,0.6093608408906368,0.24666616489681784,2.629626102756444,1.334347735935793,0.0,3.4673736705232385,0.0,0.0,3.0107625144998944,5.344318418365358,0.7509477061410132,5.2372605877122975,0.24666616489681784,0.44436758521878883,0.8749515523440108,7.590127408073656,0.44436758521878883,0.24666616489681784,4.8629553922382796,0.24666616489681784,0.0,2.297779373212803,1.405427639249475,0.7509477061410132,0.24666616489681784,2.043042507826507,6.734704259560299,2.178500462373982,2.4043349799997173,0.24666616489681784,0.0,0.0,2.47740531833605
B_Naive,HK1634,142,DKD,180154.0,0.0,4.213751144195392,4.939999382877961,3.3587780238746126,1.8795881767520703,1.8795881767520703,0.0,0.0,1.8795881767520703,0.0,0.0,0.0,1.8795881767520703,1.8795881767520703,1.8795881767520703,0.0,0.0,2.4933387548232004,4.128083480544991,0.0,3.1442913262786854,0.0,0.0,0.0,0.0,2.8708728616078703,0.0,0.0,4.365786619727133,0.0,0.0,3.535286428568386,4.128083480544991,0.0,5.185293165449304,0.0,0.0,0.0,7.401529099784468,0.0,1.8795881767520703,4.614273797875951,0.0,0.0,0.0,0.0,0.0,0.0,1.8795881767520703,6.758529964176649,0.0,0.0,0.0,0.0,0.0,2.8708728616078703
B_Naive,HK1597,554,HKD,421706.0,1.2153044491568339,3.9278515972460855,2.093586147315924,3.8298381967912034,1.7479191406862138,0.0,1.2153044491568339,0.0,0.0,2.093586147315924,0.0,0.0,0.0,1.7479191406862138,1.7479191406862138,1.7479191406862138,0.0,3.532181322971244,2.7231307046951625,0.0,0.0,0.0,1.2153044491568339,1.2153044491568339,1.2153044491568339,2.7231307046951625,1.2153044491568339,0.0,1.2153044491568339,0.0,0.0,3.106463066431469,5.567753617042749,0.0,5.145952951295061,0.0,1.2153044491568339,0.0,7.3426041045690775,1.2153044491568339,0.0,5.01325305898652,0.0,0.0,0.0,0.0,0.0,0.0,0.0,5.679053885723141,1.7479191406862138,0.0,0.0,0.0,0.0,2.3499724846785086
B_Naive,HK1632,74,DKD,53478.0,0.0,3.64801986554647,4.328060202627985,4.729117907503385,3.64801986554647,0.0,0.0,0.0,0.0,0.0,0.0,0.0,3.64801986554647,0.0,2.980581995877847,0.0,2.980581995877847,4.044766193413702,0.0,2.980581995877847,0.0,0.0,0.0,0.0,0.0,2.980581995877847,2.980581995877847,0.0,0.0,0.0,0.0,0.0,5.640093985447254,0.0,4.729117907503385,0.0,0.0,0.0,6.108764526086091,0.0,0.0,4.548561643710183,0.0,0.0,0.0,0.0,0.0,0.0,0.0,5.875734581692417,0.0,0.0,2.980581995877847,0.0,0.0,0.0
B_Naive,HK1664,66,Control,108029.0,2.32793833065182,2.32793833065182,0.0,3.8561691849070536,2.32793833065182,0.0,2.32793833065182,0.0,0.0,0.0,0.0,0.0,0.0,2.32793833065182,2.32793833065182,0.0,2.32793833065182,3.3593443326052443,4.719224355651319,0.0,0.0,2.32793833065182,4.034959704600802,0.0,0.0,0.0,0.0,0.0,2.32793833065182,0.0,0.0,3.3593443326052443,5.226474757425388,0.0,4.633023749556194,0.0,0.0,0.0,7.385031532268861,2.32793833065182,2.32793833065182,4.940581893745253,0.0,0.0,3.3593443326052443,0.0,0.0,0.0,0.0,7.108975558777651,2.32793833065182,0.0,0.0,2.32793833065182,0.0,0.0
B_Naive,HK1593,22,HKD,35115.0,0.0,3.3836394210272145,0.0,4.059679217725533,0.0,0.0,0.0,0.0,0.0,0.0,0.0,0.0,0.0,0.0,0.0,0.0,0.0,3.3836394210272145,4.9655632554000135,0.0,0.0,0.0,0.0,0.0,0.0,3.3836394210272145,0.0,0.0,0.0,0.0,0.0,0.0,5.550245541613257,0.0,5.836955516023767,0.0,3.3836394210272145,0.0,8.373238403273321,0.0,0.0,4.059679217725533,0.0,0.0,3.3836394210272145,0.0,0.0,0.0,0.0,6.646263465941219,0.0,0.0,0.0,0.0,0.0,0.0
B_Naive,HK1594,35,HKD,45271.0,0.0,0.0,0.0,3.81061892714652,0.0,0.0,0.0,0.0,0.0,0.0,0.0,0.0,0.0,0.0,0.0,0.0,0.0,4.208678523653831,0.0,0.0,0.0,0.0,3.1393648100341913,0.0,0.0,0.0,0.0,0.0,0.0,0.0,0.0,3.1393648100341913,4.894364941594406,0.0,5.663514320710041,0.0,0.0,0.0,7.3861680277134765,0.0,0.0,4.492637172652148,0.0,0.0,0.0,0.0,0.0,0.0,0.0,7.206704364553112,0.0,0.0,3.1393648100341913,0.0,0.0,0.0
B_memory,HK2862,184,DKD,135862.0,0.0,5.5834013937296305,3.810266187881377,3.6323633111587728,3.1390197107088413,2.7549859265602437,0.0,2.123507448337538,4.092397311241465,2.123507448337538,0.0,0.0,0.0,4.092397311241465,2.7549859265602437,4.208323162011736,3.1390197107088413,2.123507448337538,0.0,3.1390197107088413,0.0,2.7549859265602437,0.0,0.0,2.123507448337538,3.961248670816667,4.208323162011736,5.712995910083093,2.123507448337538,3.810266187881377,0.0,4.092397311241465,5.179814398531123,4.092397311241465,5.4018315054294535,0.0,3.810266187881377,2.7549859265602437,4.406286325564873,0.0,2.7549859265602437,3.810266187881377,2.123507448337538,0.0,0.0,0.0,0.0,3.1390197107088413,4.94767978049473,4.571461661464743,3.1390197107088413,3.961248670816667,2.123507448337538,0.0,4.208323162011736,2.123507448337538
B_memory,HK2596,23,DKD,17451.0,0.0,4.750193158767914,5.1527707606349855,0.0,4.065658805312261,4.750193158767914,0.0,4.065658805312261,0.0,0.0,0.0,0.0,0.0,4.065658805312261,0.0,4.065658805312261,0.0,0.0,0.0,0.0,0.0,0.0,0.0,0.0,4.065658805312261,4.065658805312261,0.0,5.1527707606349855,0.0,0.0,0.0,0.0,4.750193158767914,0.0,5.661280361206442,0.0,0.0,0.0,4.065658805312261,0.0,0.0,0.0,0.0,0.0,0.0,0.0,0.0,0.0,0.0,4.065658805312261,0.0,0.0,0.0,0.0,0.0,0.0
B_memory,HK2774,1165,HKD,3421864.0,2.6288979563336485,5.716234505725938,3.9651123657841754,3.9312914387497844,2.3085065120386,4.187788165948915,3.890331327005927,1.2053439814855573,3.7073188978034546,1.6833527882215307,3.9080914841835743,0.2563758948081728,0.0,4.094880305948803,1.6275405373044234,3.3590775426586887,3.803005976272097,3.483138142104955,3.0660363340842323,2.151552639586139,0.6295229863999287,2.649766015418206,0.0,3.7073188978034546,1.113720475243341,2.9506710826801883,3.10608340140204,4.914905080313867,2.7847887410965537,3.1319173341884765,0.4602542359268955,4.354895575530788,4.628952322536092,4.640302477990458,4.582217830008516,2.0811552195608227,1.7864206597865127,2.9955069908346252,5.461180762968471,1.9652933648060464,1.9234845132565948,3.446578304935305,2.4184412407214477,1.5684281858390157,1.0128475140311881,1.7864206597865127,0.7742448067288179,2.3085065120386,2.7291383243702327,6.045278994530089,3.052322810912672,2.7098780198271126,1.2892727139198867,1.9234845132565948,3.8159576911778417,1.8342266508689207
B_memory,HK2663,20,Control,41421.0,3.897613414372263,5.13577727677259,0.0,3.897613414372263,0.0,5.13577727677259,5.268573089247517,0.0,0.0,3.224553407085641,4.29629212079533,0.0,0.0,4.982606529556951,0.0,3.224553407085641,4.29629212079533,3.897613414372263,3.897613414372263,3.897613414372263,0.0,4.801655267168868,4.982606529556951,4.982606529556951,0.0,3.224553407085641,0.0,6.076637561313674,0.0,0.0,0.0,0.0,4.982606529556951,3.224553407085641,3.224553407085641,3.224553407085641,3.224553407085641,0.0,5.268573089247517,3.224553407085641,0.0,0.0,0.0,0.0,0.0,3.224553407085641,0.0,0.0,6.991549813447334,3.897613414372263,5.13577727677259,4.580563643182902,3.224553407085641,4.29629212079533,3.224553407085641,3.224553407085641
B_memory,HK2558,45,HKD,97391.0,0.0,6.222827371999555,4.288748726793892,3.0697156664490595,0.0,5.224789259302762,0.0,0.0,2.421957019473349,0.0,2.421957019473349,0.0,5.167947353835824,4.420563386095096,0.0,0.0,3.0697156664490595,3.7393719047627703,3.0697156664490595,2.421957019473349,0.0,0.0,0.0,0.0,0.0,2.421957019473349,3.4595816192999855,5.5111250524420425,2.421957019473349,0.0,2.421957019473349,4.82201128458577,3.9577503152740396,0.0,3.7393719047627703,0.0,4.13688244983648,0.0,3.4595816192999855,0.0,0.0,0.0,0.0,0.0,0.0,3.0697156664490595,0.0,2.421957019473349,3.0697156664490595,0.0,3.7393719047627703,3.0697156664490595,0.0,0.0,4.537009144185938,2.421957019473349
B_memory,HK2891,59,HKD,183314.0,3.127658504914966,5.390006584360698,3.913942891195346,4.19662206018902,0.0,4.597059109895581,3.798651952574077,3.127658504914966,1.8648737261874848,1.8648737261874848,4.597059109895581,2.4773986555079195,4.961677087179958,4.017305247950594,2.4773986555079195,2.4773986555079195,4.348620952778018,3.5184091232257164,3.913942891195346,4.017305247950594,0.0,3.3419993695765466,3.3419993695765466,4.922736381876743,0.0,3.913942891195346,1.8648737261874848,5.592109169163578,3.3419993695765466,1.8648737261874848,0.0,4.2755066885762805,4.961677087179958,4.348620952778018,5.651317538145481,1.8648737261874848,3.5184091232257164,1.8648737261874848,5.4849019560260075,3.3419993695765466,0.0,3.798651952574077,0.0,0.0,0.0,3.668315585992618,2.4773986555079195,0.0,5.4849019560260075,6.231123420858128,4.597059109895581,2.4773986555079195,3.127658504914966,2.4773986555079195,2.4773986555079195,1.8648737261874848
B_memory,HK2896,21,Control,98162.0,2.414773977076766,3.7316746844030506,3.4519451363175913,3.7316746844030506,2.414773977076766,0.0,0.0,2.414773977076766,0.0,2.414773977076766,0.0,0.0,0.0,2.414773977076766,3.7316746844030506,2.414773977076766,0.0,3.062197827278562,0.0,0.0,0.0,0.0,4.8936080189088,3.062197827278562,3.7316746844030506,3.4519451363175913,0.0,0.0,2.414773977076766,0.0,0.0,3.4519451363175913,4.5292085189894395,0.0,5.4608891511514726,0.0,0.0,0.0,5.820613856029256,0.0,0.0,3.950016186505478,0.0,0.0,0.0,0.0,0.0,0.0,2.414773977076766,7.1422089853532205,0.0,2.414773977076766,2.414773977076766,2.414773977076766,0.0,3.950016186505478
B_memory,HK1770,83,HKD,158338.0,0.0,4.255210311497329,2.9930692302375834,1.9900095094832442,2.9930692302375834,1.9900095094832442,0.0,0.0,0.0,0.0,0.0,0.0,0.0,0.0,2.9930692302375834,0.0,0.0,3.2681387655790672,3.8113011214885706,0.0,0.0,0.0,1.9900095094832442,0.0,0.0,0.0,0.0,0.0,2.612361771443052,0.0,0.0,2.612361771443052,5.249484725886298,0.0,5.535853380430697,0.0,0.0,0.0,6.517330825403392,0.0,0.0,4.625459491634964,0.0,0.0,1.9900095094832442,0.0,0.0,0.0,0.0,6.571811349522633,1.9900095094832442,0.0,0.0,0.0,0.0,1.9900095094832442
B_memory,HK1634,89,DKD,118674.0,0.0,3.7642704620889815,5.133023479441982,3.9427204473367645,0.0,0.0,0.0,0.0,0.0,0.0,2.243519096293296,0.0,0.0,0.0,0.0,2.243519096293296,0.0,2.882165462251592,3.2687829524381042,0.0,0.0,0.0,0.0,2.243519096293296,0.0,2.882165462251592,0.0,0.0,4.540001078062726,0.0,0.0,2.882165462251592,4.225541881300808,0.0,4.540001078062726,0.0,0.0,0.0,6.244192490551557,0.0,0.0,3.7642704620889815,0.0,0.0,0.0,0.0,0.0,0.0,2.243519096293296,6.5272882345102365,2.243519096293296,0.0,0.0,0.0,0.0,0.0
Plasma_Cells,HK2862,34,DKD,32061.0,0.0,5.237203684157885,4.149165489721961,4.149165489721961,0.0,0.0,0.0,0.0,4.149165489721961,0.0,0.0,0.0,0.0,4.549357527082523,0.0,0.0,0.0,0.0,0.0,0.0,0.0,0.0,0.0,0.0,0.0,0.0,0.0,3.4716727146109303,0.0,0.0,0.0,4.149165489721961,4.834392600394147,4.149165489721961,4.549357527082523,0.0,4.549357527082523,0.0,3.4716727146109303,0.0,3.4716727146109303,0.0,0.0,0.0,0.0,0.0,0.0,0.0,4.549357527082523,4.834392600394147,3.4716727146109303,3.4716727146109303,0.0,0.0,3.4716727146109303,0.0
Plasma_Cells,HK2596,35,DKD,29539.0,0.0,4.630454317586929,4.229852528523411,0.0,3.551154984090831,0.0,0.0,0.0,0.0,0.0,0.0,0.0,0.0,5.318714411594048,0.0,0.0,0.0,4.229852528523411,0.0,0.0,0.0,0.0,0.0,0.0,3.551154984090831,0.0,0.0,3.551154984090831,0.0,0.0,0.0,0.0,4.229852528523411,0.0,5.318714411594048,0.0,3.551154984090831,0.0,4.630454317586929,0.0,0.0,3.551154984090831,4.229852528523411,0.0,0.0,0.0,0.0,0.0,3.551154984090831,4.229852528523411,0.0,0.0,0.0,0.0,0.0,0.0
Plasma_Cells,HK2774,246,HKD,2132846.0,0.0,4.390809301060021,3.27026389329052,3.1572191639540055,2.3396055113978917,1.338453685701406,0.0,1.454420127536414,2.3396055113978917,0.6615090356642468,1.2072530751672261,0.38448461849491583,0.38448461849491583,2.88361877237395,1.056201678166558,1.8910443537415424,0.0,2.9347378631740466,5.521313397034781,0.38448461849491583,0.0,0.38448461849491583,0.0,1.5583249883806443,0.0,2.3837962742386347,2.5432877853894325,1.338453685701406,3.5484014618440067,0.6615090356642468,0.38448461849491583,2.743067878535058,4.96000736127176,2.08354020170702,5.85610528115984,1.056201678166558,0.0,2.3396055113978917,8.068122135722527,0.0,0.0,3.988629406160218,0.38448461849491583,0.0,3.32232930180903,0.6615090356642468,0.6615090356642468,1.2072530751672261,0.6615090356642468,8.162949574861303,1.8910443537415424,1.6524425997997167,0.0,0.6615090356642468,1.056201678166558,2.1939493058480637
RBC,HK2770,71,HKD,326830.0,0.0,2.320335019590357,0.0,4.309894977429895,0.0,0.0,1.9628219471592705,0.0,2.320335019590357,1.9628219471592705,1.9628219471592705,0.0,0.0,1.9628219471592705,1.9628219471592705,0.0,2.5831502932244925,4.309894977429895,0.0,2.7910714354730484,0.0,0.0,6.977181639707447,3.237797952473469,3.237797952473469,3.5454893686628877,0.0,1.9628219471592705,0.0,0.0,0.0,2.5831502932244925,2.9631144417735107,1.4011077595720034,2.5831502932244925,1.4011077595720034,0.0,0.0,3.109858073996489,2.320335019590357,0.0,3.3512103138687963,0.0,0.0,0.0,0.0,0.0,0.0,3.109858073996489,3.5454893686628877,1.4011077595720034,3.237797952473469,0.0,2.320335019590357,0.0,4.267919321191468
RBC,HK1635,31,DKD,122284.0,0.0,3.517816449373344,2.216774965186336,3.239973855970159,2.216774965186336,0.0,0.0,0.0,0.0,0.0,0.0,0.0,0.0,0.0,0.0,2.8539019379258823,0.0,0.0,3.517816449373344,0.0,0.0,0.0,3.239973855970159,0.0,0.0,2.8539019379258823,0.0,0.0,3.9133443002013997,0.0,0.0,2.216774965186336,0.0,0.0,4.312129282013781,0.0,0.0,0.0,6.5914184749023805,0.0,0.0,2.8539019379258823,0.0,0.0,0.0,0.0,0.0,0.0,2.216774965186336,5.817959235036999,0.0,0.0,0.0,0.0,0.0,0.0
