celltype,gene,sc_mean,sn_mean,sc_pct,sn_pct,n_sc,n_sn,delta
Podo,SLC5A10,0.0013913334114477038,0.018751172348856926,0.1176470588235294,1.2872628726287263,850,1476,0.017359838937409222
Podo,CYFIP2,0.05477054789662361,0.0884283185005188,4.352941176470588,5.555555555555555,850,1476,0.03365777060389519
Podo,RELB,0.05381983146071434,0.10165930539369583,4.470588235294118,8.94308943089431,850,1476,0.04783947393298149
Podo,ACAT1,0.1116744801402092,0.12525267899036407,8.352941176470589,9.959349593495935,850,1476,0.013578198850154877
Podo,ARMC7,0.02250029146671295,0.02705613151192665,1.7647058823529411,2.5745257452574526,850,1476,0.004555840045213699
Podo,PAX8,0.09848523885011673,0.17360131442546844,8.235294117647058,11.043360433604336,850,1476,0.07511607557535172
Podo,ENPEP,1.4518263339996338,2.3206942081451416,73.1764705882353,86.99186991869918,850,1476,0.8688678741455078
Podo,IL1RL1,0.0,0.006038030609488487,0.0,0.33875338753387535,850,1476,0.006038030609488487
Podo,DCN,1.0889979600906372,0.6862452030181885,47.529411764705884,46.680216802168026,850,1476,-0.40275275707244873
Podo,ALDH8A1,0.007293023634701967,0.03320428356528282,0.35294117647058826,2.4390243902439024,850,1476,0.025911259930580854
Podo,SLC2A9,0.004369051661342382,0.1208246499300003,0.2352941176470588,7.317073170731707,850,1476,0.11645559826865792
Podo,SLC9A3,0.005949206184595823,0.011462635360658169,0.4705882352941176,0.6775067750677507,850,1476,0.0055134291760623455
Podo,UMOD,0.030183738097548485,0.06098156422376633,1.411764705882353,3.116531165311653,850,1476,0.030797826126217842
Podo,PPARA,0.0653361976146698,0.2414896935224533,5.294117647058823,17.005420054200542,850,1476,0.1761534959077835
Podo,AMN,0.008452964015305042,0.020247051492333412,0.5882352941176471,1.2195121951219512,850,1476,0.01179408747702837
Podo,ACTA2,0.009862566366791725,0.016371142119169235,0.4705882352941176,1.084010840108401,850,1476,0.00650857575237751
Podo,KCNJ15,0.016725769266486168,0.1320575624704361,0.9411764705882352,7.588075880758807,850,1476,0.11533179320394993
Podo,PEPD,0.2668505907058716,0.12598083913326263,20.11764705882353,10.365853658536585,850,1476,-0.14086975157260895
Podo,TNF,0.009322583675384521,0.0007493223529309034,0.35294117647058826,0.06775067750677506,850,1476,-0.008573261322453618
Podo,EFHD1,0.06024353206157684,0.11148517578840256,4.941176470588235,7.791327913279132,850,1476,0.051241643726825714
Podo,SOST,1.9632760286331177,0.0208316370844841,75.88235294117646,1.6937669376693765,850,1476,-1.9424443915486336
Podo,SLC17A3,0.0034485571086406708,0.05894998088479042,0.2352941176470588,3.523035230352303,850,1476,0.05550142377614975
Podo,ALDOB,0.12616153061389923,0.08057849854230881,4.470588235294118,4.0650406504065035,850,1476,-0.045583032071590424
Podo,MME,2.7895381450653076,2.6699628829956055,92.0,92.95392953929539,850,1476,-0.11957526206970215
Podo,LGALS2,0.02379631996154785,0.01680246740579605,1.1764705882352942,1.3550135501355014,850,1476,-0.0069938525557518005
Podo,BDH2,0.2671224772930145,0.07801637053489685,20.823529411764703,6.300813008130081,850,1476,-0.18910610675811768
Podo,FN1,0.02067766897380352,0.027789941057562828,1.647058823529412,2.100271002710027,850,1476,0.007112272083759308
Podo,BICC1,0.05831882730126381,0.2579861879348755,4.941176470588235,13.482384823848239,850,1476,0.19966736063361168
Podo,ICAM1,0.012793589383363724,0.021320704370737076,0.823529411764706,1.4227642276422763,850,1476,0.008527114987373352
Podo,HAVCR1,0.0,0.026705477386713028,0.0,2.168021680216802,850,1476,0.026705477386713028
Podo,TDGF1,0.0,0.003125804243609309,0.0,0.27100271002710025,850,1476,0.003125804243609309
Podo,TM7SF3,0.15290552377700806,0.3413667678833008,11.529411764705882,27.439024390243905,850,1476,0.18846124410629272
Podo,CD24,0.05976981297135353,0.10349517315626144,4.941176470588235,5.9620596205962055,850,1476,0.04372536018490791
Podo,VCAM1,0.0017260080203413963,0.08307158201932907,0.1176470588235294,5.7588075880758804,850,1476,0.08134557399898767
Podo,VIM,3.074815034866333,0.5211294293403625,90.58823529411765,37.12737127371274,850,1476,-2.5536856055259705
Podo,HOXA9,0.6776346564292908,0.2516634464263916,44.588235294117645,21.205962059620596,850,1476,-0.42597121000289917
Podo,RGL3,0.005543550476431847,0.08154917508363724,0.4705882352941176,5.08130081300813,850,1476,0.07600562460720539
Podo,COL1A1,0.016758993268013,0.02259138599038124,1.411764705882353,1.8292682926829267,850,1476,0.00583239272236824
Podo,JUN,1.6771892309188843,0.037451181560754776,70.70588235294117,1.9647696476964769,850,1476,-1.6397380493581295
Podo,DPEP1,0.026829689741134644,0.0399334542453289,2.0,2.7777777777777777,850,1476,0.01310376450419426
Podo,TCN2,0.02298414334654808,0.01965613104403019,2.0,1.4227642276422763,850,1476,-0.003328012302517891
Podo,OCIAD2,0.32036980986595154,0.05364960432052612,24.823529411764707,4.0650406504065035,850,1476,-0.2667202055454254
Podo,SOX9,0.010082421824336052,0.009025040082633495,0.823529411764706,0.5420054200542005,850,1476,-0.0010573817417025566
Podo,TWIST1,0.0,0.0,0.0,0.0,850,1476,0.0
Podo,SNAI1,0.008962368592619896,0.001457737758755684,0.7058823529411765,0.06775067750677506,850,1476,-0.007504630833864212
Podo,BCAM,2.397040843963623,0.6066330075263977,87.29411764705883,45.1219512195122,850,1476,-1.7904078364372253
Podo,CRB2,0.8251459002494812,0.36717256903648376,51.05882352941177,30.962059620596204,850,1476,-0.45797333121299744
Podo,CCL2,0.008685055188834667,0.016669264063239098,0.5882352941176471,1.2872628726287263,850,1476,0.00798420887440443
Podo,CUBN,0.052669454365968704,0.2674250304698944,2.941176470588235,12.330623306233063,850,1476,0.2147555761039257
Podo,FOS,1.731751799583435,0.11944809556007385,65.17647058823529,5.487804878048781,850,1476,-1.6123037040233612
Podo,ACSF2,0.0018606492085382342,0.09762364625930786,0.1176470588235294,5.9620596205962055,850,1476,0.09576299705076963
Podo,SHMT1,0.020376838743686676,0.04825849458575249,1.5294117647058825,3.4552845528455287,850,1476,0.02788165584206581
Podo,AOC1,0.01221529208123684,0.008437005802989006,0.9411764705882352,0.5420054200542005,850,1476,-0.0037782862782478333
Podo,HNF4A,0.003501989645883441,0.051210127770900726,0.2352941176470588,3.2520325203252036,850,1476,0.047708138125017285
Podo,PROM1,0.0026948389131575823,0.05471443384885788,0.1176470588235294,3.116531165311653,850,1476,0.0520195949357003
Podo,ACY1,0.05378510430455208,0.02416166663169861,3.882352941176471,1.6260162601626018,850,1476,-0.02962343767285347
PEC,SLC5A10,0.0,0.04576103016734123,0.0,3.148148148148148,58,540,0.04576103016734123
PEC,CYFIP2,0.0,0.23995375633239746,0.0,15.0,58,540,0.23995375633239746
PEC,RELB,0.12256520986557007,0.2865797281265259,10.344827586206897,19.25925925925926,58,540,0.1640145182609558
PEC,ACAT1,0.025992514565587044,0.23442061245441437,3.4482758620689653,15.0,58,540,0.20842809788882732
PEC,ARMC7,0.017849508672952652,0.05744775012135506,1.7241379310344827,4.444444444444445,58,540,0.039598241448402405
PEC,PAX8,0.014715814962983131,1.62197744846344,1.7241379310344827,72.03703703703704,58,540,1.6072616335004568
PEC,ENPEP,0.12810982763767242,0.6696441769599915,8.620689655172415,39.07407407407407,58,540,0.541534349322319
PEC,IL1RL1,0.0,0.0027283309027552605,0.0,0.1851851851851852,58,540,0.0027283309027552605
PEC,DCN,0.0,0.0891299918293953,0.0,5.7407407407407405,58,540,0.0891299918293953
PEC,ALDH8A1,0.016784364357590675,0.04805033653974533,1.7241379310344827,3.5185185185185186,58,540,0.031265972182154655
PEC,SLC2A9,0.017155267298221588,0.7074136137962341,1.7241379310344827,36.666666666666664,58,540,0.6902583464980125
PEC,SLC9A3,0.0,0.02341953106224537,0.0,1.4814814814814816,58,540,0.02341953106224537
PEC,UMOD,0.015880294144153595,0.2356087863445282,1.7241379310344827,12.777777777777777,58,540,0.2197284922003746
PEC,PPARA,0.01322605088353157,0.43932726979255676,1.7241379310344827,27.962962962962962,58,540,0.4261012189090252
PEC,AMN,0.014552327804267406,0.054558705538511276,1.7241379310344827,3.7037037037037033,58,540,0.04000637773424387
PEC,ACTA2,0.02755924127995968,0.06696806848049164,1.7241379310344827,3.888888888888889,58,540,0.03940882720053196
PEC,KCNJ15,0.0,0.45506301522254944,0.0,26.296296296296294,58,540,0.45506301522254944
PEC,PEPD,0.04789460450410843,0.16703703999519348,5.172413793103448,11.666666666666666,58,540,0.11914243549108505
PEC,TNF,0.0,0.0,0.0,0.0,58,540,0.0
PEC,EFHD1,0.0,0.3295048773288727,0.0,19.074074074074073,58,540,0.3295048773288727
PEC,SOST,0.2529394328594208,0.005376345943659544,10.344827586206897,0.3703703703703704,58,540,-0.24756308691576123
PEC,SLC17A3,0.0,0.10255946218967438,0.0,6.296296296296296,58,540,0.10255946218967438
PEC,ALDOB,0.0,0.09046220779418945,0.0,4.814814814814815,58,540,0.09046220779418945
PEC,MME,0.19575516879558563,0.16750231385231018,8.620689655172415,10.0,58,540,-0.02825285494327545
PEC,LGALS2,0.0,0.025960877537727356,0.0,2.037037037037037,58,540,0.025960877537727356
PEC,BDH2,0.04258577153086662,0.1408168375492096,5.172413793103448,10.37037037037037,58,540,0.09823106601834297
PEC,FN1,0.03038116917014122,0.05403304472565651,3.4482758620689653,2.9629629629629632,58,540,0.02365187555551529
PEC,BICC1,0.0,3.1840579509735107,0.0,94.25925925925925,58,540,3.1840579509735107
PEC,ICAM1,0.02965679205954075,0.04952795431017876,1.7241379310344827,2.9629629629629632,58,540,0.019871162250638008
PEC,HAVCR1,0.0,0.14512550830841064,0.0,10.37037037037037,58,540,0.14512550830841064
PEC,TDGF1,0.0,0.0,0.0,0.0,58,540,0.0
PEC,TM7SF3,0.03064543567597866,0.45284104347229004,3.4482758620689653,28.888888888888886,58,540,0.4221956077963114
PEC,CD24,0.02388741262257099,0.42031803727149963,1.7241379310344827,26.111111111111114,58,540,0.39643062464892864
PEC,VCAM1,0.0,0.6836430430412292,0.0,35.37037037037037,58,540,0.6836430430412292
PEC,VIM,1.0512596368789673,0.40203857421875,50.0,24.074074074074073,58,540,-0.6492210626602173
PEC,HOXA9,0.0787629559636116,0.16342738270759583,5.172413793103448,12.592592592592592,58,540,0.08466442674398422
PEC,RGL3,0.0,0.36812224984169006,0.0,24.25925925925926,58,540,0.36812224984169006
PEC,COL1A1,0.019803477451205254,0.04614324867725372,1.7241379310344827,3.3333333333333335,58,540,0.02633977122604847
PEC,JUN,1.875036358833313,0.7074578404426575,74.13793103448276,33.14814814814815,58,540,-1.1675785183906555
PEC,DPEP1,0.015880294144153595,0.09178169816732407,1.7241379310344827,6.111111111111111,58,540,0.07590140402317047
PEC,TCN2,0.048078931868076324,0.0391073077917099,5.172413793103448,3.3333333333333335,58,540,-0.008971624076366425
PEC,OCIAD2,0.16411972045898438,0.09970953315496445,13.793103448275861,7.037037037037037,58,540,-0.06441018730401993
PEC,SOX9,0.0,0.04547720402479172,0.0,2.9629629629629632,58,540,0.04547720402479172
PEC,TWIST1,0.0,0.0022376924753189087,0.0,0.1851851851851852,58,540,0.0022376924753189087
PEC,SNAI1,0.01524492260068655,0.0,1.7241379310344827,0.0,58,540,-0.01524492260068655
PEC,BCAM,0.3389841616153717,0.47770607471466064,12.068965517241379,27.22222222222222,58,540,0.13872191309928894
PEC,CRB2,0.05989815294742584,0.18543873727321625,5.172413793103448,11.666666666666666,58,540,0.1255405843257904
PEC,CCL2,0.0,0.0916304662823677,0.0,5.37037037037037,58,540,0.0916304662823677
PEC,CUBN,0.0159925390034914,0.46544745564460754,1.7241379310344827,23.88888888888889,58,540,0.44945491664111614
PEC,FOS,0.8994242548942566,0.5910487174987793,43.103448275862064,26.111111111111114,58,540,-0.3083755373954773
PEC,ACSF2,0.0,0.29394856095314026,0.0,19.074074074074073,58,540,0.29394856095314026
PEC,SHMT1,0.0,0.4512007534503937,0.0,29.259259259259256,58,540,0.4512007534503937
PEC,AOC1,0.017669791355729103,0.005819323472678661,1.7241379310344827,0.3703703703703704,58,540,-0.011850467883050442
PEC,HNF4A,0.0,0.16085278987884521,0.0,10.37037037037037,58,540,0.16085278987884521
PEC,PROM1,0.0,0.9332275390625,0.0,49.074074074074076,58,540,0.9332275390625
PEC,ACY1,0.03064543567597866,0.0657917782664299,3.4482758620689653,4.074074074074074,58,540,0.03514634259045124
Endo_GC,SLC5A10,0.004819206893444061,0.03315131738781929,0.2809220854333636,1.9309678976587012,12103,4143,0.02833211049437523
Endo_GC,CYFIP2,0.023166626691818237,0.13200950622558594,1.6855325126001817,7.772145788076274,12103,4143,0.1088428795337677
Endo_GC,RELB,0.05101196467876434,0.264940083026886,3.1645046682640667,14.916727009413469,12103,4143,0.21392811834812164
Endo_GC,ACAT1,0.2815006673336029,0.16949495673179626,15.351565727505578,10.596186338402124,12103,4143,-0.11200571060180664
Endo_GC,ARMC7,0.0315171554684639,0.037291042506694794,1.925142526646286,2.365435674631909,12103,4143,0.005773887038230896
Endo_GC,PAX8,0.0183244775980711,0.2683173418045044,1.4624473271089813,15.592565773594014,12103,4143,0.2499928642064333
Endo_GC,ENPEP,0.019288046285510063,0.12952367961406708,1.0410641989589358,6.758387641805455,12103,4143,0.11023563332855701
Endo_GC,IL1RL1,0.07728303223848343,0.0630514845252037,3.296703296703297,3.33091962346126,12103,4143,-0.014231547713279724
Endo_GC,DCN,0.005052174907177687,0.07033036649227142,0.33875898537552673,4.055032585083273,12103,4143,0.06527819158509374
Endo_GC,ALDH8A1,0.009398110210895538,0.03190626949071884,0.5535817565892753,1.7861453053342988,12103,4143,0.022508159279823303
Endo_GC,SLC2A9,0.08452899754047394,0.3156673014163971,3.734611253408246,15.95462225440502,12103,4143,0.23113830387592316
Endo_GC,SLC9A3,0.0010138788493350148,0.01475374773144722,0.06609931421961497,0.8689355539464156,12103,4143,0.013739868882112205
Endo_GC,UMOD,0.04566079378128052,0.2456800490617752,2.2969511691316202,13.685734974656047,12103,4143,0.2000192552804947
Endo_GC,PPARA,0.0330125093460083,0.21509136259555817,2.0408163265306123,12.189234853970552,12103,4143,0.18207885324954987
Endo_GC,AMN,0.021496620029211044,0.024353664368391037,1.222837313062877,1.3275404296403572,12103,4143,0.0028570443391799927
Endo_GC,ACTA2,0.04290163889527321,0.04646514356136322,2.6026604973973395,2.896451846488052,12103,4143,0.0035635046660900116
Endo_GC,KCNJ15,0.02701612561941147,0.16964727640151978,1.4459224985540775,8.761766835626359,12103,4143,0.1426311507821083
Endo_GC,PEPD,0.22006069123744965,0.14489224553108215,12.88936627282492,9.147960415158098,12103,4143,-0.07516844570636749
Endo_GC,TNF,0.07178624719381332,0.0024362029507756233,3.8750722961249275,0.09654839488293508,12103,4143,-0.0693500442430377
Endo_GC,EFHD1,0.022352801635861397,0.10691706091165543,1.3137238701148475,5.986000482741974,12103,4143,0.08456425927579403
Endo_GC,SOST,1.1096020936965942,0.07747939229011536,37.80054531934231,4.537774559497949,12103,4143,-1.0321227014064789
Endo_GC,SLC17A3,0.017443934455513954,0.10989157855510712,0.8427662563000908,5.744629495534637,12103,4143,0.09244764409959316
Endo_GC,ALDOB,0.30706626176834106,0.14435139298439026,11.906138973808146,7.0963070238957275,12103,4143,-0.1627148687839508
Endo_GC,MME,0.029282936826348305,0.16401834785938263,1.5698587127158554,8.32729905865315,12103,4143,0.13473541103303432
Endo_GC,LGALS2,0.04366086423397064,0.012852108106017113,2.2556390977443606,0.8206613565049481,12103,4143,-0.03080875612795353
Endo_GC,BDH2,0.1837710738182068,0.09243680536746979,10.014046104271667,5.672218199372436,12103,4143,-0.091334268450737
Endo_GC,FN1,0.3507785499095917,0.39194464683532715,15.376352970337933,18.07868694182959,12103,4143,0.041166096925735474
Endo_GC,BICC1,0.005683944094926119,0.4010920524597168,0.3718086424853342,19.59932416123582,12103,4143,0.3954081083647907
Endo_GC,ICAM1,0.2736777365207672,0.21288427710533142,13.624721143518137,10.451363746077721,12103,4143,-0.06079345941543579
Endo_GC,HAVCR1,0.0003965478390455246,0.01696493849158287,0.016524828554903743,1.1103065411537534,12103,4143,0.016568390652537346
Endo_GC,TDGF1,0.010271475650370121,0.0007184720598161221,0.9997521275716764,0.04827419744146754,12103,4143,-0.009553003590553999
Endo_GC,TM7SF3,0.1163552850484848,0.29061979055404663,6.981740064446831,17.62008206613565,12103,4143,0.17426450550556183
Endo_GC,CD24,0.058843426406383514,0.18920741975307465,3.726348839130794,10.258266956311852,12103,4143,0.13036399334669113
Endo_GC,VCAM1,0.059490639716386795,0.2360161542892456,3.916384367512187,12.044412261646151,12103,4143,0.1765255145728588
Endo_GC,VIM,1.0430021286010742,0.3644979000091553,36.74295629182847,19.720009654839487,12103,4143,-0.678504228591919
Endo_GC,HOXA9,0.025470472872257233,0.026438815519213676,1.3632983557795586,1.6895969104513637,12103,4143,0.0009683426469564438
Endo_GC,RGL3,0.04870358482003212,0.2630290389060974,2.520036354622821,15.592565773594014,12103,4143,0.2143254540860653
Endo_GC,COL1A1,0.0013690190389752388,0.00979384034872055,0.12393621416177808,0.724112961622013,12103,4143,0.008424821309745312
Endo_GC,JUN,1.674831509590149,0.31590813398361206,56.060480872510944,16.12358194545016,12103,4143,-1.3589233756065369
Endo_GC,DPEP1,0.030879154801368713,0.0338963083922863,1.5037593984962405,1.7137340091720976,12103,4143,0.0030171535909175873
Endo_GC,TCN2,0.14965838193893433,0.07673468440771103,8.758159134098984,5.092927830074824,12103,4143,-0.0729236975312233
Endo_GC,OCIAD2,0.29032179713249207,0.07097571343183517,16.235644055192928,4.5619116582186825,12103,4143,-0.2193460837006569
Endo_GC,SOX9,0.001338818110525608,0.007054649759083986,0.08262414277451871,0.41033067825247405,12103,4143,0.005715831648558378
Endo_GC,TWIST1,0.0003841213183477521,0.0008612527744844556,0.033049657109807486,0.04827419744146754,12103,4143,0.0004771314561367035
Endo_GC,SNAI1,0.09359468519687653,0.007634460460394621,4.8004626951995375,0.4586048756939416,12103,4143,-0.0859602247364819
Endo_GC,BCAM,0.5203840136528015,0.2602180242538452,26.324051887961662,16.244267439053825,12103,4143,-0.2601659893989563
Endo_GC,CRB2,0.0002818221691995859,0.00623449357226491,0.016524828554903743,0.3379193820902728,12103,4143,0.005952671403065324
Endo_GC,CCL2,0.1177196055650711,0.03945223242044449,5.692803437164339,2.365435674631909,12103,4143,-0.07826737314462662
Endo_GC,CUBN,0.06474802643060684,0.5714865922927856,3.280178468148393,26.454260197924214,12103,4143,0.5067385658621788
Endo_GC,FOS,1.041300654411316,0.32325345277786255,34.62777823680079,14.651218923485395,12103,4143,-0.7180472016334534
Endo_GC,ACSF2,0.02635592594742775,0.15889646112918854,1.4376600842766256,8.737629736905623,12103,4143,0.1325405351817608
Endo_GC,SHMT1,0.036525290459394455,0.11706722527742386,2.2556390977443606,6.975621530292059,12103,4143,0.0805419348180294
Endo_GC,AOC1,0.013857233338057995,0.01004053745418787,0.7849293563579277,0.5068790731354091,12103,4143,-0.003816695883870125
Endo_GC,HNF4A,0.008047123439610004,0.06970734894275665,0.44617037098240103,3.692976104272266,12103,4143,0.06166022550314665
Endo_GC,PROM1,0.0027865851297974586,0.08708379417657852,0.16524828554903742,5.4067101134443645,12103,4143,0.08429720904678106
Endo_GC,ACY1,0.07061056792736053,0.036609284579753876,4.0155333388416095,2.1240646874245717,12103,4143,-0.03400128334760666
PT_S1,SLC5A10,0.10148290544748306,0.7019410133361816,7.440568076566842,38.661177734025415,12956,16761,0.6004581078886986
PT_S1,CYFIP2,0.2219308316707611,0.7562891244888306,15.166718122877432,41.17296104051071,12956,16761,0.5343582928180695
PT_S1,RELB,0.005086919292807579,0.034494973719120026,0.33961099104661935,2.1478432074458564,12956,16761,0.029408054426312447
PT_S1,ACAT1,1.4058183431625366,0.34602078795433044,61.716579191108366,21.01306604617863,12956,16761,-1.0597975552082062
PT_S1,ARMC7,0.012154479511082172,0.04310404509305954,0.9648039518369866,2.8339597876021716,12956,16761,0.030949565581977367
PT_S1,PAX8,0.21042348444461823,1.7078725099563599,12.997838839147885,73.29514945408985,12956,16761,1.4974490255117416
PT_S1,ENPEP,0.6159159541130066,1.5473796129226685,33.606051250385924,69.61398484577292,12956,16761,0.9314636588096619
PT_S1,IL1RL1,0.0026785810478031635,0.0019401995232328773,0.1312133374498302,0.11335839150408687,12956,16761,-0.0007383815245702863
PT_S1,DCN,0.005512007512152195,0.06706375628709793,0.33961099104661935,3.8303203866117776,12956,16761,0.061551748774945736
PT_S1,ALDH8A1,0.3822019100189209,0.30715158581733704,24.313059586292066,20.177793687727462,12956,16761,-0.07505032420158386
PT_S1,SLC2A9,0.08329036831855774,2.303673505783081,6.112997838839148,85.35886880257742,12956,16761,2.2203831374645233
PT_S1,SLC9A3,0.010042921639978886,0.26847341656684875,0.7718431614695893,17.069387268062762,12956,16761,0.25843049492686987
PT_S1,UMOD,0.09994594752788544,0.184064120054245,4.824019759184934,9.122367400513095,12956,16761,0.08411817252635956
PT_S1,PPARA,0.24914701282978058,1.8249406814575195,16.3553565915406,77.98460712367998,12956,16761,1.575793668627739
PT_S1,AMN,0.6072238683700562,0.4113765358924866,34.44736029638777,25.165562913907287,12956,16761,-0.19584733247756958
PT_S1,ACTA2,0.01599445752799511,0.009902452118694782,1.1423278789749922,0.5190621084660819,12956,16761,-0.006092005409300327
PT_S1,KCNJ15,0.8697621822357178,1.8500794172286987,43.40845940104971,73.50396754370264,12956,16761,0.980317234992981
PT_S1,PEPD,1.550195336341858,0.853134036064148,65.89996912627353,46.93634031382376,12956,16761,-0.69706130027771
PT_S1,TNF,0.005261687096208334,0.0001322509633610025,0.30101883297313986,0.005966231131794045,12956,16761,-0.0051294361328473315
PT_S1,EFHD1,0.20455558598041534,0.39611050486564636,14.317690645260884,23.572579201718273,12956,16761,0.19155491888523102
PT_S1,SOST,0.01006257999688387,0.0022804783657193184,0.5480086446434085,0.131257084899469,12956,16761,-0.007782101631164551
PT_S1,SLC17A3,0.5555130243301392,1.1411620378494263,31.33683235566533,56.243660879422464,12956,16761,0.5856490135192871
PT_S1,ALDOB,4.40020751953125,1.5521575212478638,97.82340228465576,64.80520255354692,12956,16761,-2.8480499982833862
PT_S1,MME,1.0717570781707764,2.2682836055755615,50.28558196974375,84.38637312809499,12956,16761,1.1965265274047852
PT_S1,LGALS2,1.4931560754776,0.13025426864624023,65.18215498610682,8.388520971302428,12956,16761,-1.3629018068313599
PT_S1,BDH2,1.0657522678375244,0.3110311031341553,51.736647113306574,19.658731579261378,12956,16761,-0.7547211647033691
PT_S1,FN1,0.009902887977659702,0.010255307890474796,0.5248533497993207,0.5787244197840224,12956,16761,0.000352419912815094
PT_S1,BICC1,0.15481191873550415,2.2031748294830322,10.736338376041989,81.5643458027564,12956,16761,2.048362910747528
PT_S1,ICAM1,0.010203867219388485,0.018033716827630997,0.5943192343315838,1.0023268301413997,12956,16761,0.007829849608242512
PT_S1,HAVCR1,0.0007265629828907549,0.03943561390042305,0.05402902130287125,2.7027027027027026,12956,16761,0.038709050917532295
PT_S1,TDGF1,0.0006445583421736956,0.0010408867383375764,0.05402902130287125,0.0656285424497345,12956,16761,0.0003963283961638808
PT_S1,TM7SF3,0.5544858574867249,0.7865091562271118,32.21673355974066,43.3804665592745,12956,16761,0.23202329874038696
PT_S1,CD24,0.41608160734176636,0.2596660554409027,24.104661932695276,13.972913310661655,12956,16761,-0.15641555190086365
PT_S1,VCAM1,0.11147081106901169,0.1520329713821411,7.571781414016672,9.18799594296283,12956,16761,0.040562160313129425
PT_S1,VIM,0.09800290316343307,0.035829175263643265,5.456931151589997,1.950957580096653,12956,16761,-0.06217372789978981
PT_S1,HOXA9,0.1392883062362671,0.17066827416419983,9.671194813213955,11.019628900423603,12956,16761,0.03137996792793274
PT_S1,RGL3,0.008863335475325584,0.288762629032135,0.4476690336523618,17.600381838792433,12956,16761,0.2798992935568094
PT_S1,COL1A1,0.0010135319316759706,0.003715686732903123,0.06946588453226304,0.22671678300817374,12956,16761,0.0027021548012271523
PT_S1,JUN,0.14964789152145386,0.07650640606880188,7.3788206236492755,3.65729968378975,12956,16761,-0.07314148545265198
PT_S1,DPEP1,1.2491657733917236,0.9715048670768738,56.22877431305958,51.697392756995406,12956,16761,-0.27766090631484985
PT_S1,TCN2,0.31133508682250977,0.11522012948989868,20.021611608521148,8.030547103394786,12956,16761,-0.19611495733261108
PT_S1,OCIAD2,1.3000165224075317,0.29947012662887573,59.385612843470206,18.912952687787126,12956,16761,-1.000546395778656
PT_S1,SOX9,0.016996681690216064,0.0391024686396122,1.227230626736647,2.523715768748881,12956,16761,0.022105786949396133
PT_S1,TWIST1,0.00020736567967105657,0.002117007039487362,0.015436863229391787,0.1431895471630571,12956,16761,0.0019096413598163053
PT_S1,SNAI1,0.0024817714001983404,9.156891610473394e-05,0.1389317690645261,0.005966231131794045,12956,16761,-0.0023902024840936065
PT_S1,BCAM,0.08891197293996811,0.12044345587491989,6.452608829885767,6.813435952508801,12956,16761,0.03153148293495178
PT_S1,CRB2,0.00012881733709946275,0.007683564443141222,0.007718431614695894,0.43553487262096535,12956,16761,0.007554747106041759
PT_S1,CCL2,0.011544035747647285,0.009412853978574276,0.6097560975609756,0.5548594952568463,12956,16761,-0.0021311817690730095
PT_S1,CUBN,1.6364997625350952,3.753387689590454,61.77060821241124,98.54423960384226,12956,16761,2.116887927055359
PT_S1,FOS,0.17085660994052887,0.09659463912248611,8.32818771225687,4.6596265139311495,12956,16761,-0.07426197081804276
PT_S1,ACSF2,0.4402916431427002,1.6049914360046387,26.620870639086135,72.47777578903407,12956,16761,1.1646997928619385
PT_S1,SHMT1,0.8021650910377502,0.847295343875885,42.2892868169188,46.900542927032994,12956,16761,0.045130252838134766
PT_S1,AOC1,0.4634552001953125,0.057726502418518066,27.48533497993208,3.5678062168128397,12956,16761,-0.40572869777679443
PT_S1,HNF4A,0.3235709071159363,1.0725816488265991,20.407533189255943,54.53731877572937,12956,16761,0.7490107417106628
PT_S1,PROM1,0.004126701503992081,0.052766624838113785,0.2469898116702686,3.084541495137522,12956,16761,0.048639923334121704
PT_S1,ACY1,1.1899240016937256,0.4269281327724457,55.6498919419574,26.215619593103035,12956,16761,-0.7629958689212799
PT_S2,SLC5A10,0.25518372654914856,1.167967677116394,16.770282872241218,60.802251935256855,6434,7105,0.9127839505672455
PT_S2,CYFIP2,0.273468554019928,0.8855983018875122,18.12247435498912,48.55735397607319,6434,7105,0.6121297478675842
PT_S2,RELB,0.005066923331469297,0.04321511462330818,0.3885607709045695,2.800844475721323,6434,7105,0.038148191291838884
PT_S2,ACAT1,1.6181825399398804,0.40631988644599915,67.81162573826546,25.784658691062635,6434,7105,-1.2118626534938812
PT_S2,ARMC7,0.01573927141726017,0.04680103436112404,1.2123096052222568,3.2090077410274453,6434,7105,0.03106176294386387
PT_S2,PAX8,0.27690452337265015,1.8968455791473389,15.60460055952751,80.15482054890923,6434,7105,1.6199410557746887
PT_S2,ENPEP,0.5649025440216064,1.5773265361785889,31.442337581597762,72.35749472202674,6434,7105,1.0124239921569824
PT_S2,IL1RL1,0.002265116199851036,0.0031440514139831066,0.10879701585327944,0.18296973961998592,6434,7105,0.0008789352141320705
PT_S2,DCN,0.007415824104100466,0.059435803443193436,0.45073049424930056,3.490499648135116,6434,7105,0.05201997933909297
PT_S2,ALDH8A1,0.4085146486759186,0.3317995071411133,26.06465651227852,22.603800140745953,6434,7105,-0.0767151415348053
PT_S2,SLC2A9,0.11688682436943054,2.4519643783569336,8.206403481504507,88.19141449683322,6434,7105,2.335077553987503
PT_S2,SLC9A3,0.012433018535375595,0.31879663467407227,0.777121541809139,20.717804363124557,6434,7105,0.30636361613869667
PT_S2,UMOD,0.04294716566801071,0.2350722700357437,1.9894311470313957,11.344123856439127,6434,7105,0.192125104367733
PT_S2,PPARA,0.2810855805873871,1.8992738723754883,17.189928504818152,81.42153413089373,6434,7105,1.6181882917881012
PT_S2,AMN,0.6430782675743103,0.46694374084472656,36.664594342555176,29.767769176636172,6434,7105,-0.17613452672958374
PT_S2,ACTA2,0.015887483954429626,0.007735729683190584,1.0879701585327946,0.422237860661506,6434,7105,-0.008151754271239042
PT_S2,KCNJ15,0.8323706984519958,1.9711943864822388,42.259869443580975,76.62209711470796,6434,7105,1.138823688030243
PT_S2,PEPD,1.6590797901153564,0.9643700122833252,68.47995026422133,53.56790992258973,6434,7105,-0.6947097778320312
PT_S2,TNF,0.0066734845750033855,0.0005603007739409804,0.3263910475598384,0.028149190710767064,6434,7105,-0.006113183801062405
PT_S2,EFHD1,0.2352272868156433,0.4627203345298767,16.101958346285357,28.458831808585504,6434,7105,0.2274930477142334
PT_S2,SOST,0.015451709739863873,0.0026485128328204155,0.7615791109729562,0.1688951442646024,6434,7105,-0.012803196907043457
PT_S2,SLC17A3,0.4855019152164459,1.1326327323913574,28.054087659309918,57.64954257565095,6434,7105,0.6471308171749115
PT_S2,ALDOB,4.448903560638428,1.5693695545196533,97.07802300279764,66.1505981703026,6434,7105,-2.8795340061187744
PT_S2,MME,0.9695872068405151,2.085054636001587,46.64283493938452,81.39338494018297,6434,7105,1.1154674291610718
PT_S2,LGALS2,1.2983160018920898,0.12133290618658066,59.57413739508859,8.416608022519352,6434,7105,-1.1769830957055092
PT_S2,BDH2,1.2506592273712158,0.31978893280029297,58.19086105066833,21.92821956368754,6434,7105,-0.9308702945709229
PT_S2,FN1,0.003024033270776272,0.0114655876532197,0.17096673919801056,0.6474313863476424,6434,7105,0.008441554382443428
PT_S2,BICC1,0.1878269612789154,2.3946175575256348,12.6359962698166,86.03800140745953,6434,7105,2.2067905962467194
PT_S2,ICAM1,0.0061779203824698925,0.016099311411380768,0.419645632576935,0.9711470795214637,6434,7105,0.009921391028910875
PT_S2,HAVCR1,0.0007033055881038308,0.06186412274837494,0.046627292508548336,4.3209007741027445,6434,7105,0.06116081716027111
PT_S2,TDGF1,0.0005098760011605918,0.002033897442743182,0.031084861672365557,0.14074595355383532,6434,7105,0.0015240214415825903
PT_S2,TM7SF3,0.5573556423187256,0.8053401708602905,32.88778364936276,45.6439127375088,6434,7105,0.24798452854156494
PT_S2,CD24,0.3539840877056122,0.23438630998134613,21.09107864470003,12.962702322308234,6434,7105,-0.11959777772426605
PT_S2,VCAM1,0.10567877441644669,0.15856361389160156,7.367112216350637,9.880365939479239,6434,7105,0.05288483947515488
PT_S2,VIM,0.13390757143497467,0.03615647926926613,7.740130556419024,1.9422941590429275,6434,7105,-0.09775109216570854
PT_S2,HOXA9,0.12719561159610748,0.145803302526474,8.921355299968916,10.021111893033076,6434,7105,0.018607690930366516
PT_S2,RGL3,0.009226624853909016,0.31155142188072205,0.3730183400683867,19.788881069669248,6434,7105,0.30232479702681303
PT_S2,COL1A1,0.0015168508980423212,0.0057929209433496,0.09325458501709667,0.3518648838845883,6434,7105,0.004276070045307279
PT_S2,JUN,0.12472492456436157,0.06582039594650269,6.372396642834939,3.293455313159747,6434,7105,-0.05890452861785889
PT_S2,DPEP1,0.9147685766220093,0.8603134751319885,45.60149207336027,49.45812807881773,6434,7105,-0.05445510149002075
PT_S2,TCN2,0.2267899513244629,0.11322023719549179,15.822194591234068,8.444757213230119,6434,7105,-0.1135697141289711
PT_S2,OCIAD2,1.2683550119400024,0.3265193998813629,58.28411563568542,21.87192118226601,6434,7105,-0.9418356120586395
PT_S2,SOX9,0.02775000035762787,0.04859146848320961,1.8495492695057507,3.3216045038705135,6434,7105,0.02084146812558174
PT_S2,TWIST1,7.347092468990013e-05,0.0015323783736675978,0.015542430836182779,0.11259676284306826,6434,7105,0.0014589074489776976
PT_S2,SNAI1,0.0028604662511497736,0.0,0.17096673919801056,0.0,6434,7105,-0.0028604662511497736
PT_S2,BCAM,0.07793796062469482,0.10567744076251984,5.735156978551446,6.305418719211822,6434,7105,0.027739480137825012
PT_S2,CRB2,0.0,0.006476900540292263,0.0,0.422237860661506,6434,7105,0.006476900540292263
PT_S2,CCL2,0.006434844806790352,0.007856939919292927,0.3730183400683867,0.49261083743842365,6434,7105,0.001422095112502575
PT_S2,CUBN,1.704093337059021,3.780771017074585,63.64625427416848,98.7192118226601,6434,7105,2.076677680015564
PT_S2,FOS,0.14964954555034637,0.07752890139818192,7.4137395088591855,3.8564391273750878,6434,7105,-0.07212064415216446
PT_S2,ACSF2,0.4826832115650177,1.743191123008728,28.473733291886848,77.76213933849402,6434,7105,1.2605079114437103
PT_S2,SHMT1,0.8760570883750916,0.8950502276420593,45.55486478085172,51.28782547501759,6434,7105,0.018993139266967773
PT_S2,AOC1,0.44446468353271484,0.061830613762140274,27.028287224121854,4.109781843771992,6434,7105,-0.38263406977057457
PT_S2,HNF4A,0.36597639322280884,1.1333354711532593,22.769661175007773,59.21182266009852,6434,7105,0.7673590779304504
PT_S2,PROM1,0.0014799499185755849,0.06336414068937302,0.0777121541809139,3.842364532019704,6434,7105,0.06188419077079743
PT_S2,ACY1,1.389288067817688,0.5551154017448425,62.15418091389493,34.46868402533427,6434,7105,-0.8341726660728455
PT_S3,SLC5A10,0.4045370817184448,1.33480966091156,25.090622537431045,69.02614279162208,6345,6541,0.9302725791931152
PT_S3,CYFIP2,0.2931934595108032,0.9774882793426514,19.18045705279748,54.45650512154104,6345,6541,0.6842948198318481
PT_S3,RELB,0.007811570540070534,0.05414280295372009,0.5516154452324665,4.204250114661367,6345,6541,0.04633123241364956
PT_S3,ACAT1,1.7680799961090088,0.4812852740287781,71.06382978723404,31.600672680018345,6345,6541,-1.2867947220802307
PT_S3,ARMC7,0.012437723577022552,0.04402797669172287,0.9141055949566588,3.577434643020945,6345,6541,0.03159025311470032
PT_S3,PAX8,0.23857682943344116,2.10029935836792,14.121355397951143,85.73612597462161,6345,6541,1.8617225289344788
PT_S3,ENPEP,0.5193721652030945,1.2940493822097778,29.897557131599683,64.57728176119859,6345,6541,0.7746772170066833
PT_S3,IL1RL1,0.0033111160155385733,0.0009009489440359175,0.2048857368006304,0.06115272894052897,6345,6541,-0.0024101670715026557
PT_S3,DCN,0.008069898933172226,0.04934106394648552,0.4885736800630418,3.0576364470264483,6345,6541,0.04127116501331329
PT_S3,ALDH8A1,0.46100422739982605,0.4285353720188141,28.447596532702917,29.659073536156548,6345,6541,-0.03246885538101196
PT_S3,SLC2A9,0.1786072999238968,2.537841796875,11.757289204097715,88.02935330989146,6345,6541,2.359234496951103
PT_S3,SLC9A3,0.015182300470769405,0.30930349230766296,1.0874704491725768,21.892676960709373,6345,6541,0.29412119183689356
PT_S3,UMOD,0.07260515540838242,0.47621598839759827,3.38849487785658,23.406207001987465,6345,6541,0.40361083298921585
PT_S3,PPARA,0.25262540578842163,1.8473689556121826,15.94956658786446,82.47974315853845,6345,6541,1.594743549823761
PT_S3,AMN,0.7948612570762634,0.4595816135406494,42.269503546099294,31.493655404372422,6345,6541,-0.335279643535614
PT_S3,ACTA2,0.016635145992040634,0.010842280462384224,1.1505122143420015,0.6115272894052898,6345,6541,-0.00579286552965641
PT_S3,KCNJ15,0.7434746623039246,2.072672128677368,38.849487785658,79.26922488916068,6345,6541,1.3291974663734436
PT_S3,PEPD,1.6442055702209473,0.9978287220001221,68.85736800630417,57.422412475156705,6345,6541,-0.6463768482208252
PT_S3,TNF,0.008462506346404552,0.0,0.425531914893617,0.0,6345,6541,-0.008462506346404552
PT_S3,EFHD1,0.22266912460327148,0.6050485968589783,15.303388494877856,37.60892829842531,6345,6541,0.3823794722557068
PT_S3,SOST,0.011566844768822193,0.0032529321033507586,0.6461780929866036,0.19874636905671916,6345,6541,-0.008313912665471435
PT_S3,SLC17A3,0.41311579942703247,0.7571752667427063,24.38140267927502,42.86806298731081,6345,6541,0.34405946731567383
PT_S3,ALDOB,4.041025638580322,1.2697334289550781,93.93223010244287,55.1903378688274,6345,6541,-2.771292209625244
PT_S3,MME,0.7633231282234192,1.5405875444412231,39.32230102442868,68.52163277786272,6345,6541,0.777264416217804
PT_S3,LGALS2,1.1033800840377808,0.12542162835597992,53.522458628841605,9.234062070019874,6345,6541,-0.9779584556818008
PT_S3,BDH2,1.30579674243927,0.3479773998260498,60.8983451536643,24.889160678795292,6345,6541,-0.9578193426132202
PT_S3,FN1,0.0038274594116955996,0.02007291652262211,0.18912529550827423,1.1466136676349181,6345,6541,0.01624545711092651
PT_S3,BICC1,0.21134258806705475,2.7304861545562744,13.853427895981088,91.89726341537991,6345,6541,2.5191435664892197
PT_S3,ICAM1,0.007282130420207977,0.013140933588147163,0.4570527974783294,0.9172909341079345,6345,6541,0.005858803167939186
PT_S3,HAVCR1,0.0014586083125323057,0.1798570305109024,0.1260835303388495,12.979666717627275,6345,6541,0.1783984221983701
PT_S3,TDGF1,0.0007866840460337698,0.003134720725938678,0.06304176516942475,0.22932273352698362,6345,6541,0.002348036679904908
PT_S3,TM7SF3,0.4744500517845154,0.8145576119422913,28.857368006304174,49.09035315700963,6345,6541,0.3401075601577759
PT_S3,CD24,0.4911407232284546,0.2774903178215027,28.242710795902287,16.48066044947256,6345,6541,-0.2136504054069519
PT_S3,VCAM1,0.08846970647573471,0.14216718077659607,5.78408195429472,9.050603883198288,6345,6541,0.05369747430086136
PT_S3,VIM,0.30230098962783813,0.05403129383921623,16.32781717888101,3.1035009937318456,6345,6541,-0.2482696957886219
PT_S3,HOXA9,0.1205022782087326,0.12372066080570221,8.132387706855793,8.92829842531723,6345,6541,0.0032183825969696045
PT_S3,RGL3,0.011662131175398827,0.33940503001213074,0.5358550039401103,22.62650970799572,6345,6541,0.3277428988367319
PT_S3,COL1A1,0.0020406474359333515,0.004327953327447176,0.14184397163120568,0.3669163736431738,6345,6541,0.0022873058915138245
PT_S3,JUN,0.3148762583732605,0.07419842481613159,13.01812450748621,3.776181012077664,6345,6541,-0.2406778335571289
PT_S3,DPEP1,0.6249229311943054,0.6212204098701477,34.026792750197004,39.79513835804923,6345,6541,-0.003702521324157715
PT_S3,TCN2,0.21628151834011078,0.1108580231666565,15.271867612293144,8.79070478520104,6345,6541,-0.10542349517345428
PT_S3,OCIAD2,1.2747552394866943,0.35172349214553833,59.70055161544523,25.07261886561688,6345,6541,-0.923031747341156
PT_S3,SOX9,0.03200754150748253,0.04928584024310112,1.9227738376674548,4.036080110074912,6345,6541,0.01727829873561859
PT_S3,TWIST1,0.0,0.0030634014401584864,0.0,0.21403455129185142,6345,6541,0.0030634014401584864
PT_S3,SNAI1,0.0020422539673745632,0.0,0.11032308904649331,0.0,6345,6541,-0.0020422539673745632
PT_S3,BCAM,0.1091541200876236,0.1366993933916092,7.84869976359338,8.98945115425776,6345,6541,0.027545273303985596
PT_S3,CRB2,0.0003583791549317539,0.007588997483253479,0.031520882584712376,0.5962391071701575,6345,6541,0.007230618328321725
PT_S3,CCL2,0.010970346629619598,0.008166552521288395,0.6146572104018913,0.48922183152423176,6345,6541,-0.0028037941083312035
PT_S3,CUBN,1.6943496465682983,3.829991340637207,62.69503546099291,98.3335881363706,6345,6541,2.1356416940689087
PT_S3,FOS,0.31418031454086304,0.06032216176390648,13.869188337273444,2.9811955358507873,6345,6541,-0.25385815277695656
PT_S3,ACSF2,0.46301016211509705,1.7088688611984253,27.97478329393223,76.91484482495031,6345,6541,1.2458586990833282
PT_S3,SHMT1,0.8514719009399414,0.919255256652832,45.248226950354606,55.358507873413856,6345,6541,0.06778335571289062
PT_S3,AOC1,0.3622545897960663,0.05457667261362076,22.26950354609929,3.6844519186668707,6345,6541,-0.3076779171824455
PT_S3,HNF4A,0.32580265402793884,1.137290596961975,20.33096926713948,61.901849870050455,6345,6541,0.8114879429340363
PT_S3,PROM1,0.004948298912495375,0.19252611696720123,0.2994483845547675,11.940070325638281,6345,6541,0.18757781805470586
PT_S3,ACY1,1.8367849588394165,0.8817845582962036,71.6942474389283,51.138969576517354,6345,6541,-0.9550004005432129
iPT,SLC5A10,0.16016550362110138,0.16545601189136505,8.748615725359912,10.947667742111882,903,18287,0.005290508270263672
iPT,CYFIP2,0.17084521055221558,0.32963573932647705,10.631229235880399,20.725105266035982,903,18287,0.15879052877426147
iPT,RELB,0.043122824281454086,0.2516317069530487,3.433001107419712,16.755071909006396,903,18287,0.20850888267159462
iPT,ACAT1,0.7069207429885864,0.24431145191192627,32.115171650055366,16.175425165418055,903,18287,-0.46260929107666016
iPT,ARMC7,0.027259644120931625,0.061797477304935455,2.104097452934662,4.817630010389895,903,18287,0.03453783318400383
iPT,PAX8,0.5057302117347717,1.866318702697754,19.93355481727575,75.4415705145732,903,18287,1.3605884909629822
iPT,ENPEP,0.6005078554153442,0.75516277551651,27.57475083056478,40.61901897522831,903,18287,0.15465492010116577
iPT,IL1RL1,0.024574194103479385,0.0051916721276938915,1.550387596899225,0.2952917372997211,903,18287,-0.019382521975785494
iPT,DCN,0.03017416037619114,0.06716245412826538,1.6611295681063125,3.7950456608519714,903,18287,0.03698829375207424
iPT,ALDH8A1,0.19339151680469513,0.11458525061607361,11.960132890365449,8.11505441023678,903,18287,-0.07880626618862152
iPT,SLC2A9,0.0928926020860672,1.67483651638031,5.758582502768549,69.02717777656258,903,18287,1.5819439142942429
iPT,SLC9A3,0.009115592576563358,0.055528443306684494,0.4429678848283499,3.9372231639962814,903,18287,0.046412850730121136
iPT,UMOD,0.1584826111793518,0.08581214398145676,7.087486157253599,4.8449718379176465,903,18287,-0.07267046719789505
iPT,PPARA,0.2201014757156372,0.6943084597587585,11.184939091915837,39.72767539782359,903,18287,0.47420698404312134
iPT,AMN,0.5968984365463257,0.16180162131786346,27.464008859357698,10.439109750095696,903,18287,-0.4350968152284622
iPT,ACTA2,0.03139806166291237,0.03952370211482048,1.8826135105204873,2.4552961119921255,903,18287,0.008125640451908112
iPT,KCNJ15,0.69553542137146,1.1597176790237427,29.67884828349945,53.36031060316071,903,18287,0.4641822576522827
iPT,PEPD,0.6792788505554199,0.28902769088745117,31.33997785160576,18.647126373926834,903,18287,-0.39025115966796875
iPT,TNF,0.02833430841565132,0.006793122738599777,1.9933554817275747,0.3718488543774266,903,18287,-0.021541185677051544
iPT,EFHD1,0.10459170490503311,0.2066195011138916,6.2015503875969,13.326406737026304,903,18287,0.10202779620885849
iPT,SOST,0.03426370024681091,0.0007121469243429601,1.6611295681063125,0.03827855853885274,903,18287,-0.03355155332246795
iPT,SLC17A3,0.4017327129840851,0.5086154937744141,18.49390919158361,27.243396948652048,903,18287,0.10688278079032898
iPT,ALDOB,1.9857512712478638,0.11122411489486694,52.93466223698782,5.342593098922732,903,18287,-1.8745271563529968
iPT,MME,0.6596558094024658,0.3163009285926819,28.460686600221486,17.870618472138677,903,18287,-0.34335488080978394
iPT,LGALS2,0.5264484882354736,0.07059312611818314,24.916943521594686,4.861376934434298,903,18287,-0.4558553621172905
iPT,BDH2,0.5351351499557495,0.15355072915554047,26.356589147286826,10.477388308634549,903,18287,-0.38158442080020905
iPT,FN1,0.01503660622984171,0.04591435566544533,0.8859357696566998,2.4990430360365288,903,18287,0.03087774943560362
iPT,BICC1,0.2949698865413666,2.9837868213653564,14.728682170542637,89.28747197462678,903,18287,2.68881693482399
iPT,ICAM1,0.03928041085600853,0.07921335846185684,3.10077519379845,5.249630885328376,903,18287,0.03993294760584831
iPT,HAVCR1,0.0076005426235497,0.49842730164527893,0.4429678848283499,29.129983048066933,903,18287,0.49082675902172923
iPT,TDGF1,0.0,0.001434862264432013,0.0,0.07655711707770547,903,18287,0.001434862264432013
iPT,TM7SF3,0.3576134145259857,0.5938339233398438,18.826135105204873,35.724831847760704,903,18287,0.23622050881385803
iPT,CD24,0.5725071430206299,0.47002047300338745,26.356589147286826,26.86061136326352,903,18287,-0.10248667001724243
iPT,VCAM1,0.35984987020492554,0.6206187009811401,15.946843853820598,31.35013944332039,903,18287,0.2607688307762146
iPT,VIM,0.6713718771934509,0.26961931586265564,29.568106312292358,16.038716027779294,903,18287,-0.4017525613307953
iPT,HOXA9,0.0944105014204979,0.14620602130889893,5.869324473975636,10.685186197845464,903,18287,0.05179551988840103
iPT,RGL3,0.03900511935353279,0.4086796045303345,2.104097452934662,26.237217695630775,903,18287,0.3696744851768017
iPT,COL1A1,0.0052170706912875175,0.0434919036924839,0.6644518272425249,3.209930551758079,903,18287,0.038274833001196384
iPT,JUN,0.9296181797981262,0.3189532458782196,35.437430786267996,16.21370372395691,903,18287,-0.6106649339199066
iPT,DPEP1,0.5302413105964661,0.29924675822257996,24.695459579180508,18.1877836714606,903,18287,-0.2309945523738861
iPT,TCN2,0.20701096951961517,0.05569162219762802,12.956810631229235,4.019248646579538,903,18287,-0.15131934732198715
iPT,OCIAD2,0.6690797805786133,0.2609257996082306,32.00442967884828,16.77147700552305,903,18287,-0.4081539809703827
iPT,SOX9,0.07791174203157425,0.14759254455566406,4.651162790697675,9.36184174550227,903,18287,0.06968080252408981
iPT,TWIST1,0.0,0.0028228028677403927,0.0,0.1859244271887133,903,18287,0.0028228028677403927
iPT,SNAI1,0.01479586772620678,0.0005727415555156767,1.3289036544850499,0.03281019303330235,903,18287,-0.014223126170691103
iPT,BCAM,0.16193945705890656,0.16393247246742249,8.748615725359912,10.860173894023077,903,18287,0.00199301540851593
iPT,CRB2,0.012964888475835323,0.015394964255392551,0.9966777408637874,1.0116476185268224,903,18287,0.002430075779557228
iPT,CCL2,0.04274836927652359,0.049583397805690765,2.3255813953488373,3.177120358724777,903,18287,0.006835028529167175
iPT,CUBN,1.3416492938995361,1.0947481393814087,47.39756367663344,44.118772898780556,903,18287,-0.24690115451812744
iPT,FOS,0.7313185930252075,0.1615174561738968,29.67884828349945,7.54087603215399,903,18287,-0.5698011368513107
iPT,ACSF2,0.36048829555511475,0.44361788034439087,17.386489479512733,26.373926833269536,903,18287,0.08312958478927612
iPT,SHMT1,0.34546953439712524,0.47360166907310486,18.161683277962346,29.944769508393943,903,18287,0.12813213467597961
iPT,AOC1,0.20726487040519714,0.014758455567061901,11.517165005537098,1.017115984032373,903,18287,-0.19250641483813524
iPT,HNF4A,0.20309889316558838,0.2920553982257843,10.631229235880399,17.804998086072075,903,18287,0.08895650506019592
iPT,PROM1,0.02911224402487278,0.8935425281524658,1.8826135105204873,44.92262262809646,903,18287,0.864430284127593
iPT,ACY1,0.6057016849517822,0.09577071666717529,27.131782945736433,6.113632635205337,903,18287,-0.5099309682846069
Des-Thin_Limb,SLC5A10,0.09411849081516266,0.33945000171661377,5.320813771517996,16.142918639690055,639,2323,0.2453315109014511
Des-Thin_Limb,CYFIP2,0.17008188366889954,0.5705813765525818,9.859154929577464,27.249246663796818,639,2323,0.40049949288368225
Des-Thin_Limb,RELB,0.015353416092693806,0.09825462102890015,1.4084507042253522,4.864399483426603,639,2323,0.08290120493620634
Des-Thin_Limb,ACAT1,0.8765832781791687,0.2895965874195099,39.436619718309856,13.990529487731381,639,2323,-0.5869866907596588
Des-Thin_Limb,ARMC7,0.012856758199632168,0.06737470626831055,0.9389671361502347,3.4438226431338785,639,2323,0.05451794806867838
Des-Thin_Limb,PAX8,0.21672041714191437,1.1960128545761108,10.954616588419405,51.14076625053809,639,2323,0.9792924374341965
Des-Thin_Limb,ENPEP,0.3297797739505768,0.7930442094802856,16.588419405320813,35.55746879035729,639,2323,0.46326443552970886
Des-Thin_Limb,IL1RL1,0.003438804065808654,0.01545614842325449,0.3129890453834116,0.7748600947051227,639,2323,0.012017344357445836
Des-Thin_Limb,DCN,0.032814767211675644,0.16590148210525513,2.0344287949921753,7.705553164012054,639,2323,0.13308671489357948
Des-Thin_Limb,ALDH8A1,0.16743046045303345,0.11774677783250809,8.92018779342723,6.026689625484288,639,2323,-0.04968368262052536
Des-Thin_Limb,SLC2A9,0.03910075128078461,1.1986163854599,2.190923317683881,49.634093844167026,639,2323,1.1595156341791153
Des-Thin_Limb,SLC9A3,0.002899209503084421,0.11529990285634995,0.1564945226917058,5.983641842445114,639,2323,0.11240069335326552
Des-Thin_Limb,UMOD,0.20273274183273315,0.31714653968811035,8.294209702660407,13.646147223417996,639,2323,0.1144137978553772
Des-Thin_Limb,PPARA,0.12783032655715942,1.097527027130127,7.042253521126761,48.2135170038743,639,2323,0.9696967005729675
Des-Thin_Limb,AMN,0.3292787969112396,0.24610556662082672,16.275430359937403,11.622901420576842,639,2323,-0.0831732302904129
Des-Thin_Limb,ACTA2,0.030008237808942795,0.022772442549467087,1.8779342723004695,1.076194575979337,639,2323,-0.007235795259475708
Des-Thin_Limb,KCNJ15,0.44317808747291565,1.2095081806182861,21.439749608763695,50.925527335342224,639,2323,0.7663300931453705
Des-Thin_Limb,PEPD,0.8988292217254639,0.3620966970920563,40.845070422535215,17.606543263021955,639,2323,-0.5367325246334076
Des-Thin_Limb,TNF,0.10690095275640488,0.0015437242109328508,6.103286384976526,0.12914334911752046,639,2323,-0.10535722854547203
Des-Thin_Limb,EFHD1,0.19514517486095428,0.44119322299957275,10.172143974960877,21.222557038312527,639,2323,0.24604804813861847
Des-Thin_Limb,SOST,0.05782217159867287,0.0054662576876580715,3.1298904538341157,0.2582866982350409,639,2323,-0.052355913911014795
Des-Thin_Limb,SLC17A3,0.2899307608604431,0.6140596270561218,14.553990610328638,27.851915626345242,639,2323,0.3241288661956787
Des-Thin_Limb,ALDOB,3.069523811340332,0.7378774285316467,78.71674491392801,30.606973740852343,639,2323,-2.3316463828086853
Des-Thin_Limb,MME,0.5689946413040161,1.151594638824463,25.821596244131456,48.60094705122686,639,2323,0.5825999975204468
Des-Thin_Limb,LGALS2,0.6739108562469482,0.06825198233127594,30.672926447574334,3.142488161859664,639,2323,-0.6056588739156723
Des-Thin_Limb,BDH2,0.6567186117172241,0.19402682781219482,30.829420970266042,9.298321136461473,639,2323,-0.4626917839050293
Des-Thin_Limb,FN1,0.06040852516889572,0.051861364394426346,3.599374021909233,2.410675850193715,639,2323,-0.008547160774469376
Des-Thin_Limb,BICC1,0.1802666187286377,1.8257712125778198,9.702660406885759,65.38958243650453,639,2323,1.6455045938491821
Des-Thin_Limb,ICAM1,0.037267569452524185,0.017956435680389404,2.3474178403755865,0.8609556607834696,639,2323,-0.01931113377213478
Des-Thin_Limb,HAVCR1,0.0,0.06924906373023987,0.0,3.4438226431338785,639,2323,0.06924906373023987
Des-Thin_Limb,TDGF1,0.006810525432229042,0.001989031909033656,0.3129890453834116,0.08609556607834697,639,2323,-0.004821493523195386
Des-Thin_Limb,TM7SF3,0.3275563418865204,0.46627622842788696,17.214397496087635,22.298751614291863,639,2323,0.13871988654136658
Des-Thin_Limb,CD24,0.6170424222946167,0.6919021010398865,28.951486697965574,31.123547137322426,639,2323,0.07485967874526978
Des-Thin_Limb,VCAM1,0.08254456520080566,0.22039923071861267,4.381846635367762,10.589754627636678,639,2323,0.137854665517807
Des-Thin_Limb,VIM,0.46267446875572205,0.11470366269350052,20.50078247261346,5.424020662935859,639,2323,-0.3479708060622215
Des-Thin_Limb,HOXA9,0.06334519386291504,0.13634437322616577,4.225352112676056,6.8445975032285835,639,2323,0.07299917936325073
Des-Thin_Limb,RGL3,0.03794942796230316,0.45698511600494385,1.8779342723004695,21.825226000860955,639,2323,0.4190356880426407
Des-Thin_Limb,COL1A1,0.011794700287282467,0.016185753047466278,1.4084507042253522,0.8179078777442962,639,2323,0.004391052760183811
Des-Thin_Limb,JUN,0.9119545221328735,0.213854119181633,35.36776212832551,9.857942315970728,639,2323,-0.6981004029512405
Des-Thin_Limb,DPEP1,0.6239128112792969,0.5003111958503723,27.856025039123633,23.288850624192854,639,2323,-0.12360161542892456
Des-Thin_Limb,TCN2,0.1608857363462448,0.07236812263727188,8.92018779342723,3.702109341368919,639,2323,-0.08851761370897293
Des-Thin_Limb,OCIAD2,0.7286126613616943,0.13425365090370178,33.95931142410016,6.586310804993543,639,2323,-0.5943590104579926
Des-Thin_Limb,SOX9,0.03729007765650749,0.05691364035010338,2.3474178403755865,2.7120103314679294,639,2323,0.019623562693595886
Des-Thin_Limb,TWIST1,0.0,0.0031589767895638943,0.0,0.12914334911752046,639,2323,0.0031589767895638943
Des-Thin_Limb,SNAI1,0.026200708001852036,0.0009551644325256348,1.8779342723004695,0.04304778303917348,639,2323,-0.0252455435693264
Des-Thin_Limb,BCAM,0.18257150053977966,0.27170178294181824,9.702660406885759,13.043478260869565,639,2323,0.08913028240203857
Des-Thin_Limb,CRB2,0.0,0.02325979247689247,0.0,1.1192423590185105,639,2323,0.02325979247689247
Des-Thin_Limb,CCL2,0.04190579429268837,0.024904582649469376,2.503912363067293,1.248385708136031,639,2323,-0.017001211643218994
Des-Thin_Limb,CUBN,1.2026393413543701,2.743006706237793,46.948356807511736,83.85708136030995,639,2323,1.5403673648834229
Des-Thin_Limb,FOS,1.0132771730422974,0.49605801701545715,39.906103286384976,21.308652604390872,639,2323,-0.5172191560268402
Des-Thin_Limb,ACSF2,0.1874789297580719,0.9268519878387451,9.859154929577464,41.0675850193715,639,2323,0.7393730580806732
Des-Thin_Limb,SHMT1,0.4844655394554138,0.4481799304485321,23.474178403755868,21.782178217821784,639,2323,-0.036285609006881714
Des-Thin_Limb,AOC1,0.20619918406009674,0.04722542315721512,11.580594679186229,2.496771416272062,639,2323,-0.15897376090288162
Des-Thin_Limb,HNF4A,0.18986913561820984,0.4177517592906952,10.015649452269171,19.801980198019802,639,2323,0.22788262367248535
Des-Thin_Limb,PROM1,0.025567635893821716,0.1725410670042038,1.5649452269170578,8.695652173913043,639,2323,0.14697343111038208
Des-Thin_Limb,ACY1,0.66884446144104,0.24851639568805695,30.672926447574334,11.881188118811881,639,2323,-0.4203280657529831
Ascending_Thin_LOH,SLC5A10,0.0,0.03157432749867439,0.0,1.9305019305019304,419,259,0.03157432749867439
Ascending_Thin_LOH,CYFIP2,0.18467694520950317,0.36389443278312683,14.797136038186157,26.640926640926644,419,259,0.17921748757362366
Ascending_Thin_LOH,RELB,0.11770173907279968,0.5149440169334412,7.875894988066825,33.204633204633204,419,259,0.3972422778606415
Ascending_Thin_LOH,ACAT1,0.24286463856697083,0.07994250953197479,18.615751789976134,6.94980694980695,419,259,-0.16292212903499603
Ascending_Thin_LOH,ARMC7,0.10417617112398148,0.295411616563797,9.54653937947494,18.146718146718147,419,259,0.19123544543981552
Ascending_Thin_LOH,PAX8,0.6241224408149719,2.2129619121551514,38.424821002386636,87.64478764478764,419,259,1.5888394713401794
Ascending_Thin_LOH,ENPEP,0.02059527300298214,0.059308215975761414,1.9093078758949882,4.247104247104247,419,259,0.038712942972779274
Ascending_Thin_LOH,IL1RL1,0.009025262668728828,0.018070107325911522,0.47732696897374705,0.7722007722007722,419,259,0.009044844657182693
Ascending_Thin_LOH,DCN,0.005381583236157894,0.02595052681863308,0.47732696897374705,1.9305019305019304,419,259,0.020568943582475185
Ascending_Thin_LOH,ALDH8A1,0.0,0.01931350864470005,0.0,1.5444015444015444,419,259,0.01931350864470005
Ascending_Thin_LOH,SLC2A9,0.01355693582445383,0.11041766405105591,0.7159904534606205,7.722007722007722,419,259,0.09686072822660208
Ascending_Thin_LOH,SLC9A3,0.0023189783096313477,0.09705621004104614,0.23866348448687352,8.108108108108109,419,259,0.0947372317314148
Ascending_Thin_LOH,UMOD,0.5861880779266357,0.16512766480445862,24.105011933174225,12.355212355212355,419,259,-0.4210604131221771
Ascending_Thin_LOH,PPARA,0.056428927928209305,0.4078783690929413,5.011933174224343,28.57142857142857,419,259,0.351449441164732
Ascending_Thin_LOH,AMN,0.3332834243774414,0.04089180752635002,20.763723150357997,2.7027027027027026,419,259,-0.2923916168510914
Ascending_Thin_LOH,ACTA2,0.033805809915065765,0.012693331576883793,2.6252983293556085,1.9305019305019304,419,259,-0.021112478338181973
Ascending_Thin_LOH,KCNJ15,0.049490541219711304,0.07994783669710159,3.341288782816229,6.563706563706563,419,259,0.03045729547739029
Ascending_Thin_LOH,PEPD,0.18186309933662415,0.10870462656021118,13.126491646778044,9.652509652509652,419,259,-0.07315847277641296
Ascending_Thin_LOH,TNF,0.10613010078668594,0.027776364237070084,7.398568019093078,1.5444015444015444,419,259,-0.07835373654961586
Ascending_Thin_LOH,EFHD1,0.514666736125946,0.8204548954963684,32.21957040572792,50.19305019305019,419,259,0.30578815937042236
Ascending_Thin_LOH,SOST,0.004808113910257816,0.004654046148061752,0.23866348448687352,0.3861003861003861,419,259,-0.000154067762196064
Ascending_Thin_LOH,SLC17A3,0.010707000270485878,0.05482742190361023,0.7159904534606205,3.474903474903475,419,259,0.04412042163312435
Ascending_Thin_LOH,ALDOB,0.016384094953536987,0.06525321304798126,0.7159904534606205,4.247104247104247,419,259,0.048869118094444275
Ascending_Thin_LOH,MME,0.01565510779619217,0.11364857852458954,1.1933174224343674,7.722007722007722,419,259,0.09799347072839737
Ascending_Thin_LOH,LGALS2,0.025462551042437553,0.008755589835345745,1.431980906921241,0.7722007722007722,419,259,-0.01670696120709181
Ascending_Thin_LOH,BDH2,0.42619186639785767,0.06536567956209183,29.594272076372313,6.177606177606178,419,259,-0.36082618683576584
Ascending_Thin_LOH,FN1,0.03690866008400917,0.00513416575267911,2.1479713603818613,0.3861003861003861,419,259,-0.03177449433133006
Ascending_Thin_LOH,BICC1,0.6532343029975891,2.755655288696289,38.66348448687351,84.16988416988417,419,259,2.1024209856987
Ascending_Thin_LOH,ICAM1,0.04507216811180115,0.07247064262628555,3.579952267303103,4.247104247104247,419,259,0.027398474514484406
Ascending_Thin_LOH,HAVCR1,0.0010517070768401027,0.10759884864091873,0.23866348448687352,7.335907335907336,419,259,0.10654714156407863
Ascending_Thin_LOH,TDGF1,0.05757450684905052,0.0081652095541358,4.295942720763723,0.7722007722007722,419,259,-0.04940929729491472
Ascending_Thin_LOH,TM7SF3,0.12258341908454895,0.23323269188404083,9.785202863961814,19.305019305019304,419,259,0.11064927279949188
Ascending_Thin_LOH,CD24,2.216956615447998,0.3459430932998657,81.14558472553699,26.640926640926644,419,259,-1.8710135221481323
Ascending_Thin_LOH,VCAM1,0.06108156964182854,0.04377415403723717,5.250596658711217,3.861003861003861,419,259,-0.01730741560459137
Ascending_Thin_LOH,VIM,0.23982974886894226,0.10854391008615494,15.75178997613365,6.563706563706563,419,259,-0.13128583878278732
Ascending_Thin_LOH,HOXA9,0.10321269184350967,0.055802904069423676,8.1145584725537,5.019305019305019,419,259,-0.047409787774086
Ascending_Thin_LOH,RGL3,0.24224232137203217,1.004840612411499,16.2291169451074,61.38996138996139,419,259,0.7625982910394669
Ascending_Thin_LOH,COL1A1,0.01344275288283825,0.03580441698431969,1.1933174224343674,3.861003861003861,419,259,0.022361664101481438
Ascending_Thin_LOH,JUN,1.7019016742706299,0.1804279386997223,64.67780429594272,13.127413127413126,419,259,-1.5214737355709076
Ascending_Thin_LOH,DPEP1,0.011824147775769234,0.026399144902825356,1.1933174224343674,1.9305019305019304,419,259,0.014574997127056122
Ascending_Thin_LOH,TCN2,0.08591949194669724,0.0024454237427562475,7.637231503579953,0.3861003861003861,419,259,-0.08347406820394099
Ascending_Thin_LOH,OCIAD2,0.6935414671897888,0.13366222381591797,42.243436754176614,11.583011583011583,419,259,-0.5598792433738708
Ascending_Thin_LOH,SOX9,0.3399679660797119,0.10471904277801514,21.241050119331742,7.722007722007722,419,259,-0.23524892330169678
Ascending_Thin_LOH,TWIST1,0.0,0.009181658737361431,0.0,0.7722007722007722,419,259,0.009181658737361431
Ascending_Thin_LOH,SNAI1,0.025005891919136047,0.0,1.431980906921241,0.0,419,259,-0.025005891919136047
Ascending_Thin_LOH,BCAM,1.4668813943862915,0.23482345044612885,69.21241050119332,20.077220077220076,419,259,-1.2320579439401627
Ascending_Thin_LOH,CRB2,0.0,0.009039739146828651,0.0,1.1583011583011582,419,259,0.009039739146828651
Ascending_Thin_LOH,CCL2,0.45958125591278076,0.04659789055585861,20.286396181384248,3.861003861003861,419,259,-0.41298336535692215
Ascending_Thin_LOH,CUBN,0.0345061756670475,0.2170436978340149,2.863961813842482,13.127413127413126,419,259,0.1825375221669674
Ascending_Thin_LOH,FOS,1.622739553451538,0.23408640921115875,59.90453460620525,12.355212355212355,419,259,-1.3886531442403793
Ascending_Thin_LOH,ACSF2,0.01707136631011963,0.0655052438378334,1.431980906921241,5.405405405405405,419,259,0.048433877527713776
Ascending_Thin_LOH,SHMT1,0.1482187807559967,0.11633603274822235,10.739856801909307,8.880308880308881,419,259,-0.03188274800777435
Ascending_Thin_LOH,AOC1,0.333740234375,0.005788078531622887,20.763723150357997,0.7722007722007722,419,259,-0.3279521558433771
Ascending_Thin_LOH,HNF4A,0.007936743088066578,0.014556682668626308,0.7159904534606205,1.1583011583011582,419,259,0.0066199395805597305
Ascending_Thin_LOH,PROM1,0.5422393679618835,1.0045549869537354,32.4582338902148,52.8957528957529,419,259,0.4623156189918518
Ascending_Thin_LOH,ACY1,0.09283973276615143,0.025755714625120163,7.159904534606206,2.7027027027027026,419,259,-0.06708401814103127
C_TAL,SLC5A10,0.004906998481601477,0.02330842614173889,0.29895366218236175,1.5369218671813567,2007,13989,0.018401427660137415
C_TAL,CYFIP2,0.6358042359352112,1.0855662822723389,35.97409068261086,57.752519837014795,2007,13989,0.4497620463371277
C_TAL,RELB,0.021436911076307297,0.12800760567188263,1.5445939212755355,8.606762456215598,2007,13989,0.10657069459557533
C_TAL,ACAT1,0.7570307850837708,0.1666117161512375,41.006477329347284,12.116663092429766,2007,13989,-0.5904190689325333
C_TAL,ARMC7,0.05472882091999054,0.16768445074558258,3.9860488290981566,11.766387876188434,2007,13989,0.11295562982559204
C_TAL,PAX8,0.24399547278881073,1.1961023807525635,15.196811160936722,55.522196011151614,2007,13989,0.9521069079637527
C_TAL,ENPEP,0.03756508603692055,0.08231603354215622,2.092675635276532,5.111158767603117,2007,13989,0.04475094750523567
C_TAL,IL1RL1,0.003794294549152255,0.0020361612550914288,0.1993024414549078,0.12152405461433984,2007,13989,-0.0017581332940608263
C_TAL,DCN,0.01598464883863926,0.04073834791779518,0.8470353761833582,2.7664593609264423,2007,13989,0.024753699079155922
C_TAL,ALDH8A1,0.021824071183800697,0.026370210573077202,1.14598903836572,1.9086425048252198,2007,13989,0.0045461393892765045
C_TAL,SLC2A9,0.009850095957517624,0.09665552526712418,0.6477329347284505,6.190578311530488,2007,13989,0.08680542930960655
C_TAL,SLC9A3,0.018344759941101074,0.3168271780014038,1.8435475834578976,21.98870541139467,2007,13989,0.29848241806030273
C_TAL,UMOD,2.371854305267334,1.7387102842330933,60.039860488290984,61.67703195367788,2007,13989,-0.6331440210342407
C_TAL,PPARA,0.1693965196609497,0.6981683373451233,11.559541604384654,42.29037100579026,2007,13989,0.5287718176841736
C_TAL,AMN,0.06545419991016388,0.03223387151956558,4.185351270553064,2.0087211380370293,2007,13989,-0.0332203283905983
C_TAL,ACTA2,0.03186947852373123,0.015791675075888634,1.8435475834578976,1.2223890199442418,2007,13989,-0.016077803447842598
C_TAL,KCNJ15,0.051882825791835785,0.13899381458759308,3.338315894369706,8.635356351418972,2007,13989,0.0871109887957573
C_TAL,PEPD,0.23324652016162872,0.09652656316757202,16.143497757847534,6.998355851025806,2007,13989,-0.1367199569940567
C_TAL,TNF,0.031142359599471092,0.0034058799501508474,1.7438963627304436,0.2644935306312102,2007,13989,-0.027736479649320245
C_TAL,EFHD1,0.7352191805839539,1.312564492225647,39.960139511709016,65.34419901351062,2007,13989,0.5773453116416931
C_TAL,SOST,0.007074261084198952,0.0023437601048499346,0.3487792725460887,0.15726642361855744,2007,13989,-0.004730500979349017
C_TAL,SLC17A3,0.016259225085377693,0.05517571046948433,0.9965122072745392,3.102437629566088,2007,13989,0.038916485384106636
C_TAL,ALDOB,0.61100172996521,0.04519969969987869,21.524663677130047,2.4662234612910146,2007,13989,-0.5658020302653313
C_TAL,MME,0.06820069998502731,0.07737380266189575,3.587443946188341,4.575023232539853,2007,13989,0.009173102676868439
C_TAL,LGALS2,0.06440433114767075,0.002521761227399111,3.8365719980069755,0.16441489741940096,2007,13989,-0.061882569920271635
C_TAL,BDH2,0.5304793119430542,0.0930074006319046,32.48629795714997,7.348631067267139,2007,13989,-0.4374719113111496
C_TAL,FN1,0.023377662524580956,0.03587378188967705,1.4947683109118086,2.652083780112946,2007,13989,0.012496119365096092
C_TAL,BICC1,0.37267446517944336,2.2878289222717285,22.9197807673144,81.7999857030524,2007,13989,1.9151544570922852
C_TAL,ICAM1,0.03305536508560181,0.0078047821298241615,1.9431988041853512,0.550432482664951,2007,13989,-0.025250582955777645
C_TAL,HAVCR1,0.00398006197065115,0.0349147692322731,0.29895366218236175,2.7164200443205373,2007,13989,0.030934707261621952
C_TAL,TDGF1,0.059084370732307434,0.011727416887879372,5.281514698555057,1.0079348059189364,2007,13989,-0.04735695384442806
C_TAL,TM7SF3,0.12416043877601624,0.22227777540683746,9.217737917289487,16.584459217956965,2007,13989,0.09811733663082123
C_TAL,CD24,1.7983072996139526,0.5122843980789185,71.5495764823119,32.532704267638856,2007,13989,-1.2860229015350342
C_TAL,VCAM1,0.018342504277825356,0.03652205318212509,1.5445939212755355,2.251769247265709,2007,13989,0.018179548904299736
C_TAL,VIM,0.1809178739786148,0.06337844580411911,9.51669157947185,3.4741582672099507,2007,13989,-0.1175394281744957
C_TAL,HOXA9,0.14346285164356232,0.10001064091920853,9.865470852017937,7.813281864321968,2007,13989,-0.04345221072435379
C_TAL,RGL3,0.12545178830623627,0.9940645098686218,8.918784255107125,58.88197869754808,2007,13989,0.8686127215623856
C_TAL,COL1A1,0.006169743370264769,0.01451540645211935,0.4484304932735426,1.4011008649653298,2007,13989,0.008345663081854582
C_TAL,JUN,1.0297164916992188,0.20985524356365204,40.70752366716492,12.466938308671098,2007,13989,-0.8198612481355667
C_TAL,DPEP1,0.056861162185668945,0.026675548404455185,3.2386646736422517,1.472585602973765,2007,13989,-0.03018561378121376
C_TAL,TCN2,0.06809394806623459,0.025477934628725052,5.829596412556054,2.023018085638716,2007,13989,-0.04261601343750954
C_TAL,OCIAD2,0.3847234547138214,0.06423146277666092,24.763328350772294,4.796625920366002,2007,13989,-0.3204919919371605
C_TAL,SOX9,0.06775473803281784,0.026688357815146446,4.285002491280518,1.8085638716134105,2007,13989,-0.041066380217671394
C_TAL,TWIST1,0.0,0.0015946005005389452,0.0,0.11437558081349633,2007,13989,0.0015946005005389452
C_TAL,SNAI1,0.00936643872410059,0.000535926257725805,0.4982561036372696,0.0357423690042176,2007,13989,-0.008830512466374785
C_TAL,BCAM,0.5211583971977234,0.2317652851343155,28.89885401096163,16.75602258917721,2007,13989,-0.2893931120634079
C_TAL,CRB2,0.0009626561659388244,0.004052598029375076,0.0996512207274539,0.2930874258345843,2007,13989,0.003089941863436252
C_TAL,CCL2,0.042633846402168274,0.009321512654423714,2.4912805181863478,0.714847380084352,2007,13989,-0.03331233374774456
C_TAL,CUBN,0.1283530294895172,0.2639006972312927,6.278026905829597,14.0110086496533,2007,13989,0.1355476677417755
C_TAL,FOS,0.9548426270484924,0.16605763137340546,36.37269556552068,8.292229608978483,2007,13989,-0.788784995675087
C_TAL,ACSF2,0.038030508905649185,0.15351025760173798,3.188839063278525,10.329544642218886,2007,13989,0.11547974869608879
C_TAL,SHMT1,0.11253144592046738,0.11856456845998764,7.872446437468859,8.899849882050184,2007,13989,0.006033122539520264
C_TAL,AOC1,0.0928208976984024,0.01279301755130291,6.178375685102142,0.8506683823003789,2007,13989,-0.0800278801470995
C_TAL,HNF4A,0.01376114971935749,0.02956286445260048,0.8968609865470852,1.772821502609193,2007,13989,0.01580171473324299
C_TAL,PROM1,0.11304095387458801,0.4964526891708374,7.473841554559043,26.327829008506683,2007,13989,0.3834117352962494
C_TAL,ACY1,0.14482569694519043,0.02695772610604763,9.81564524165421,2.101651297447995,2007,13989,-0.1178679708391428
M_TAL,SLC5A10,0.008387221023440361,0.027005966752767563,0.4642525533890436,2.559887271019258,1077,12774,0.018618745729327202
M_TAL,CYFIP2,1.0190417766571045,1.874254822731018,59.70287836583101,85.78362298418662,1077,12774,0.8552130460739136
M_TAL,RELB,0.015894079580903053,0.053150128573179245,1.4856081708449396,4.235165179270393,1077,12774,0.03725604899227619
M_TAL,ACAT1,1.1617661714553833,0.30792903900146484,64.25255338904364,23.87662439329889,1077,12774,-0.8538371324539185
M_TAL,ARMC7,0.03968730941414833,0.10962709039449692,4.36397400185701,9.910756223579146,1077,12774,0.06993978098034859
M_TAL,PAX8,0.20171736180782318,1.2099156379699707,19.498607242339833,64.20854861437294,1077,12774,1.0081982761621475
M_TAL,ENPEP,0.011416872031986713,0.05766649544239044,0.7428040854224698,3.6793486770001564,1077,12774,0.04624962341040373
M_TAL,IL1RL1,0.0,0.0013998027425259352,0.0,0.08611241584468451,1077,12774,0.0013998027425259352
M_TAL,DCN,0.011237054131925106,0.035997435450553894,0.6499535747446611,2.6303428839830905,1077,12774,0.024760381318628788
M_TAL,ALDH8A1,0.01886751502752304,0.03178190439939499,1.2070566388115136,2.5285736652575546,1077,12774,0.012914389371871948
M_TAL,SLC2A9,0.009750604629516602,0.34613460302352905,1.392757660167131,24.925630186315953,1077,12774,0.33638399839401245
M_TAL,SLC9A3,0.03092171624302864,0.5933710336685181,3.9925719591457756,42.476906215750745,1077,12774,0.5624493174254894
M_TAL,UMOD,2.3429770469665527,2.7438454627990723,62.67409470752089,91.13824956943792,1077,12774,0.40086841583251953
M_TAL,PPARA,0.2525407075881958,1.1679691076278687,23.584029712163417,66.60403945514327,1077,12774,0.9154284000396729
M_TAL,AMN,0.015757735818624496,0.007727629505097866,0.9285051067780872,0.8298105526851417,1077,12774,-0.00803010631352663
M_TAL,ACTA2,0.052686214447021484,0.01757405325770378,3.7140204271123487,1.518709879442618,1077,12774,-0.0351121611893177
M_TAL,KCNJ15,0.02247948758304119,0.18139687180519104,1.392757660167131,13.62924690778143,1077,12774,0.15891738422214985
M_TAL,PEPD,0.28488245606422424,0.12199442088603973,23.955431754874652,10.036010646625959,1077,12774,-0.1628880351781845
M_TAL,TNF,0.030871763825416565,0.0004822310875169933,1.7641597028783658,0.03131360576170346,1077,12774,-0.03038953273789957
M_TAL,EFHD1,0.5975815057754517,1.211199164390564,42.618384401114206,69.65711601690934,1077,12774,0.6136176586151123
M_TAL,SOST,0.013939318247139454,0.002351425588130951,0.8356545961002786,0.1565680288085173,1077,12774,-0.011587892659008503
M_TAL,SLC17A3,0.009379178285598755,0.015203203074634075,0.5571030640668524,0.9237513699702521,1077,12774,0.00582402478903532
M_TAL,ALDOB,0.3314020335674286,0.058759655803442,11.606313834726091,3.248786597776734,1077,12774,-0.2726423777639866
M_TAL,MME,0.056160397827625275,0.05000193789601326,2.692664809656453,3.272271802098012,1077,12774,-0.006158459931612015
M_TAL,LGALS2,0.04668642580509186,0.000546462251804769,2.785515320334262,0.03914200720212933,1077,12774,-0.04613996355328709
M_TAL,BDH2,0.48114705085754395,0.11287283897399902,39.18291550603528,9.895099420698292,1077,12774,-0.3682742118835449
M_TAL,FN1,0.02069876343011856,0.0724300891160965,1.6713091922005572,5.487709409738532,1077,12774,0.051731325685977936
M_TAL,BICC1,0.2944328784942627,2.4584081172943115,26.46239554317549,90.87208392046344,1077,12774,2.163975238800049
M_TAL,ICAM1,0.03140302002429962,0.011953432112932205,2.5069637883008355,0.806325348363864,1077,12774,-0.019449587911367416
M_TAL,HAVCR1,0.0002567494520917535,0.01090539712458849,0.09285051067780872,0.9315797714106779,1077,12774,0.010648647672496736
M_TAL,TDGF1,0.11254342645406723,0.05102258175611496,12.070566388115136,4.282135587912948,1077,12774,-0.06152084469795227
M_TAL,TM7SF3,0.10757331550121307,0.30542001128196716,12.256267409470752,24.89431658055425,1077,12774,0.1978466957807541
M_TAL,CD24,1.8159986734390259,0.8464841246604919,77.6230269266481,52.97479254736183,1077,12774,-0.9695145487785339
M_TAL,VCAM1,0.013822728767991066,0.01514910813421011,1.021355617455896,0.986378581493659,1077,12774,0.0013263793662190437
M_TAL,VIM,0.27677154541015625,0.03823885694146156,14.670380687093779,2.270236417723501,1077,12774,-0.2385326884686947
M_TAL,HOXA9,0.1364750862121582,0.11111196130514145,13.370473537604457,9.613276968842962,1077,12774,-0.025363124907016754
M_TAL,RGL3,0.0862678661942482,0.9445207715034485,11.234911792014856,61.82871457648348,1077,12774,0.8582529053092003
M_TAL,COL1A1,0.010626505129039288,0.015279822051525116,0.7428040854224698,1.8396743385000782,1077,12774,0.004653316922485828
M_TAL,JUN,1.1733554601669312,0.5652552247047424,46.14670380687094,27.227180209801162,1077,12774,-0.6081002354621887
M_TAL,DPEP1,0.025220582261681557,0.0047501809895038605,1.392757660167131,0.25050884609362767,1077,12774,-0.020470401272177696
M_TAL,TCN2,0.06084301322698593,0.042327944189310074,7.7994428969359335,3.757632691404415,1077,12774,-0.018515069037675858
M_TAL,OCIAD2,0.3794352114200592,0.03646671026945114,33.70473537604457,3.4992954438703614,1077,12774,-0.34296850115060806
M_TAL,SOX9,0.04177239537239075,0.019655972719192505,5.7567316620241415,1.510881478002192,1077,12774,-0.022116422653198242
M_TAL,TWIST1,0.0003742919070646167,0.000902932311873883,0.09285051067780872,0.09394081728511039,1077,12774,0.0005286404048092663
M_TAL,SNAI1,0.004897348582744598,0.0003301559772808105,0.6499535747446611,0.023485204321277597,1077,12774,-0.004567192605463788
M_TAL,BCAM,0.4070958197116852,0.45921942591667175,31.569173630454966,34.797244402692975,1077,12774,0.05212360620498657
M_TAL,CRB2,0.0,0.005338492803275585,0.0,0.41490527634257085,1077,12774,0.005338492803275585
M_TAL,CCL2,0.061387114226818085,0.01316782645881176,4.36397400185701,0.9942069829340849,1077,12774,-0.048219287768006325
M_TAL,CUBN,0.07860411703586578,0.30497461557388306,3.064066852367688,17.77829967120714,1077,12774,0.22637049853801727
M_TAL,FOS,0.9576422572135925,0.3298385441303253,39.74001857010214,15.703773289494286,1077,12774,-0.6278037130832672
M_TAL,ACSF2,0.03194275125861168,0.1529790610074997,3.7140204271123487,11.664318146234539,1077,12774,0.12103630974888802
M_TAL,SHMT1,0.13400514423847198,0.2913099527359009,13.27762302692665,24.064506027869108,1077,12774,0.1573048084974289
M_TAL,AOC1,0.018529405817389488,0.008662608452141285,1.8570102135561743,0.5401596993893847,1077,12774,-0.009866797365248203
M_TAL,HNF4A,0.007033161353319883,0.021555669605731964,0.4642525533890436,1.550023485204321,1077,12774,0.01452250825241208
M_TAL,PROM1,0.05099624767899513,0.3450891971588135,6.778087279480037,25.5753875058713,1077,12774,0.29409294947981834
M_TAL,ACY1,0.16187408566474915,0.04437433183193207,13.834726090993502,4.149052763425709,1077,12774,-0.11749975383281708
Macula_Densa,SLC5A10,0.005696925334632397,0.024867849424481392,0.35778175313059035,1.4202172096908938,559,3591,0.019170924089848995
Macula_Densa,CYFIP2,0.44932764768600464,0.7717382311820984,25.760286225402506,42.857142857142854,559,3591,0.32241058349609375
Macula_Densa,RELB,0.019807178527116776,0.10587895661592484,1.6100178890876566,7.212475633528265,559,3591,0.08607177808880806
Macula_Densa,ACAT1,0.7305242419242859,0.1280558556318283,39.89266547406082,8.60484544695071,559,3591,-0.6024683862924576
Macula_Densa,ARMC7,0.06689491868019104,0.23316971957683563,4.83005366726297,14.647730437204121,559,3591,0.1662748008966446
Macula_Densa,PAX8,0.29295313358306885,1.1485419273376465,16.815742397137747,54.998607630186584,559,3591,0.8555887937545776
Macula_Densa,ENPEP,0.02043747343122959,0.07371226698160172,1.2522361359570662,4.539125591757171,559,3591,0.053274793550372124
Macula_Densa,IL1RL1,0.002824322320520878,0.0017371891299262643,0.17889087656529518,0.1113895850737956,559,3591,-0.0010871331905946136
Macula_Densa,DCN,0.005980958230793476,0.025868486613035202,0.35778175313059035,1.5873015873015872,559,3591,0.019887528382241726
Macula_Densa,ALDH8A1,0.021564580500125885,0.03772927075624466,1.6100178890876566,2.311333890281259,559,3591,0.016164690256118774
Macula_Densa,SLC2A9,0.012200956232845783,0.07766474783420563,1.073345259391771,4.399888610414926,559,3591,0.06546379160135984
Macula_Densa,SLC9A3,0.02174912579357624,0.21996353566646576,1.073345259391771,13.868003341687551,559,3591,0.19821440987288952
Macula_Densa,UMOD,1.7655633687973022,0.8338709473609924,50.268336314847936,33.751044277360066,559,3591,-0.9316924214363098
Macula_Densa,PPARA,0.13120202720165253,0.4547053277492523,8.765652951699463,26.78919521024784,559,3591,0.3235033005475998
Macula_Densa,AMN,0.10946337133646011,0.0765170082449913,6.082289803220036,4.260651629072681,559,3591,-0.03294636309146881
Macula_Densa,ACTA2,0.06468628346920013,0.030840443447232246,3.5778175313059033,1.893622946254525,559,3591,-0.03384584002196789
Macula_Densa,KCNJ15,0.02854619361460209,0.06995555758476257,1.7889087656529516,4.3163464216095795,559,3591,0.041409363970160484
Macula_Densa,PEPD,0.17610692977905273,0.07409924268722534,11.806797853309481,4.7897521581732105,559,3591,-0.10200768709182739
Macula_Densa,TNF,0.001299719326198101,0.0017074138158932328,0.17889087656529518,0.0835421888053467,559,3591,0.0004076944896951318
Macula_Densa,EFHD1,0.8997816443443298,1.4494476318359375,45.61717352415027,67.16791979949875,559,3591,0.5496659874916077
Macula_Densa,SOST,0.010720268823206425,0.002657851902768016,0.5366726296958855,0.1670843776106934,559,3591,-0.008062416920438409
Macula_Densa,SLC17A3,0.005151336546987295,0.051165416836738586,0.35778175313059035,2.9796714007240324,559,3591,0.04601408028975129
Macula_Densa,ALDOB,0.22576414048671722,0.045664265751838684,9.30232558139535,2.6176552492341965,559,3591,-0.18009987473487854
Macula_Densa,MME,0.037365783005952835,0.0809897780418396,2.146690518783542,4.706209969367864,559,3591,0.043623995035886765
Macula_Densa,LGALS2,0.059239935129880905,0.002182981465011835,3.2200357781753133,0.1670843776106934,559,3591,-0.05705695366486907
Macula_Densa,BDH2,0.40997540950775146,0.08863938599824905,25.581395348837212,5.875800612642718,559,3591,-0.3213360235095024
Macula_Densa,FN1,0.02367669902741909,0.025995632633566856,1.4311270125223614,1.5873015873015872,559,3591,0.002318933606147766
Macula_Densa,BICC1,0.3693137466907501,2.0425541400909424,20.930232558139537,77.74993038150933,559,3591,1.6732403934001923
Macula_Densa,ICAM1,0.018249955028295517,0.003846363630145788,1.4311270125223614,0.2506265664160401,559,3591,-0.014403591398149729
Macula_Densa,HAVCR1,0.003563245991244912,0.020269596949219704,0.17889087656529518,1.3088276246170982,559,3591,0.01670635095797479
Macula_Densa,TDGF1,0.04919036850333214,0.00730902561917901,3.7567084078711988,0.5291005291005291,559,3591,-0.04188134288415313
Macula_Densa,TM7SF3,0.08188708871603012,0.21194076538085938,5.366726296958855,13.951545530492899,559,3591,0.13005367666482925
Macula_Densa,CD24,1.5187735557556152,0.46010178327560425,64.93738819320215,26.399331662489555,559,3591,-1.058671772480011
Macula_Densa,VCAM1,0.011765094473958015,0.031523410230875015,0.8944543828264758,2.0050125313283207,559,3591,0.019758315756917
Macula_Densa,VIM,0.10816784203052521,0.03174079954624176,6.440071556350627,1.6151489835700361,559,3591,-0.07642704248428345
Macula_Densa,HOXA9,0.11880140006542206,0.08697424829006195,8.407871198568873,6.3213589529379,559,3591,-0.03182715177536011
Macula_Densa,RGL3,0.20004646480083466,0.9593891501426697,12.701252236135957,52.79866332497911,559,3591,0.759342685341835
Macula_Densa,COL1A1,0.004096271004527807,0.005613394547253847,0.17889087656529518,0.4734057365636313,559,3591,0.0015171235427260399
Macula_Densa,JUN,0.5358604788780212,0.14290191233158112,27.370304114490164,7.741576162628794,559,3591,-0.3929585665464401
Macula_Densa,DPEP1,0.039396658539772034,0.022153297439217567,2.5044722719141324,1.1974380395433026,559,3591,-0.017243361100554466
Macula_Densa,TCN2,0.07190123200416565,0.023660985752940178,6.082289803220036,1.8100807574491784,559,3591,-0.04824024625122547
Macula_Densa,OCIAD2,0.4202748239040375,0.06344158202409744,25.760286225402506,4.121414647730437,559,3591,-0.35683324187994003
Macula_Densa,SOX9,0.03168704733252525,0.013541526161134243,1.9677996422182469,0.8911166805903648,559,3591,-0.01814552117139101
Macula_Densa,TWIST1,0.0,0.0015571748372167349,0.0,0.0835421888053467,559,3591,0.0015571748372167349
Macula_Densa,SNAI1,0.0021675443276762962,0.0,0.17889087656529518,0.0,559,3591,-0.0021675443276762962
Macula_Densa,BCAM,0.5200438499450684,0.16250692307949066,28.622540250447226,10.665552770815928,559,3591,-0.3575369268655777
Macula_Densa,CRB2,0.0,0.003982811700552702,0.0,0.2506265664160401,559,3591,0.003982811700552702
Macula_Densa,CCL2,0.020599380135536194,0.009592938236892223,1.4311270125223614,0.5291005291005291,559,3591,-0.01100644189864397
Macula_Densa,CUBN,0.05985857918858528,0.22086068987846375,3.041144901610018,10.721247563352826,559,3591,0.16100211068987846
Macula_Densa,FOS,0.44608592987060547,0.16757969558238983,22.003577817531305,8.549150654413811,559,3591,-0.27850623428821564
Macula_Densa,ACSF2,0.02605213224887848,0.11645352095365524,1.7889087656529516,7.3238652186020605,559,3591,0.09040138870477676
Macula_Densa,SHMT1,0.051095761358737946,0.08654174953699112,4.114490161001789,5.653021442495127,559,3591,0.035445988178253174
Macula_Densa,AOC1,0.29115793108940125,0.023901747539639473,17.531305903398927,1.5037593984962405,559,3591,-0.26725618354976177
Macula_Densa,HNF4A,0.010441510938107967,0.0259113609790802,0.8944543828264758,1.5594541910331383,559,3591,0.015469850040972233
Macula_Densa,PROM1,0.04332590103149414,0.3611264228820801,3.3989266547406083,20.96908939014202,559,3591,0.31780052185058594
Macula_Densa,ACY1,0.10996430367231369,0.011573963798582554,7.334525939177102,0.7797270955165692,559,3591,-0.09839033987373114
DCT1,SLC5A10,0.005311092361807823,0.005828419700264931,0.27472527472527475,0.42995342171264783,728,8373,0.0005173273384571075
DCT1,CYFIP2,0.49792614579200745,1.2502477169036865,31.043956043956044,67.19216529320434,728,8373,0.7523215711116791
DCT1,RELB,0.030467599630355835,0.058974865823984146,2.197802197802198,4.347306819538995,728,8373,0.02850726619362831
DCT1,ACAT1,0.6602957844734192,0.23183856904506683,39.285714285714285,16.82789919980891,728,8373,-0.42845721542835236
DCT1,ARMC7,0.03137519210577011,0.05710872262716293,2.8846153846153846,4.657828735220352,728,8373,0.025733530521392822
DCT1,PAX8,0.12748895585536957,0.45982563495635986,9.478021978021978,30.765555953660577,728,8373,0.3323366791009903
DCT1,ENPEP,0.010518847964704037,0.03482161462306976,0.6868131868131868,2.4602890242445956,728,8373,0.024302766658365726
DCT1,IL1RL1,0.0,0.0009438854176551104,0.0,0.07165890361877462,728,8373,0.0009438854176551104
DCT1,DCN,0.004231133498251438,0.014397121965885162,0.27472527472527475,1.122656156694136,728,8373,0.010165988467633724
DCT1,ALDH8A1,0.010091430507600307,0.019452909007668495,0.5494505494505495,1.5645527290099128,728,8373,0.009361478500068188
DCT1,SLC2A9,0.012296047993004322,0.02561510168015957,0.9615384615384616,1.5526095784067837,728,8373,0.013319053687155247
DCT1,SLC9A3,0.0,0.012343155220150948,0.0,1.0509972530753613,728,8373,0.012343155220150948
DCT1,UMOD,0.2563508450984955,0.13095487654209137,14.010989010989011,7.727218440224531,728,8373,-0.1253959685564041
DCT1,PPARA,0.23997218906879425,0.768035888671875,15.247252747252748,46.93658187029738,728,8373,0.5280636996030807
DCT1,AMN,0.01891886442899704,0.002698918106034398,1.098901098901099,0.16720410844380748,728,8373,-0.01621994632296264
DCT1,ACTA2,0.0077806259505450726,0.0018569508101791143,0.6868131868131868,0.10748835542816196,728,8373,-0.005923675140365958
DCT1,KCNJ15,0.026478584855794907,0.0338798426091671,2.197802197802198,2.257255463991401,728,8373,0.007401257753372192
DCT1,PEPD,0.20038218796253204,0.05418067425489426,14.697802197802199,4.359249970142123,728,8373,-0.1462015137076378
DCT1,TNF,0.009986002929508686,0.0,0.6868131868131868,0.0,728,8373,-0.009986002929508686
DCT1,EFHD1,0.5093062520027161,1.0212243795394897,32.55494505494506,58.6766989131733,728,8373,0.5119181275367737
DCT1,SOST,0.009392691776156425,0.0014238375006243587,0.4120879120879121,0.08360205422190374,728,8373,-0.007968854275532067
DCT1,SLC17A3,0.017116539180278778,0.023679083213210106,1.2362637362637363,1.683984235041204,728,8373,0.006562544032931328
DCT1,ALDOB,0.33251136541366577,0.014218880794942379,11.675824175824175,0.9435088976471993,728,8373,-0.3182924846187234
DCT1,MME,0.02273721992969513,0.0319865345954895,1.510989010989011,2.2333691627851424,728,8373,0.009249314665794373
DCT1,LGALS2,0.03870725259184837,0.0009545405046083033,2.197802197802198,0.07165890361877462,728,8373,-0.03775271208724007
DCT1,BDH2,0.34021493792533875,0.05539163947105408,24.45054945054945,4.096500656873283,728,8373,-0.28482329845428467
DCT1,FN1,0.0072153243236243725,0.013208437711000443,0.4120879120879121,1.0032246506628448,728,8373,0.00599311338737607
DCT1,BICC1,0.5223256349563599,2.5076441764831543,31.181318681318682,88.9645288427087,728,8373,1.9853185415267944
DCT1,ICAM1,0.003044235287234187,0.0053099580109119415,0.27472527472527475,0.31052191568135673,728,8373,0.0022657227236777544
DCT1,HAVCR1,0.00249320175498724,0.005108888726681471,0.13736263736263737,0.37023766869700225,728,8373,0.002615686971694231
DCT1,TDGF1,0.019465327262878418,0.0025395210832357407,1.3736263736263736,0.2508061626657112,728,8373,-0.016925806179642677
DCT1,TM7SF3,0.08345408737659454,0.19122125208377838,7.0054945054945055,14.379553326167443,728,8373,0.10776716470718384
DCT1,CD24,1.2335816621780396,0.38037949800491333,57.417582417582416,25.594171742505672,728,8373,-0.8532021641731262
DCT1,VCAM1,0.005292314104735851,0.007721284404397011,0.27472527472527475,0.573271228950197,728,8373,0.0024289702996611595
DCT1,VIM,0.05079320818185806,0.0031600468792021275,2.60989010989011,0.21497671085632392,728,8373,-0.047633161302655935
DCT1,HOXA9,0.09748329222202301,0.04540218785405159,7.417582417582418,3.487399976113699,728,8373,-0.05208110436797142
DCT1,RGL3,0.21780608594417572,1.0988188982009888,14.697802197802199,65.67538516660694,728,8373,0.881012812256813
DCT1,COL1A1,0.002385518280789256,0.002179777715355158,0.4120879120879121,0.17914725904693657,728,8373,-0.00020574056543409824
DCT1,JUN,0.5078391432762146,0.027116786688566208,24.862637362637365,1.480950674788009,728,8373,-0.4807223565876484
DCT1,DPEP1,0.022559836506843567,0.008663619868457317,1.6483516483516485,0.5374417771408098,728,8373,-0.01389621663838625
DCT1,TCN2,0.07012934982776642,0.015452961437404156,6.593406593406594,1.2301445121222978,728,8373,-0.05467638839036226
DCT1,OCIAD2,0.4036391079425812,0.022308427840471268,28.15934065934066,1.4928938253911384,728,8373,-0.3813306801021099
DCT1,SOX9,0.03562570735812187,0.0035530836321413517,2.4725274725274726,0.2627493132688403,728,8373,-0.03207262372598052
DCT1,TWIST1,0.0,0.0004393202834762633,0.0,0.04777260241251642,728,8373,0.0004393202834762633
DCT1,SNAI1,0.0,0.00016262789722532034,0.0,0.011943150603129105,728,8373,0.00016262789722532034
DCT1,BCAM,0.38346782326698303,0.11166415363550186,25.961538461538463,8.360205422190374,728,8373,-0.27180366963148117
DCT1,CRB2,0.0,0.002839404158294201,0.0,0.22691986145945298,728,8373,0.002839404158294201
DCT1,CCL2,0.007896405644714832,0.001355717540718615,0.5494505494505495,0.08360205422190374,728,8373,-0.006540688103996217
DCT1,CUBN,0.05107159540057182,0.11750973761081696,2.60989010989011,6.449301325689717,728,8373,0.06643814221024513
DCT1,FOS,0.4126783013343811,0.024253027513623238,19.78021978021978,1.2062582109160396,728,8373,-0.38842527382075787
DCT1,ACSF2,0.034792885184288025,0.07802671194076538,2.0604395604395602,5.637167084676937,728,8373,0.043233826756477356
DCT1,SHMT1,0.05107685923576355,0.03335375338792801,4.1208791208791204,2.508061626657112,728,8373,-0.01772310584783554
DCT1,AOC1,0.15416868031024933,0.009165610186755657,9.615384615384617,0.6688164337752299,728,8373,-0.14500307012349367
DCT1,HNF4A,0.016309820115566254,0.00932176224887371,0.6868131868131868,0.6210438313627135,728,8373,-0.006988057866692543
DCT1,PROM1,0.0007935808389447629,0.018236597999930382,0.13736263736263737,1.4212349217723634,728,8373,0.01744301716098562
DCT1,ACY1,0.14111842215061188,0.010114995762705803,9.615384615384617,0.680759584378359,728,8373,-0.13100342638790607
DCT2,SLC5A10,0.0,0.01851867325603962,0.0,1.2407539966595085,1257,4191,0.01851867325603962
DCT2,CYFIP2,0.2004377394914627,0.636793851852417,13.365155131264917,38.51109520400859,1257,4191,0.4363561123609543
DCT2,RELB,0.020820720121264458,0.16017524898052216,1.6706443914081146,11.142925316153661,1257,4191,0.1393545288592577
DCT2,ACAT1,0.5990296006202698,0.13559460639953613,35.16308671439936,9.568122166547363,1257,4191,-0.46343499422073364
DCT2,ARMC7,0.04506083205342293,0.08374473452568054,3.182179793158314,6.1083273681698875,1257,4191,0.038683902472257614
DCT2,PAX8,0.28777459263801575,0.968528687953949,17.58154335719968,52.708184204247196,1257,4191,0.6807540953159332
DCT2,ENPEP,0.011074421927332878,0.0690736398100853,0.5568814638027049,4.557384872345502,1257,4191,0.05799921788275242
DCT2,IL1RL1,0.0,0.002529761753976345,0.0,0.1670245764733954,1257,4191,0.002529761753976345
DCT2,DCN,0.0020443620160222054,0.028736582025885582,0.07955449482895784,1.90885230255309,1257,4191,0.026692220009863377
DCT2,ALDH8A1,0.007397063542157412,0.021455593407154083,0.47732696897374705,1.455499880696731,1257,4191,0.014058529864996672
DCT2,SLC2A9,0.0028662532567977905,0.06277109682559967,0.15910898965791567,3.8892865664519207,1257,4191,0.05990484356880188
DCT2,SLC9A3,0.004211293067783117,0.014371044933795929,0.15910898965791567,1.0737294201861132,1257,4191,0.010159751866012812
DCT2,UMOD,0.06713414937257767,0.09358770400285721,3.261734287987271,4.891434025292293,1257,4191,0.02645355463027954
DCT2,PPARA,0.12561067938804626,0.5863402485847473,8.750994431185362,35.98186590312575,1257,4191,0.46072956919670105
DCT2,AMN,0.025651080533862114,0.019200552254915237,1.8297533810660305,1.1691720353137676,1257,4191,-0.0064505282789468765
DCT2,ACTA2,0.008831905201077461,0.008801894262433052,0.7159904534606205,0.5249343832020997,1257,4191,-3.001093864440918e-05
DCT2,KCNJ15,0.17381258308887482,0.3620149791240692,11.455847255369928,19.89978525411596,1257,4191,0.1882023960351944
DCT2,PEPD,0.15778987109661102,0.08484058827161789,11.217183770883054,6.012884753042233,1257,4191,-0.07294928282499313
DCT2,TNF,0.010196685791015625,0.0,0.6364359586316627,0.0,1257,4191,-0.010196685791015625
DCT2,EFHD1,0.38429731130599976,0.5572360754013062,24.821002386634845,34.09687425435457,1257,4191,0.1729387640953064
DCT2,SOST,0.002561235101893544,0.0010842435294762254,0.15910898965791567,0.07158196134574087,1257,4191,-0.0014769915724173188
DCT2,SLC17A3,0.005742901004850864,0.05942857638001442,0.31821797931583135,3.4597947983774753,1257,4191,0.053685675375163555
DCT2,ALDOB,0.15872636437416077,0.04087546840310097,5.648369132856006,2.505368647100931,1257,4191,-0.1178508959710598
DCT2,MME,0.020050818100571632,0.06254253536462784,1.0342084327764518,3.937007874015748,1257,4191,0.042491717264056206
DCT2,LGALS2,0.023183004930615425,0.0013749145437031984,1.1137629276054097,0.11930326890956812,1257,4191,-0.021808090386912227
DCT2,BDH2,0.33467406034469604,0.06656378507614136,21.40015910898966,4.605106179909329,1257,4191,-0.2681102752685547
DCT2,FN1,0.01615804061293602,0.017981545999646187,0.8750994431185362,1.0975900739680267,1257,4191,0.001823505386710167
DCT2,BICC1,0.6420485973358154,2.630953550338745,35.08353221957041,85.96993557623479,1257,4191,1.9889049530029297
DCT2,ICAM1,0.00224602990783751,0.009030317887663841,0.23866348448687352,0.5965163445478405,1257,4191,0.006784287979826331
DCT2,HAVCR1,0.001351601560600102,0.015375141054391861,0.07955449482895784,1.0975900739680267,1257,4191,0.014023539493791759
DCT2,TDGF1,0.0024172067642211914,0.0012575851287692785,0.15910898965791567,0.09544261512765449,1257,4191,-0.0011596216354519129
DCT2,TM7SF3,0.09920932352542877,0.18562982976436615,7.239459029435164,13.051777618706753,1257,4191,0.08642050623893738
DCT2,CD24,1.4563249349594116,0.5296894907951355,66.5871121718377,31.758530183727036,1257,4191,-0.9266354441642761
DCT2,VCAM1,0.0011093623470515013,0.028804752975702286,0.07955449482895784,1.980434263898831,1257,4191,0.027695390628650784
DCT2,VIM,0.0826859101653099,0.023836888372898102,4.614160700079554,1.2168933428775948,1257,4191,-0.058849021792411804
DCT2,HOXA9,0.1791892945766449,0.1457725167274475,12.17183770883055,10.212359818659031,1257,4191,-0.03341677784919739
DCT2,RGL3,0.20677627623081207,1.0611827373504639,13.524264120922833,60.367454068241464,1257,4191,0.8544064611196518
DCT2,COL1A1,0.011089764535427094,0.01849646307528019,0.6364359586316627,1.3839179193509903,1257,4191,0.007406698539853096
DCT2,JUN,0.9439731240272522,0.10957807302474976,43.198090692124104,6.251491290861369,1257,4191,-0.8343950510025024
DCT2,DPEP1,0.02186797745525837,0.024977708235383034,0.9546539379474941,1.455499880696731,1257,4191,0.0031097307801246643
DCT2,TCN2,0.08600687235593796,0.02951696328818798,5.648369132856006,2.052016225244572,1257,4191,-0.05648990906774998
DCT2,OCIAD2,0.5985437035560608,0.049575015902519226,35.56085918854415,3.316630875685994,1257,4191,-0.5489686876535416
DCT2,SOX9,0.05789221078157425,0.026454361155629158,3.579952267303103,1.8849916487711764,1257,4191,-0.03143784962594509
DCT2,TWIST1,0.0,0.0008970972849056125,0.0,0.07158196134574087,1257,4191,0.0008970972849056125
DCT2,SNAI1,0.0037641464732587337,0.0,0.23866348448687352,0.0,1257,4191,-0.0037641464732587337
DCT2,BCAM,0.8040873408317566,0.23556913435459137,44.23229912490056,15.891195418754474,1257,4191,-0.5685182064771652
DCT2,CRB2,0.0009303569095209241,0.0032491132151335478,0.07955449482895784,0.21474588403722264,1257,4191,0.0023187563056126237
DCT2,CCL2,0.009881394915282726,0.003646273398771882,0.5568814638027049,0.26246719160104987,1257,4191,-0.006235121516510844
DCT2,CUBN,0.041475944221019745,0.19749005138874054,1.9093078758949882,10.498687664041995,1257,4191,0.1560141071677208
DCT2,FOS,0.7064425945281982,0.25688597559928894,33.17422434367542,14.459556191839656,1257,4191,-0.4495566189289093
DCT2,ACSF2,0.030082322657108307,0.11845987290143967,2.0684168655529036,7.396802672393224,1257,4191,0.08837755024433136
DCT2,SHMT1,0.09516632556915283,0.11392440646886826,6.6030230708035,7.659269863994274,1257,4191,0.018758080899715424
DCT2,AOC1,0.0976509377360344,0.021453842520713806,6.364359586316628,1.3839179193509903,1257,4191,-0.07619709521532059
DCT2,HNF4A,0.005788059439510107,0.022720597684383392,0.3977724741447892,1.455499880696731,1257,4191,0.016932538244873285
DCT2,PROM1,0.020446257665753365,0.21619196236133575,1.1137629276054097,13.385826771653544,1257,4191,0.1957457046955824
DCT2,ACY1,0.09516870230436325,0.01192412432283163,6.841686555290375,0.8589835361488906,1257,4191,-0.08324457798153162
CNT,SLC5A10,0.002576044760644436,0.021354900673031807,0.26929982046678635,1.3501687710963872,1114,7999,0.01877885591238737
CNT,CYFIP2,0.21137820184230804,0.6803364753723145,14.093357271095153,40.5675709463683,1114,7999,0.4689582735300064
CNT,RELB,0.058893732726573944,0.2701888084411621,4.3985637342908435,17.63970496312039,1114,7999,0.21129507571458817
CNT,ACAT1,0.41291341185569763,0.12122339010238647,25.852782764811487,8.688586073259158,1114,7999,-0.29169002175331116
CNT,ARMC7,0.08340045809745789,0.13447079062461853,5.745062836624776,9.81372671583948,1114,7999,0.051070332527160645
CNT,PAX8,0.5370022058486938,1.6424843072891235,29.71274685816876,72.13401675209401,1114,7999,1.1054821014404297
CNT,ENPEP,0.009899976663291454,0.06889346987009048,0.6283662477558348,4.200525065633204,1114,7999,0.05899349320679903
CNT,IL1RL1,0.0021392349153757095,0.0028268443420529366,0.17953321364452424,0.18752344043005376,1114,7999,0.000687609426677227
CNT,DCN,0.0015326860593631864,0.037997402250766754,0.08976660682226212,2.437804725590699,1114,7999,0.03646471619140357
CNT,ALDH8A1,0.011563288047909737,0.02056523971259594,0.9874326750448833,1.5251906488311038,1114,7999,0.009001951664686203
CNT,SLC2A9,0.007189170457422733,0.08800814300775528,0.6283662477558348,5.388173521690211,1114,7999,0.08081897255033255
CNT,SLC9A3,0.002707939362153411,0.01141221635043621,0.26929982046678635,0.900112514064258,1114,7999,0.0087042769882828
CNT,UMOD,0.06871003657579422,0.10954536497592926,3.500897666068223,6.413301662707839,1114,7999,0.04083532840013504
CNT,PPARA,0.11381550133228302,0.46373429894447327,7.719928186714542,29.991248906113267,1114,7999,0.34991879761219025
CNT,AMN,0.0553903765976429,0.019670560956001282,3.949730700179533,1.2626578322290285,1114,7999,-0.03571981564164162
CNT,ACTA2,0.02484242059290409,0.014122181572020054,1.615798922800718,1.0751343917989749,1114,7999,-0.010720239020884037
CNT,KCNJ15,0.21012361347675323,0.6591148376464844,14.003590664272892,34.491811476434556,1114,7999,0.44899122416973114
CNT,PEPD,0.1835245043039322,0.0953599289059639,12.657091561938957,6.988373546693337,1114,7999,-0.08816457539796829
CNT,TNF,0.027493705973029137,0.00507710874080658,1.7055655296229804,0.3375421927740968,1114,7999,-0.022416597232222557
CNT,EFHD1,0.20518137514591217,0.26730936765670776,14.542190305206462,17.539692461557696,1114,7999,0.06212799251079559
CNT,SOST,0.006616303697228432,0.002257958985865116,0.3590664272890485,0.15001875234404302,1114,7999,-0.004358344711363316
CNT,SLC17A3,0.020829444751143456,0.059104062616825104,1.0771992818671454,3.212901612701588,1114,7999,0.03827461786568165
CNT,ALDOB,0.1585831493139267,0.04346475377678871,5.9245960502693,2.6128266033254155,1114,7999,-0.11511839553713799
CNT,MME,0.029863066971302032,0.0771409347653389,1.7953321364452424,4.50056257032129,1114,7999,0.047277867794036865
CNT,LGALS2,0.022838670760393143,0.005894050933420658,1.526032315978456,0.4625578197274659,1114,7999,-0.016944619826972485
CNT,BDH2,0.3362991213798523,0.06644763797521591,22.710951526032318,4.900612576572072,1114,7999,-0.2698514834046364
CNT,FN1,0.01082483772188425,0.020550038665533066,0.5385996409335727,1.2501562695336916,1114,7999,0.009725200943648815
CNT,BICC1,0.5171999931335449,2.35209059715271,29.263913824057454,81.21015126890862,1114,7999,1.834890604019165
CNT,ICAM1,0.02069486305117607,0.011715616099536419,1.7055655296229804,0.8251031378922364,1114,7999,-0.008979246951639652
CNT,HAVCR1,0.0,0.01618790440261364,0.0,1.1376422052756594,1114,7999,0.01618790440261364
CNT,TDGF1,0.0036740389186888933,0.001972565893083811,0.26929982046678635,0.12501562695336918,1114,7999,-0.0017014730256050825
CNT,TM7SF3,0.15035872161388397,0.24671229720115662,10.59245960502693,17.539692461557696,1114,7999,0.09635357558727264
CNT,CD24,1.6537737846374512,0.6258962750434875,69.56912028725314,37.05463182897862,1114,7999,-1.0278775095939636
CNT,VCAM1,0.0109321940690279,0.041548583656549454,0.6283662477558348,2.562820352544068,1114,7999,0.030616389587521553
CNT,VIM,0.11358973383903503,0.06271572411060333,6.642728904847396,3.200400050006251,1114,7999,-0.0508740097284317
CNT,HOXA9,0.2427232265472412,0.1283247023820877,15.439856373429084,8.96362045255657,1114,7999,-0.1143985241651535
CNT,RGL3,0.22350074350833893,1.0237635374069214,13.824057450628366,58.25728216027003,1114,7999,0.8002627938985825
CNT,COL1A1,0.017218321561813354,0.03736914321780205,1.3464991023339317,3.1003875484435555,1114,7999,0.020150821655988693
CNT,JUN,1.4488766193389893,0.16430865228176117,56.28366247755835,9.638704838104763,1114,7999,-1.284567967057228
CNT,DPEP1,0.013692007400095463,0.024390796199440956,0.807899461400359,1.2376547068383548,1114,7999,0.010698788799345493
CNT,TCN2,0.07599683851003647,0.02254411019384861,5.655296229802514,1.8252281535191899,1114,7999,-0.05345272831618786
CNT,OCIAD2,0.5486714839935303,0.06896327435970306,34.56014362657092,4.750593824228028,1114,7999,-0.4797082096338272
CNT,SOX9,0.10826550424098969,0.03502527251839638,7.091561938958707,2.5128141017627206,1114,7999,-0.07324023172259331
CNT,TWIST1,0.0,0.004200568422675133,0.0,0.38754844355544443,1114,7999,0.004200568422675133
CNT,SNAI1,0.011242079548537731,0.0001943372335517779,0.807899461400359,0.012501562695336917,1114,7999,-0.011047742314985953
CNT,BCAM,0.8652341365814209,0.22955207526683807,45.152603231597844,16.702087760970123,1114,7999,-0.6356820613145828
CNT,CRB2,0.0,0.003140221582725644,0.0,0.2250281285160645,1114,7999,0.003140221582725644
CNT,CCL2,0.039459481835365295,0.011251792311668396,1.9748653500897666,0.8376047005875735,1114,7999,-0.0282076895236969
CNT,CUBN,0.06343904882669449,0.20286116003990173,3.052064631956912,10.563820477559695,1114,7999,0.13942211121320724
CNT,FOS,1.3959511518478394,0.4316842257976532,54.48833034111311,21.965245655706962,1114,7999,-0.9642669260501862
CNT,ACSF2,0.026801487430930138,0.10252831876277924,2.064631956912029,6.688336042005251,1114,7999,0.0757268313318491
CNT,SHMT1,0.12057831883430481,0.14832697808742523,8.707360861759424,10.62632829103638,1114,7999,0.027748659253120422
CNT,AOC1,0.17910897731781006,0.043567411601543427,12.118491921005386,3.362920365045631,1114,7999,-0.13554156571626663
CNT,HNF4A,0.009454376995563507,0.03218974173069,0.6283662477558348,2.062757844730591,1114,7999,0.022735364735126495
CNT,PROM1,0.10193008184432983,0.5210797786712646,7.360861759425494,31.016377047130888,1114,7999,0.4191496968269348
CNT,ACY1,0.11263198405504227,0.0204758420586586,7.989228007181329,1.5626953369171148,1114,7999,-0.09215614199638367
PC,SLC5A10,0.000674904091283679,0.027109218761324883,0.10683760683760685,1.6581632653061225,936,5488,0.026434314670041203
PC,CYFIP2,0.6723098158836365,1.2097960710525513,47.756410256410255,64.24927113702624,936,5488,0.5374862551689148
PC,RELB,0.03588581830263138,0.15373653173446655,3.7393162393162394,11.005830903790088,936,5488,0.11785071343183517
PC,ACAT1,0.4630392789840698,0.15116335451602936,38.46153846153847,10.823615160349854,936,5488,-0.31187592446804047
PC,ARMC7,0.11444561183452606,0.14419279992580414,11.538461538461538,10.841836734693878,936,5488,0.029747188091278076
PC,PAX8,1.009659767150879,1.744829773902893,59.82905982905983,80.37536443148689,936,5488,0.7351700067520142
PC,ENPEP,0.007230231072753668,0.07152468711137772,0.5341880341880342,4.263848396501458,936,5488,0.06429445603862405
PC,IL1RL1,0.0016136845806613564,0.0009129379177466035,0.10683760683760685,0.0728862973760933,936,5488,-0.000700746662914753
PC,DCN,0.0,0.04131593927741051,0.0,2.642128279883382,936,5488,0.04131593927741051
PC,ALDH8A1,0.02112964540719986,0.030877402052283287,1.3888888888888888,2.077259475218659,936,5488,0.009747756645083427
PC,SLC2A9,0.005402606911957264,0.06397655606269836,0.3205128205128205,3.9723032069970845,936,5488,0.0585739491507411
PC,SLC9A3,0.0,0.01664218120276928,0.0,1.0932944606413995,936,5488,0.01664218120276928
PC,UMOD,0.043698254972696304,0.18503189086914062,2.8846153846153846,11.716472303206997,936,5488,0.14133363589644432
PC,PPARA,0.0919230580329895,0.40093743801116943,8.226495726495726,25.965743440233236,936,5488,0.30901437997817993
PC,AMN,0.017859503626823425,0.018961455672979355,1.9230769230769231,1.3301749271137027,936,5488,0.0011019520461559296
PC,ACTA2,0.03704255074262619,0.01644894666969776,4.05982905982906,1.3848396501457727,936,5488,-0.02059360407292843
PC,KCNJ15,0.48016396164894104,0.7810067534446716,37.072649572649574,43.02113702623907,936,5488,0.3008427917957306
PC,PEPD,0.17169488966464996,0.09805590659379959,17.307692307692307,7.288629737609329,936,5488,-0.07363898307085037
PC,TNF,0.021322796121239662,0.020626939833164215,2.3504273504273505,1.293731778425656,936,5488,-0.0006958562880754471
PC,EFHD1,0.22310182452201843,0.24471263587474823,21.367521367521366,16.92784256559767,936,5488,0.021610811352729797
PC,SOST,0.0021348008885979652,0.002782163443043828,0.2136752136752137,0.1457725947521866,936,5488,0.0006473625544458628
PC,SLC17A3,0.001037000329233706,0.06417239457368851,0.10683760683760685,3.717201166180758,936,5488,0.0631353942444548
PC,ALDOB,0.04789029061794281,0.04672194644808769,2.1367521367521367,2.8425655976676385,936,5488,-0.0011683441698551178
PC,MME,0.011669586412608624,0.06315412372350693,0.5341880341880342,3.7718658892128283,936,5488,0.051484537310898304
PC,LGALS2,0.009526721201837063,0.004088708199560642,0.8547008547008548,0.2915451895043732,936,5488,-0.005438013002276421
PC,BDH2,0.2688865065574646,0.06624089926481247,24.786324786324787,5.302478134110787,936,5488,-0.20264560729265213
PC,FN1,0.00716642988845706,0.022638406604528427,0.7478632478632479,1.639941690962099,936,5488,0.015471976716071367
PC,BICC1,0.4477252662181854,2.1935479640960693,35.363247863247864,83.80102040816327,936,5488,1.745822697877884
PC,ICAM1,0.01508407760411501,0.005312939640134573,1.8162393162393164,0.3462099125364432,936,5488,-0.009771137963980436
PC,HAVCR1,0.0,0.005581351928412914,0.0,0.32798833819241985,936,5488,0.005581351928412914
PC,TDGF1,0.004394856281578541,0.002843493362888694,0.3205128205128205,0.20043731778425655,936,5488,-0.001551362918689847
PC,TM7SF3,0.28286826610565186,0.3218182623386383,26.495726495726498,22.75874635568513,936,5488,0.03894999623298645
PC,CD24,2.052062749862671,0.9286597967147827,82.05128205128204,52.60568513119534,936,5488,-1.1234029531478882
PC,VCAM1,0.0004452549619600177,0.026192178949713707,0.10683760683760685,1.6763848396501457,936,5488,0.02574692398775369
PC,VIM,0.16360753774642944,0.04168519750237465,14.957264957264957,2.623906705539359,936,5488,-0.1219223402440548
PC,HOXA9,0.06868962198495865,0.10488259792327881,4.487179487179487,7.325072886297376,936,5488,0.03619297593832016
PC,RGL3,0.3363161087036133,1.1445142030715942,25.961538461538463,66.1625364431487,936,5488,0.808198094367981
PC,COL1A1,0.024100782349705696,0.06501299142837524,2.6709401709401708,5.029154518950437,936,5488,0.04091220907866955
PC,JUN,1.4172643423080444,0.4595150649547577,61.00427350427351,26.36661807580175,936,5488,-0.9577492773532867
PC,DPEP1,0.0038499003276228905,0.023007551208138466,0.3205128205128205,1.2572886297376094,936,5488,0.019157650880515575
PC,TCN2,0.05117454752326012,0.024722475558519363,5.555555555555555,1.8950437317784257,936,5488,-0.026452071964740753
PC,OCIAD2,0.49897634983062744,0.036968082189559937,39.95726495726496,2.933673469387755,936,5488,-0.4620082676410675
PC,SOX9,0.061365026980638504,0.008235965855419636,4.166666666666666,0.619533527696793,936,5488,-0.05312906112521887
PC,TWIST1,0.004292779136449099,0.0052678585052490234,0.5341880341880342,0.4737609329446064,936,5488,0.0009750793687999249
PC,SNAI1,0.011399542912840843,0.00026728317607194185,0.641025641025641,0.018221574344023325,936,5488,-0.011132259736768901
PC,BCAM,1.3167985677719116,0.26063016057014465,68.16239316239316,19.169096209912535,936,5488,-1.056168407201767
PC,CRB2,0.0,0.004762906115502119,0.0,0.3462099125364432,936,5488,0.004762906115502119
PC,CCL2,0.03855692595243454,0.0026978522073477507,3.632478632478633,0.2368804664723032,936,5488,-0.03585907374508679
PC,CUBN,0.0005569822387769818,0.21850180625915527,0.10683760683760685,11.29737609329446,936,5488,0.2179448240203783
PC,FOS,2.010267496109009,1.3834748268127441,72.86324786324786,62.53644314868805,936,5488,-0.6267926692962646
PC,ACSF2,0.03393528237938881,0.1295371800661087,3.311965811965812,8.509475218658892,936,5488,0.0956018976867199
PC,SHMT1,0.16799557209014893,0.16843920946121216,17.307692307692307,12.099125364431487,936,5488,0.0004436373710632324
PC,AOC1,0.4961821138858795,0.07721676677465439,38.56837606837607,5.557580174927114,936,5488,-0.41896534711122513
PC,HNF4A,0.0020205362234264612,0.03568900749087334,0.10683760683760685,2.2776967930029155,936,5488,0.033668471267446876
PC,PROM1,0.28229770064353943,0.4753033518791199,27.670940170940174,32.30685131195335,936,5488,0.19300565123558044
PC,ACY1,0.0831436812877655,0.01953999511897564,8.76068376068376,1.4395043731778425,936,5488,-0.06360368616878986
IC_A,SLC5A10,0.004329702816903591,0.024043740704655647,0.37281816641247245,1.5881561238223418,5901,7430,0.019714037887752056
IC_A,CYFIP2,0.2428542673587799,0.6274176239967346,20.115234705982036,38.78869448183042,5901,7430,0.3845633566379547
IC_A,RELB,0.06901848316192627,0.22348017990589142,5.795627859684799,15.168236877523553,5901,7430,0.15446169674396515
IC_A,ACAT1,1.5026506185531616,0.4669005870819092,75.00423657007286,29.919246298788693,5901,7430,-1.0357500314712524
IC_A,ARMC7,0.112359918653965,0.27584901452064514,9.828842569056093,19.205921938088828,5901,7430,0.16348909586668015
IC_A,PAX8,0.3768596351146698,1.5027852058410645,28.300288086764958,71.83041722745625,5901,7430,1.1259255707263947
IC_A,ENPEP,0.010899447835981846,0.09979251027107239,0.7117437722419928,5.962314939434724,5901,7430,0.08889306243509054
IC_A,IL1RL1,0.0004516471235547215,0.002859193366020918,0.03389256058295204,0.16150740242261105,5901,7430,0.0024075462424661964
IC_A,DCN,0.003091926919296384,0.03513587638735771,0.20335536349771224,2.1668909825033644,5901,7430,0.03204394946806133
IC_A,ALDH8A1,0.008072121068835258,0.023506278172135353,0.4744958481613286,1.547779273216689,5901,7430,0.015434157103300095
IC_A,SLC2A9,0.01423405297100544,0.15680687129497528,1.1354007795288934,9.757738896366083,5901,7430,0.14257281832396984
IC_A,SLC9A3,0.002622932195663452,0.015727585181593895,0.1525165226232842,1.1305518169582771,5901,7430,0.013104652985930443
IC_A,UMOD,0.03291982039809227,0.12816956639289856,1.3726487036095576,7.415881561238223,5901,7430,0.09524974599480629
IC_A,PPARA,0.10393661260604858,0.524553120136261,8.913743433316387,32.678331090174964,5901,7430,0.4206165075302124
IC_A,AMN,0.11947301030158997,0.08975978940725327,9.862735129639045,6.446837146702557,5901,7430,-0.0297132208943367
IC_A,ACTA2,0.0095444917678833,0.011734195053577423,0.762582613116421,0.7671601615074024,5901,7430,0.0021897032856941223
IC_A,KCNJ15,0.04935918748378754,0.20008845627307892,4.067107269954245,12.449528936742935,5901,7430,0.15072926878929138
IC_A,PEPD,0.2364894300699234,0.12879586219787598,19.539061176071854,8.896366083445491,5901,7430,-0.10769356787204742
IC_A,TNF,0.005370620172470808,0.0007501945947296917,0.3219793255380444,0.053835800807537006,5901,7430,-0.004620425577741116
IC_A,EFHD1,0.8418622612953186,0.9851922392845154,54.88900186409084,55.18169582772544,5901,7430,0.14332997798919678
IC_A,SOST,0.0039263563230633736,0.002046377630904317,0.2203016437891883,0.1480484522207268,5901,7430,-0.0018799786921590567
IC_A,SLC17A3,0.008563725277781487,0.06854303181171417,0.4744958481613286,3.8761776581426646,5901,7430,0.059979306533932686
IC_A,ALDOB,0.2055991291999817,0.05572190135717392,7.507202169123878,3.028263795423957,5901,7430,-0.14987722784280777
IC_A,MME,0.025560252368450165,0.1106787845492363,1.4065412641925097,6.3257065948856,5901,7430,0.08511853218078613
IC_A,LGALS2,0.01990620419383049,0.002026570960879326,1.1692933401118455,0.13458950201884254,5901,7430,-0.017879633232951164
IC_A,BDH2,0.3703133761882782,0.06314798444509506,29.486527707168275,4.414535666218035,5901,7430,-0.30716539174318314
IC_A,FN1,0.00559563422575593,0.012533524073660374,0.3897644467039485,0.8209959623149394,5901,7430,0.006937889847904444
IC_A,BICC1,0.1620471477508545,1.2719882726669312,12.370784612777495,57.10632570659489,5901,7430,1.1099411249160767
IC_A,ICAM1,0.007162506692111492,0.016706908121705055,0.6439586510760889,1.1978465679676986,5901,7430,0.009544401429593563
IC_A,HAVCR1,0.0,0.009733413346111774,0.0,0.6325706594885598,5901,7430,0.009733413346111774
IC_A,TDGF1,0.060113392770290375,0.0058454908430576324,5.185561769191662,0.4576043068640646,5901,7430,-0.05426790192723274
IC_A,TM7SF3,0.1160777360200882,0.22242696583271027,10.252499576342993,16.04306864064603,5901,7430,0.10634922981262207
IC_A,CD24,1.3130594491958618,0.7024624347686768,68.22572445348246,41.22476446837147,5901,7430,-0.6105970144271851
IC_A,VCAM1,0.0037456515710800886,0.0355263277888298,0.3389256058295204,2.220726783310902,5901,7430,0.031780676217749715
IC_A,VIM,0.03694433718919754,0.023204725235700607,2.389425521098119,1.5074024226110363,5901,7430,-0.013739611953496933
IC_A,HOXA9,0.13363589346408844,0.07748173922300339,11.794611082867311,5.558546433378197,5901,7430,-0.05615415424108505
IC_A,RGL3,0.27888551354408264,1.1113793849945068,21.657346212506354,62.664872139973085,5901,7430,0.8324938714504242
IC_A,COL1A1,0.0055131069384515285,0.017927100881934166,0.49144212845280466,1.547779273216689,5901,7430,0.012413993943482637
IC_A,JUN,1.1451044082641602,0.3628382384777069,52.48263006270124,19.986541049798117,5901,7430,-0.7822661697864532
IC_A,DPEP1,0.023220639675855637,0.02792835608124733,1.2879173021521777,1.5343203230148048,5901,7430,0.004707716405391693
IC_A,TCN2,0.018508508801460266,0.012542172335088253,1.728520589730554,0.8748317631224763,5901,7430,-0.005966336466372013
IC_A,OCIAD2,0.3552958071231842,0.02675088308751583,29.113709540755806,1.80349932705249,5901,7430,-0.3285449240356684
IC_A,SOX9,0.01528267003595829,0.006939035840332508,1.4404338247754618,0.5114401076716016,5901,7430,-0.008343634195625782
IC_A,TWIST1,0.0002963384031318128,0.0022664465941488743,0.03389256058295204,0.2288021534320323,5901,7430,0.0019701081910170615
IC_A,SNAI1,0.003409929107874632,0.0004418663156684488,0.3050330452465684,0.026917900403768503,5901,7430,-0.002968062792206183
IC_A,BCAM,0.5009307861328125,0.19381751120090485,35.90916793763769,13.606998654104979,5901,7430,-0.30711327493190765
IC_A,CRB2,0.000153093904373236,0.004922172985970974,0.01694628029147602,0.4037685060565276,5901,7430,0.004769079081597738
IC_A,CCL2,0.003096537897363305,0.0046319253742694855,0.20335536349771224,0.3364737550471063,5901,7430,0.0015353874769061804
IC_A,CUBN,0.058258991688489914,0.28641441464424133,2.745297407219115,14.562584118438762,5901,7430,0.22815542295575142
IC_A,FOS,0.762858510017395,0.346783846616745,38.55278766310795,18.277254374158815,5901,7430,-0.41607466340065
IC_A,ACSF2,0.020848145708441734,0.13025493919849396,1.8132519911879343,8.048452220726784,5901,7430,0.10940679349005222
IC_A,SHMT1,0.04194483160972595,0.07855275273323059,3.6434502626673444,5.343203230148048,5901,7430,0.03660792112350464
IC_A,AOC1,0.008900337852537632,0.010164950974285603,0.6778512116590408,0.6460296096904442,5901,7430,0.0012646131217479706
IC_A,HNF4A,0.007948610931634903,0.03911137208342552,0.5083884087442806,2.328398384925976,5901,7430,0.03116276115179062
IC_A,PROM1,0.0009941963944584131,0.05237825587391853,0.1525165226232842,3.728129205921938,5901,7430,0.05138405947946012
IC_A,ACY1,0.10193000733852386,0.022468671202659607,8.727334350110151,1.5343203230148048,5901,7430,-0.07946133613586426
IC_B,SLC5A10,0.009306649677455425,0.05556784197688103,0.4434589800443459,3.336703741152679,451,1978,0.0462611922994256
IC_B,CYFIP2,0.12596595287322998,0.5728410482406616,10.42128603104213,31.850353892821033,451,1978,0.44687509536743164
IC_B,RELB,0.0520368367433548,0.16189289093017578,3.9911308203991127,10.010111223458038,451,1978,0.10985605418682098
IC_B,ACAT1,1.3327040672302246,0.5382885336875916,63.41463414634146,29.170879676440848,451,1978,-0.7944155335426331
IC_B,ARMC7,0.16564176976680756,0.14085669815540314,11.30820399113082,9.251769464105157,451,1978,-0.02478507161140442
IC_B,PAX8,0.44175705313682556,1.2154173851013184,30.155210643015522,60.262891809909,451,1978,0.7736603319644928
IC_B,ENPEP,0.016311537474393845,0.21568016707897186,0.8869179600886918,11.830131445904954,451,1978,0.19936862960457802
IC_B,IL1RL1,0.013129712082445621,0.002853004727512598,0.4434589800443459,0.20222446916076847,451,1978,-0.010276707354933023
IC_B,DCN,0.09149430692195892,0.06680607795715332,5.099778270509978,3.9433771486349847,451,1978,-0.024688228964805603
IC_B,ALDH8A1,0.0038622748106718063,0.0437704399228096,0.22172949002217296,2.679474216380182,451,1978,0.039908165112137794
IC_B,SLC2A9,0.018118487671017647,0.33205223083496094,1.3303769401330376,17.9474216380182,451,1978,0.3139337431639433
IC_B,SLC9A3,0.0,0.0349215492606163,0.0,2.1233569261880687,451,1978,0.0349215492606163
IC_B,UMOD,0.010693125426769257,0.2551800608634949,0.4434589800443459,12.386248736097068,451,1978,0.24448693543672562
IC_B,PPARA,0.0964716449379921,0.6489927768707275,7.095343680709535,35.844287158746205,451,1978,0.5525211319327354
IC_B,AMN,0.06585569679737091,0.09253480285406113,4.434589800443459,5.308392315470172,451,1978,0.026679106056690216
IC_B,ACTA2,0.0035122190602123737,0.011035040020942688,0.22172949002217296,0.6572295247724975,451,1978,0.007522820960730314
IC_B,KCNJ15,0.034617628902196884,0.39003199338912964,2.2172949002217295,20.677451971688573,451,1978,0.35541436448693275
IC_B,PEPD,0.2431928515434265,0.18224306404590607,18.403547671840354,11.071789686552073,451,1978,-0.06094978749752045
IC_B,TNF,0.0018980070017278194,0.0,0.22172949002217296,0.0,451,1978,-0.0018980070017278194
IC_B,EFHD1,0.8711606860160828,0.9609882235527039,49.889135254988915,50.55611729019211,451,1978,0.0898275375366211
IC_B,SOST,0.003683616640046239,0.002861974760890007,0.22172949002217296,0.20222446916076847,451,1978,-0.0008216418791562319
IC_B,SLC17A3,0.010670985095202923,0.2027857005596161,0.8869179600886918,10.819009100101113,451,1978,0.19211471546441317
IC_B,ALDOB,0.04887550324201584,0.12180604040622711,1.9955654101995564,6.167846309403438,451,1978,0.07293053716421127
IC_B,MME,0.00995226576924324,0.29682913422584534,0.6651884700665188,15.874620829120323,451,1978,0.2868768684566021
IC_B,LGALS2,0.02181827649474144,0.00813036598265171,1.3303769401330376,0.455005055611729,451,1978,-0.01368791051208973
IC_B,BDH2,0.3390602469444275,0.07669591903686523,25.72062084257206,4.499494438827098,451,1978,-0.26236432790756226
IC_B,FN1,0.0192274022847414,0.019702734425663948,1.5521064301552108,1.0616784630940344,451,1978,0.0004753321409225464
IC_B,BICC1,0.19173510372638702,1.3475114107131958,13.082039911308204,58.341759352881695,451,1978,1.1557763069868088
IC_B,ICAM1,0.01167821791023016,0.007399751339107752,1.3303769401330376,0.455005055611729,451,1978,-0.004278466571122408
IC_B,HAVCR1,0.0,0.021688994020223618,0.0,1.2639029322548028,451,1978,0.021688994020223618
IC_B,TDGF1,0.004981683567166328,0.004215122200548649,0.4434589800443459,0.2527805864509606,451,1978,-0.0007665613666176796
IC_B,TM7SF3,0.12532594799995422,0.22783556580543518,9.75609756097561,14.1051567239636,451,1978,0.10250961780548096
IC_B,CD24,0.6178457140922546,0.4090811312198639,34.58980044345898,22.851365015166834,451,1978,-0.20876458287239075
IC_B,VCAM1,0.0013224229915067554,0.0964805856347084,0.22172949002217296,5.358948432760364,451,1978,0.09515816264320165
IC_B,VIM,0.03764054924249649,0.038654785603284836,1.9955654101995564,2.1739130434782608,451,1978,0.0010142363607883453
IC_B,HOXA9,0.11015550047159195,0.07617699354887009,7.317073170731707,4.448938321536906,451,1978,-0.03397850692272186
IC_B,RGL3,0.3518756926059723,1.0422190427780151,24.168514412416854,55.00505561172901,451,1978,0.6903433501720428
IC_B,COL1A1,0.005172818899154663,0.013894695788621902,0.4434589800443459,0.8088978766430739,451,1978,0.00872187688946724
IC_B,JUN,1.565934181213379,0.2354220300912857,61.64079822616409,12.841253791708795,451,1978,-1.3305121511220932
IC_B,DPEP1,0.027339419350028038,0.10387691110372543,1.5521064301552108,5.308392315470172,451,1978,0.0765374917536974
IC_B,TCN2,0.02133411169052124,0.021608566865324974,1.9955654101995564,1.314459049544995,451,1978,0.0002744551748037338
IC_B,OCIAD2,0.38819143176078796,0.051935262978076935,28.60310421286031,3.1344792719919106,451,1978,-0.33625616878271103
IC_B,SOX9,0.06656552106142044,0.029557695612311363,6.430155210643015,1.7694641051567241,451,1978,-0.03700782544910908
IC_B,TWIST1,0.0,0.0037122713401913643,0.0,0.2527805864509606,451,1978,0.0037122713401913643
IC_B,SNAI1,0.010542393662035465,0.0,1.3303769401330376,0.0,451,1978,-0.010542393662035465
IC_B,BCAM,0.4569632112979889,0.2055492252111435,30.820399113082043,12.1840242669363,451,1978,-0.2514139860868454
IC_B,CRB2,0.0,0.005488693248480558,0.0,0.3538928210313448,451,1978,0.005488693248480558
IC_B,CCL2,0.0032038025092333555,0.004827672615647316,0.22172949002217296,0.3033367037411527,451,1978,0.0016238701064139605
IC_B,CUBN,0.04853977635502815,0.7134475111961365,2.2172949002217295,32.25480283114257,451,1978,0.6649077348411083
IC_B,FOS,0.9064547419548035,0.3337495028972626,38.35920177383592,16.48129423660263,451,1978,-0.5727052390575409
IC_B,ACSF2,0.020741576328873634,0.30237820744514465,1.3303769401330376,16.380182002022245,451,1978,0.281636631116271
IC_B,SHMT1,0.040818892419338226,0.17045193910598755,3.7694013303769403,9.858442871587462,451,1978,0.12963304668664932
IC_B,AOC1,0.013327323831617832,0.007839547470211983,0.8869179600886918,0.455005055611729,451,1978,-0.0054877763614058495
IC_B,HNF4A,0.0,0.10549569129943848,0.0,5.915065722952477,451,1978,0.10549569129943848
IC_B,PROM1,0.006424020975828171,0.07778982073068619,1.1086474501108647,4.499494438827098,451,1978,0.07136579975485802
IC_B,ACY1,0.13867396116256714,0.06728561222553253,12.416851441241686,3.7917087967644085,451,1978,-0.0713883489370346
Endo_Peritubular,SLC5A10,0.006347405258566141,0.06609786301851273,0.4772599663110612,3.439939213925537,3562,14477,0.059750457759946585
Endo_Peritubular,CYFIP2,0.06363064795732498,0.27206578850746155,3.902302077484559,13.476549008772537,3562,14477,0.20843514055013657
Endo_Peritubular,RELB,0.06440258026123047,0.20801857113838196,4.1830432341381245,11.397388961801479,3562,14477,0.1436159908771515
Endo_Peritubular,ACAT1,0.2787171006202698,0.20686785876750946,16.81639528354857,11.176348691027146,3562,14477,-0.07184924185276031
Endo_Peritubular,ARMC7,0.032743602991104126,0.04983335733413696,2.386299831555306,2.838985977757823,3562,14477,0.017089754343032837
Endo_Peritubular,PAX8,0.017096327617764473,0.4123556613922119,1.2633352049410442,19.714029149685707,3562,14477,0.39525933377444744
Endo_Peritubular,ENPEP,0.015951581299304962,0.28141170740127563,0.8983717012914094,13.55943911031291,3562,14477,0.2654601261019707
Endo_Peritubular,IL1RL1,0.04877915978431702,0.02140321210026741,2.2459292532285233,1.13283138771845,3562,14477,-0.027375947684049606
Endo_Peritubular,DCN,0.006235121749341488,0.10028912127017975,0.5334081976417743,5.166816329350003,3562,14477,0.09405399952083826
Endo_Peritubular,ALDH8A1,0.009818246588110924,0.04765419289469719,0.617630544637844,2.535055605443117,3562,14477,0.037835946306586266
Endo_Peritubular,SLC2A9,0.030239656567573547,0.4576418995857239,1.4598540145985401,21.19223596048905,3562,14477,0.42740224301815033
Endo_Peritubular,SLC9A3,0.0005032800836488605,0.031653862446546555,0.05614823133071309,1.9341023692754022,3562,14477,0.031150582362897694
Endo_Peritubular,UMOD,0.18652744591236115,0.42566341161727905,9.545199326221224,19.223596048905158,3562,14477,0.2391359657049179
Endo_Peritubular,PPARA,0.03794322907924652,0.40344396233558655,2.5547445255474455,19.7416591835325,3562,14477,0.36550073325634
Endo_Peritubular,AMN,0.032764967530965805,0.0562962144613266,2.1055586749017405,2.825170960834427,3562,14477,0.023531246930360794
Endo_Peritubular,ACTA2,0.03342388570308685,0.036697231233119965,2.330151600224593,1.9824549285072874,3562,14477,0.0032733455300331116
Endo_Peritubular,KCNJ15,0.03588586300611496,0.39837369322776794,2.021336327905671,18.263452372729155,3562,14477,0.362487830221653
Endo_Peritubular,PEPD,0.22015716135501862,0.17772148549556732,13.363279056709715,9.718864405608898,3562,14477,-0.042435675859451294
Endo_Peritubular,TNF,0.06576119363307953,0.0008032203768379986,3.790005614823133,0.04835255923188506,3562,14477,-0.06495797325624153
Endo_Peritubular,EFHD1,0.027234738692641258,0.20621168613433838,1.8528916339135317,10.326725150238309,3562,14477,0.17897694744169712
Endo_Peritubular,SOST,0.29105740785598755,0.010281471535563469,11.706906232453678,0.566415693859225,3562,14477,-0.2807759363204241
Endo_Peritubular,SLC17A3,0.015516554936766624,0.20284175872802734,0.9264458169567659,9.746494439455688,3562,14477,0.18732520379126072
Endo_Peritubular,ALDOB,0.3531024158000946,0.2715771794319153,13.419427288040428,12.032879740277682,3562,14477,-0.08152523636817932
Endo_Peritubular,MME,0.06607890874147415,0.37131401896476746,3.8461538461538463,17.1513435103958,3562,14477,0.3052351102232933
Endo_Peritubular,LGALS2,0.04380975663661957,0.016868956387043,2.807411566535654,0.9325136423292117,3562,14477,-0.02694080024957657
Endo_Peritubular,BDH2,0.16158513724803925,0.12137315422296524,10.275126333520495,6.7969883263107,3562,14477,-0.040211983025074005
Endo_Peritubular,FN1,0.8608894944190979,0.29656916856765747,36.580572711959576,14.989293361884368,3562,14477,-0.5643203258514404
Endo_Peritubular,BICC1,0.016377273947000504,0.7436261773109436,1.094890510948905,31.629481246114526,3562,14477,0.7272489033639431
Endo_Peritubular,ICAM1,0.30916231870651245,0.16666534543037415,17.68669286917462,7.860744629412171,3562,14477,-0.1424969732761383
Endo_Peritubular,HAVCR1,0.0,0.024823317304253578,0.0,1.3676866754161774,3562,14477,0.024823317304253578
Endo_Peritubular,TDGF1,0.004439700394868851,0.0037565126549452543,0.3368893879842785,0.2210402707743317,3562,14477,-0.0006831877399235964
Endo_Peritubular,TM7SF3,0.1385408341884613,0.29338178038597107,9.376754632229085,16.025419631139048,3562,14477,0.15484094619750977
Endo_Peritubular,CD24,0.1207936629652977,0.3529825210571289,7.636159460976979,16.95793327346826,3562,14477,0.2321888580918312
Endo_Peritubular,VCAM1,0.18743176758289337,0.4100051820278168,9.685569904548007,18.560475236582164,3562,14477,0.2225734144449234
Endo_Peritubular,VIM,1.1235358715057373,0.23965205252170563,48.84896125772038,12.48877529874974,3562,14477,-0.8838838189840317
Endo_Peritubular,HOXA9,0.021459773182868958,0.047415249049663544,1.4317798989331836,2.673205774677074,3562,14477,0.025955475866794586
Endo_Peritubular,RGL3,0.03688774257898331,0.2964125871658325,2.386299831555306,15.652414174207363,3562,14477,0.2595248445868492
Endo_Peritubular,COL1A1,0.005378942470997572,0.01480848528444767,0.4491858506457047,0.8565310492505354,3562,14477,0.009429542813450098
Endo_Peritubular,JUN,2.0746889114379883,0.3638668954372406,70.66254912970241,17.40692132347862,3562,14477,-1.7108220160007477
Endo_Peritubular,DPEP1,0.04764013737440109,0.10696575045585632,2.6108927568781586,5.14609380396491,3562,14477,0.05932561308145523
Endo_Peritubular,TCN2,0.19355207681655884,0.08116400986909866,12.296462661426165,4.973406092422463,3562,14477,-0.11238806694746017
Endo_Peritubular,OCIAD2,0.19459982216358185,0.05440619960427284,11.875350926445817,2.88043102852801,3562,14477,-0.140193622559309
Endo_Peritubular,SOX9,0.006810540799051523,0.01746717281639576,0.5334081976417743,0.9325136423292117,3562,14477,0.010656632017344236
Endo_Peritubular,TWIST1,0.00012059783330187201,0.0024995601270347834,0.028074115665356544,0.13815016923395732,3562,14477,0.0023789622937329113
Endo_Peritubular,SNAI1,0.1331889033317566,0.014792564325034618,8.225715889949466,0.8910685915590246,3562,14477,-0.11839633900672197
Endo_Peritubular,BCAM,0.3509227931499481,0.19885729253292084,21.33632790567097,10.761898183325275,3562,14477,-0.15206550061702728
Endo_Peritubular,CRB2,0.0,0.009649730287492275,0.0,0.4973406092422463,3562,14477,0.009649730287492275
Endo_Peritubular,CCL2,0.19137661159038544,0.034036971628665924,8.787198203256597,1.906472335428611,3562,14477,-0.1573396399617195
Endo_Peritubular,CUBN,0.0951477661728859,0.9195622801780701,4.772599663110612,36.36803205083926,3562,14477,0.8244145140051842
Endo_Peritubular,FOS,1.755899429321289,0.490571528673172,59.825940482874785,21.344201146646405,3562,14477,-1.265327900648117
Endo_Peritubular,ACSF2,0.036108676344156265,0.31565776467323303,2.4143739472206627,15.369206327277752,3562,14477,0.27954908832907677
Endo_Peritubular,SHMT1,0.046141885221004486,0.17895378172397614,2.8354856822010106,9.269876355598536,3562,14477,0.13281189650297165
Endo_Peritubular,AOC1,0.02139466442167759,0.02384311705827713,1.5721504772599662,1.188091455412033,3562,14477,0.0024484526365995407
Endo_Peritubular,HNF4A,0.00818015169352293,0.12618181109428406,0.5334081976417743,6.306555225530151,3562,14477,0.11800165940076113
Endo_Peritubular,PROM1,0.006002252455800772,0.11615663766860962,0.5053340819764177,6.140775022449403,3562,14477,0.11015438521280885
Endo_Peritubular,ACY1,0.07718990743160248,0.06836488842964172,4.716451431779898,3.4813842646957243,3562,14477,-0.008825019001960754
Fibroblast_1,SLC5A10,0.008592451922595501,0.035982951521873474,0.5340453938584779,1.8355497284135607,749,5339,0.027390499599277973
Fibroblast_1,CYFIP2,0.11170406639575958,0.2126300185918808,9.212283044058744,9.814572017231692,749,5339,0.10092595219612122
Fibroblast_1,RELB,0.05510098487138748,0.2904016077518463,4.806408544726302,14.572017231691328,749,5339,0.23530062288045883
Fibroblast_1,ACAT1,0.32925501465797424,0.16189487278461456,26.301735647530037,8.784416557407754,749,5339,-0.16736014187335968
Fibroblast_1,ARMC7,0.028069311752915382,0.03418877348303795,2.53671562082777,1.74189923206593,749,5339,0.006119461730122566
Fibroblast_1,PAX8,0.031491685658693314,0.33717644214630127,2.67022696929239,14.834238621464694,749,5339,0.30568475648760796
Fibroblast_1,ENPEP,0.05942077562212944,0.2854146659374237,4.405874499332444,13.392020977711184,749,5339,0.22599389031529427
Fibroblast_1,IL1RL1,0.08788985759019852,0.02389456145465374,4.2723631508678235,1.0863457576325155,749,5339,-0.06399529613554478
Fibroblast_1,DCN,0.9532410502433777,0.4994381070137024,36.715620827770366,22.944371605169508,749,5339,-0.4538029432296753
Fibroblast_1,ALDH8A1,0.013942409306764603,0.027372241020202637,1.0680907877169559,1.4047574452144596,749,5339,0.013429831713438034
Fibroblast_1,SLC2A9,0.00314957182854414,0.2870727479457855,0.26702269692923897,13.616782168945496,749,5339,0.2839231761172414
Fibroblast_1,SLC9A3,0.0017160193528980017,0.021405460312962532,0.13351134846461948,1.2174564525191984,749,5339,0.01968944096006453
Fibroblast_1,UMOD,0.08661996573209763,0.2480589896440506,5.740987983978639,10.470125491665105,749,5339,0.16143902391195297
Fibroblast_1,PPARA,0.07734847813844681,0.3542553782463074,7.343124165554073,17.587563214085034,749,5339,0.27690690010786057
Fibroblast_1,AMN,0.03131461143493652,0.028963645920157433,2.403204272363151,1.3672972466754074,749,5339,-0.002350965514779091
Fibroblast_1,ACTA2,1.2235465049743652,0.620858371257782,49.13217623497997,27.046263345195733,749,5339,-0.6026881337165833
Fibroblast_1,KCNJ15,0.027726197615265846,0.2715848982334137,1.7356475300400533,12.380595617156771,749,5339,0.24385870061814785
Fibroblast_1,PEPD,0.22715435922145844,0.16530737280845642,18.024032042723633,8.634575763251545,749,5339,-0.061846986413002014
Fibroblast_1,TNF,0.1583353877067566,0.0009606804815120995,8.945260347129507,0.037460198539052254,749,5339,-0.1573747072252445
Fibroblast_1,EFHD1,0.3299654424190521,0.22980622947216034,26.034712950600802,11.050758569020417,749,5339,-0.10015921294689178
Fibroblast_1,SOST,0.012345333583652973,0.0018621723866090178,0.6675567423230975,0.09365049634763065,749,5339,-0.010483161197043955
Fibroblast_1,SLC17A3,0.011371557600796223,0.11663638800382614,0.6675567423230975,5.375538490353999,749,5339,0.10526483040302992
Fibroblast_1,ALDOB,0.1899787038564682,0.14051832258701324,6.141522029372497,6.255853156021727,749,5339,-0.049460381269454956
Fibroblast_1,MME,0.0532069094479084,0.2445133924484253,2.9372496662216285,11.032028469750891,749,5339,0.1913064830005169
Fibroblast_1,LGALS2,0.051792435348033905,0.022265708073973656,4.405874499332444,1.1987263532496721,749,5339,-0.02952672727406025
Fibroblast_1,BDH2,0.21986301243305206,0.12293507158756256,18.157543391188252,6.96759692826372,749,5339,-0.0969279408454895
Fibroblast_1,FN1,0.4784044623374939,0.3600410223007202,29.372496662216292,16.78216894549541,749,5339,-0.11836344003677368
Fibroblast_1,BICC1,0.09635306149721146,1.4467170238494873,6.408544726301736,55.64712492976213,749,5339,1.3503639623522758
Fibroblast_1,ICAM1,0.1788865625858307,0.0909649133682251,12.016021361815755,4.364113129799588,749,5339,-0.08792164921760559
Fibroblast_1,HAVCR1,0.0,0.03949851915240288,0.0,1.9479303240307173,749,5339,0.03949851915240288
Fibroblast_1,TDGF1,0.0,0.0029390088748186827,0.0,0.16857089342573517,749,5339,0.0029390088748186827
Fibroblast_1,TM7SF3,0.09542058408260345,0.2216608077287674,8.411214953271028,12.099644128113878,749,5339,0.12624022364616394
Fibroblast_1,CD24,0.21094411611557007,0.3222222924232483,15.48731642189586,14.32852594118749,749,5339,0.11127817630767822
Fibroblast_1,VCAM1,0.09348766505718231,0.20851817727088928,7.610146862483311,10.582506087282264,749,5339,0.11503051221370697
Fibroblast_1,VIM,2.2612874507904053,0.5070084929466248,85.18024032042723,22.644690016857087,749,5339,-1.7542789578437805
Fibroblast_1,HOXA9,0.057563647627830505,0.05659332126379013,5.2069425901201605,3.184116875819442,749,5339,-0.0009703263640403748
Fibroblast_1,RGL3,0.056124210357666016,0.1704997718334198,5.07343124165554,8.316164075669601,749,5339,0.11437556147575378
Fibroblast_1,COL1A1,0.9029641151428223,0.25198087096214294,42.857142857142854,13.29837048136355,749,5339,-0.6509832441806793
Fibroblast_1,JUN,3.2486045360565186,0.4518955647945404,88.51802403204272,18.936130361490918,749,5339,-2.796708971261978
Fibroblast_1,DPEP1,0.050974369049072266,0.10263659805059433,3.337783711615487,5.600299681588313,749,5339,0.051662229001522064
Fibroblast_1,TCN2,0.03365016728639603,0.02948181889951229,3.0707610146862483,1.610788537179247,749,5339,-0.004168348386883736
Fibroblast_1,OCIAD2,0.1687932163476944,0.036740321666002274,11.615487316421897,1.760629331335456,749,5339,-0.13205289468169212
Fibroblast_1,SOX9,0.03170390799641609,0.02151038497686386,2.803738317757009,1.0863457576325155,749,5339,-0.01019352301955223
Fibroblast_1,TWIST1,0.10227760672569275,0.01056487113237381,9.078771695594126,0.6180932758943622,749,5339,-0.09171273559331894
Fibroblast_1,SNAI1,0.09652616083621979,0.0025065927766263485,8.144192256341789,0.1873009926952613,749,5339,-0.09401956805959344
Fibroblast_1,BCAM,0.6216484308242798,0.098879374563694,38.584779706275036,4.888555909346319,749,5339,-0.5227690562605858
Fibroblast_1,CRB2,0.004330734722316265,0.008213546127080917,0.26702269692923897,0.4682524817381532,749,5339,0.0038828114047646523
Fibroblast_1,CCL2,0.8218547701835632,0.09830057621002197,35.51401869158878,5.113317100580633,749,5339,-0.7235541939735413
Fibroblast_1,CUBN,0.07065555453300476,0.582872748374939,3.204272363150868,22.21389773365799,749,5339,0.5122171938419342
Fibroblast_1,FOS,3.2827982902526855,0.6896910667419434,90.65420560747664,28.132609102828244,749,5339,-2.593107223510742
Fibroblast_1,ACSF2,0.021874969825148582,0.1770673245191574,2.1361815754339117,8.634575763251545,749,5339,0.15519235469400883
Fibroblast_1,SHMT1,0.04662157967686653,0.11975016444921494,3.6048064085447264,6.012361865517887,749,5339,0.0731285847723484
Fibroblast_1,AOC1,0.02359570376574993,0.015758806839585304,1.7356475300400533,0.8053942685896235,749,5339,-0.007836896926164627
Fibroblast_1,HNF4A,0.008466251194477081,0.07579176127910614,0.5340453938584779,3.783480052444278,749,5339,0.06732551008462906
Fibroblast_1,PROM1,0.008898104541003704,0.16434285044670105,0.6675567423230975,7.7355309983142915,749,5339,0.15544474590569735
Fibroblast_1,ACY1,0.1159021183848381,0.04418604448437691,8.945260347129507,2.2663420116126614,749,5339,-0.0717160739004612
Fibroblast_2,SLC5A10,0.0018244636012241244,0.03667943552136421,0.0946073793755913,1.8982536066818527,1057,1317,0.03485497192014009
Fibroblast_2,CYFIP2,0.096881203353405,0.26716741919517517,7.095553453169347,12.680334092634777,1057,1317,0.17028621584177017
Fibroblast_2,RELB,0.01786031201481819,0.17236830294132233,1.229895931882687,8.200455580865604,1057,1317,0.15450799092650414
Fibroblast_2,ACAT1,0.354890376329422,0.14693652093410492,24.314096499526965,7.365223993925589,1057,1317,-0.20795385539531708
Fibroblast_2,ARMC7,0.021931899711489677,0.05595974251627922,1.7975402081362346,2.58162490508732,1057,1317,0.03402784280478954
Fibroblast_2,PAX8,0.050422269850969315,0.400735467672348,4.068117313150426,17.615793470007592,1057,1317,0.3503131978213787
Fibroblast_2,ENPEP,0.015619662590324879,0.28726401925086975,1.0406811731315044,13.211845102505695,1057,1317,0.2716443566605449
Fibroblast_2,IL1RL1,0.5991005301475525,0.08289757370948792,15.421002838221382,3.416856492027335,1057,1317,-0.5162029564380646
Fibroblast_2,DCN,0.1576162725687027,0.21170620620250702,9.176915799432356,9.339407744874716,1057,1317,0.05408993363380432
Fibroblast_2,ALDH8A1,0.008511128835380077,0.04579151049256325,0.47303689687795647,2.277904328018223,1057,1317,0.03728038165718317
Fibroblast_2,SLC2A9,0.0021982924081385136,0.2520636022090912,0.1892147587511826,11.617312072892938,1057,1317,0.24986530980095267
Fibroblast_2,SLC9A3,0.002723120851442218,0.030034905299544334,0.28382213812677387,1.5945330296127564,1057,1317,0.027311784448102117
Fibroblast_2,UMOD,0.1602421998977661,0.3983144164085388,8.893093661305581,16.932422171602127,1057,1317,0.2380722165107727
Fibroblast_2,PPARA,0.08017200231552124,0.4185188114643097,6.054872280037843,19.286256643887622,1057,1317,0.33834680914878845
Fibroblast_2,AMN,0.012959652580320835,0.025343073531985283,0.9460737937559129,1.2148823082763858,1057,1317,0.012383420951664448
Fibroblast_2,ACTA2,2.033400297164917,0.5790902376174927,73.69914853358563,23.31055429005315,1057,1317,-1.4543100595474243
Fibroblast_2,KCNJ15,0.0174387376755476,0.2874031960964203,1.0406811731315044,13.363705391040243,1057,1317,0.2699644584208727
Fibroblast_2,PEPD,0.23429837822914124,0.15143314003944397,16.93472090823084,7.517084282460136,1057,1317,-0.08286523818969727
Fibroblast_2,TNF,0.02869495376944542,0.0,1.7029328287606436,0.0,1057,1317,-0.02869495376944542
Fibroblast_2,EFHD1,0.42460280656814575,0.36104267835617065,29.61210974456008,16.62870159453303,1057,1317,-0.0635601282119751
Fibroblast_2,SOST,0.02552589401602745,0.0026631481014192104,1.229895931882687,0.15186028853454822,1057,1317,-0.02286274591460824
Fibroblast_2,SLC17A3,0.007577378302812576,0.13625168800354004,0.47303689687795647,6.074411541381928,1057,1317,0.12867430970072746
Fibroblast_2,ALDOB,0.07474526017904282,0.14366616308689117,3.216650898770104,6.605922551252847,1057,1317,0.06892090290784836
Fibroblast_2,MME,0.009642435237765312,0.21429401636123657,0.6622516556291391,10.022779043280181,1057,1317,0.20465158112347126
Fibroblast_2,LGALS2,0.0375593937933445,0.013285333290696144,2.9328287606433303,0.6074411541381929,1057,1317,-0.024274060502648354
Fibroblast_2,BDH2,0.24281497299671173,0.11508001387119293,16.93472090823084,5.466970387243736,1057,1317,-0.1277349591255188
Fibroblast_2,FN1,0.4015882909297943,0.41012558341026306,25.354777672658468,16.932422171602127,1057,1317,0.00853729248046875
Fibroblast_2,BICC1,0.022714264690876007,1.004616379737854,1.5137180700094608,39.55960516324981,1057,1317,0.981902115046978
Fibroblast_2,ICAM1,0.027212580665946007,0.054566945880651474,1.7029328287606436,2.4297646165527715,1057,1317,0.027354365214705467
Fibroblast_2,HAVCR1,0.00048174476251006126,0.03201862797141075,0.0946073793755913,1.518602885345482,1057,1317,0.03153688320890069
Fibroblast_2,TDGF1,0.00231912056915462,0.004726541228592396,0.1892147587511826,0.22779043280182232,1057,1317,0.0024074206594377756
Fibroblast_2,TM7SF3,0.07412616908550262,0.26306894421577454,5.581835383159887,12.52847380410023,1057,1317,0.1889427751302719
Fibroblast_2,CD24,0.16977238655090332,0.4070056974887848,11.825922421948912,17.995444191343964,1057,1317,0.23723331093788147
Fibroblast_2,VCAM1,0.050032731145620346,0.19837477803230286,3.0274361400189216,9.339407744874716,1057,1317,0.1483420468866825
Fibroblast_2,VIM,2.3820464611053467,0.38054049015045166,87.13339640491958,16.40091116173121,1057,1317,-2.001505970954895
Fibroblast_2,HOXA9,0.05425303056836128,0.05904747545719147,3.7842951750236518,2.9612756264236904,1057,1317,0.004794444888830185
Fibroblast_2,RGL3,0.07446232438087463,0.3833007216453552,5.7710501419110685,17.615793470007592,1057,1317,0.3088383972644806
Fibroblast_2,COL1A1,0.2615235149860382,0.2027297019958496,18.637653736991485,8.88382687927107,1057,1317,-0.0587938129901886
Fibroblast_2,JUN,1.3392939567565918,0.3735877573490143,54.210028382213814,15.945330296127564,1057,1317,-0.9657061994075775
Fibroblast_2,DPEP1,0.019459275528788567,0.06202055141329765,1.0406811731315044,2.809415337889142,1057,1317,0.04256127588450909
Fibroblast_2,TCN2,0.0259805116802454,0.0369810126721859,1.9867549668874174,1.7463933181473046,1057,1317,0.011000500991940498
Fibroblast_2,OCIAD2,0.06942034512758255,0.04250164330005646,4.541154210028382,1.8982536066818527,1057,1317,-0.026918701827526093
Fibroblast_2,SOX9,0.008982181549072266,0.01039735134691,0.6622516556291391,0.5315110098709187,1057,1317,0.0014151697978377342
Fibroblast_2,TWIST1,0.03437059000134468,0.012540402822196484,2.7436140018921478,0.5315110098709187,1057,1317,-0.021830187179148197
Fibroblast_2,SNAI1,0.026001393795013428,0.0,1.608325449385052,0.0,1057,1317,-0.026001393795013428
Fibroblast_2,BCAM,1.1127477884292603,0.23546645045280457,58.84578997161779,11.161731207289293,1057,1317,-0.8772813379764557
Fibroblast_2,CRB2,0.0015936718555167317,0.00899440422654152,0.0946073793755913,0.45558086560364464,1057,1317,0.007400732371024787
Fibroblast_2,CCL2,0.14835608005523682,0.05296245589852333,8.609271523178808,2.6575550493545936,1057,1317,-0.09539362415671349
Fibroblast_2,CUBN,0.028843671083450317,0.6232240200042725,1.7029328287606436,24.601366742596813,1057,1317,0.5943803489208221
Fibroblast_2,FOS,1.1647560596466064,0.5086933374404907,46.546830652790916,20.804859529233106,1057,1317,-0.6560627222061157
Fibroblast_2,ACSF2,0.024356145411729813,0.2179553210735321,1.8921475875118259,10.402429764616553,1057,1317,0.1935991756618023
Fibroblast_2,SHMT1,0.03592502698302269,0.14646555483341217,2.6490066225165565,7.137433561123766,1057,1317,0.11054052785038948
Fibroblast_2,AOC1,0.011157985776662827,0.019023656845092773,0.8514664143803218,0.9111617312072893,1057,1317,0.007865671068429947
Fibroblast_2,HNF4A,0.007436609361320734,0.08819206804037094,0.47303689687795647,4.25208807896735,1057,1317,0.08075545867905021
Fibroblast_2,PROM1,0.011862488463521004,0.17601096630096436,0.8514664143803218,8.048595292331056,1057,1317,0.16414847783744335
Fibroblast_2,ACY1,0.10421077162027359,0.03700074926018715,7.852412488174078,1.8982536066818527,1057,1317,-0.06721002236008644
MyoFib/VSMC,SLC5A10,0.0,0.009361950680613518,0.0,0.5033557046979865,604,596,0.009361950680613518
MyoFib/VSMC,CYFIP2,0.10149943083524704,0.22957518696784973,7.6158940397351,10.906040268456376,604,596,0.1280757561326027
MyoFib/VSMC,RELB,0.028822077438235283,0.11884421855211258,2.152317880794702,5.369127516778524,604,596,0.0900221411138773
MyoFib/VSMC,ACAT1,0.36556175351142883,0.16650134325027466,27.483443708609272,9.060402684563758,604,596,-0.19906041026115417
MyoFib/VSMC,ARMC7,0.01840842142701149,0.020170029252767563,1.1589403973509933,1.006711409395973,604,596,0.001761607825756073
MyoFib/VSMC,PAX8,0.025919875130057335,0.3664740025997162,1.9867549668874174,16.778523489932887,604,596,0.34055412746965885
MyoFib/VSMC,ENPEP,0.029857970774173737,0.07971068471670151,2.152317880794702,4.194630872483222,604,596,0.04985271394252777
MyoFib/VSMC,IL1RL1,0.005603530444204807,0.0,0.49668874172185434,0.0,604,596,-0.005603530444204807
MyoFib/VSMC,DCN,0.02976967580616474,0.22671104967594147,1.6556291390728477,9.899328859060402,604,596,0.19694137386977673
MyoFib/VSMC,ALDH8A1,0.008694877848029137,0.01547006145119667,0.8278145695364238,0.8389261744966443,604,596,0.006775183603167534
MyoFib/VSMC,SLC2A9,0.005922769196331501,0.0569177083671093,0.33112582781456956,3.0201342281879198,604,596,0.0509949391707778
MyoFib/VSMC,SLC9A3,0.005296127870678902,0.04349628835916519,0.49668874172185434,2.348993288590604,604,596,0.03820016048848629
MyoFib/VSMC,UMOD,0.15881136059761047,0.45658695697784424,9.933774834437086,19.630872483221477,604,596,0.29777559638023376
MyoFib/VSMC,PPARA,0.09189177304506302,0.2145564705133438,7.119205298013245,10.570469798657719,604,596,0.12266469746828079
MyoFib/VSMC,AMN,0.0198960043489933,0.01224711537361145,1.8211920529801324,0.8389261744966443,604,596,-0.007648888975381851
MyoFib/VSMC,ACTA2,3.424272298812866,2.0761661529541016,97.18543046357617,70.30201342281879,604,596,-1.3481061458587646
MyoFib/VSMC,KCNJ15,0.01938466541469097,0.09132350236177444,1.3245033112582782,4.530201342281879,604,596,0.07193883694708347
MyoFib/VSMC,PEPD,0.2543239891529083,0.12468595057725906,19.039735099337747,6.375838926174497,604,596,-0.12963803857564926
MyoFib/VSMC,TNF,0.031636763364076614,0.0,1.9867549668874174,0.0,604,596,-0.031636763364076614
MyoFib/VSMC,EFHD1,0.4492335915565491,0.365835040807724,32.450331125827816,17.78523489932886,604,596,-0.08339855074882507
MyoFib/VSMC,SOST,0.01862097717821598,0.0,1.490066225165563,0.0,604,596,-0.01862097717821598
MyoFib/VSMC,SLC17A3,0.005677500274032354,0.03680736944079399,0.49668874172185434,2.013422818791946,604,596,0.031129869166761637
MyoFib/VSMC,ALDOB,0.06618443131446838,0.03645758703351021,3.47682119205298,2.013422818791946,604,596,-0.029726844280958176
MyoFib/VSMC,MME,0.022383689880371094,0.05153075233101845,1.490066225165563,2.684563758389262,604,596,0.029147062450647354
MyoFib/VSMC,LGALS2,0.01381753757596016,0.0028420647140592337,1.1589403973509933,0.16778523489932887,604,596,-0.010975472861900926
MyoFib/VSMC,BDH2,0.1863902360200882,0.12765680253505707,15.2317880794702,6.543624161073826,604,596,-0.05873343348503113
MyoFib/VSMC,FN1,0.5702261328697205,0.8448677062988281,34.7682119205298,32.21476510067114,604,596,0.27464157342910767
MyoFib/VSMC,BICC1,0.014611471444368362,0.8340545296669006,0.9933774834437087,34.060402684563755,604,596,0.8194430582225323
MyoFib/VSMC,ICAM1,0.038676682859659195,0.009045857936143875,2.4834437086092715,0.33557046979865773,604,596,-0.02963082492351532
MyoFib/VSMC,HAVCR1,0.0,0.01723715104162693,0.0,0.8389261744966443,604,596,0.01723715104162693
MyoFib/VSMC,TDGF1,0.003659260692074895,0.0011134459637105465,0.33112582781456956,0.16778523489932887,604,596,-0.0025458147283643484
MyoFib/VSMC,TM7SF3,0.06848099827766418,0.2180500626564026,5.960264900662252,10.570469798657719,604,596,0.1495690643787384
MyoFib/VSMC,CD24,0.15041206777095795,0.21381475031375885,10.927152317880795,10.40268456375839,604,596,0.0634026825428009
MyoFib/VSMC,VCAM1,0.027075886726379395,0.05968037620186806,1.8211920529801324,3.1879194630872485,604,596,0.03260448947548866
MyoFib/VSMC,VIM,3.1239073276519775,0.6579970121383667,96.52317880794702,26.006711409395972,604,596,-2.465910315513611
MyoFib/VSMC,HOXA9,0.09773780405521393,0.0345371812582016,7.6158940397351,1.8456375838926176,604,596,-0.06320062279701233
MyoFib/VSMC,RGL3,0.0958145409822464,0.28102633357048035,8.112582781456954,13.590604026845638,604,596,0.18521179258823395
MyoFib/VSMC,COL1A1,0.27492088079452515,0.290521502494812,18.543046357615893,13.25503355704698,604,596,0.015600621700286865
MyoFib/VSMC,JUN,2.0053412914276123,0.32504984736442566,72.18543046357617,14.597315436241612,604,596,-1.6802914440631866
MyoFib/VSMC,DPEP1,0.01791069470345974,0.014980824664235115,1.490066225165563,0.8389261744966443,604,596,-0.0029298700392246246
MyoFib/VSMC,TCN2,0.011433129198849201,0.0325995571911335,0.9933774834437087,1.5100671140939599,604,596,0.021166427992284298
MyoFib/VSMC,OCIAD2,0.07051736861467361,0.011387243866920471,6.125827814569536,0.5033557046979865,604,596,-0.05913012474775314
MyoFib/VSMC,SOX9,0.015397308394312859,0.0027932485099881887,1.490066225165563,0.16778523489932887,604,596,-0.01260405988432467
MyoFib/VSMC,TWIST1,0.04263652488589287,0.01203709002584219,3.80794701986755,0.5033557046979865,604,596,-0.030599434860050678
MyoFib/VSMC,SNAI1,0.029803747311234474,0.004498983267694712,1.8211920529801324,0.16778523489932887,604,596,-0.025304764043539762
MyoFib/VSMC,BCAM,1.5303720235824585,0.29601696133613586,76.15894039735099,14.429530201342283,604,596,-1.2343550622463226
MyoFib/VSMC,CRB2,0.0011803264496847987,0.0,0.16556291390728478,0.0,604,596,-0.0011803264496847987
MyoFib/VSMC,CCL2,0.11264997720718384,0.039190854877233505,7.6158940397351,1.8456375838926176,604,596,-0.07345912232995033
MyoFib/VSMC,CUBN,0.05494159460067749,0.2511361539363861,3.642384105960265,11.577181208053691,604,596,0.19619455933570862
MyoFib/VSMC,FOS,2.2259788513183594,0.46092766523361206,74.00662251655629,18.959731543624162,604,596,-1.7650511860847473
MyoFib/VSMC,ACSF2,0.027337918058037758,0.09733245521783829,1.9867549668874174,5.033557046979865,604,596,0.06999453715980053
MyoFib/VSMC,SHMT1,0.021245744079351425,0.05457059666514397,1.8211920529801324,3.0201342281879198,604,596,0.03332485258579254
MyoFib/VSMC,AOC1,0.024403557181358337,0.012576648034155369,1.9867549668874174,0.6711409395973155,604,596,-0.011826909147202969
MyoFib/VSMC,HNF4A,0.002171250293031335,0.023976927623152733,0.16556291390728478,1.342281879194631,604,596,0.021805677330121398
MyoFib/VSMC,PROM1,0.009263502433896065,0.07606567442417145,0.6622516556291391,3.859060402684564,604,596,0.06680217199027538
MyoFib/VSMC,ACY1,0.06953388452529907,0.013292506337165833,6.125827814569536,0.6711409395973155,604,596,-0.05624137818813324
GS_Stromal,SLC5A10,0.005457605700939894,0.09946367144584656,0.29940119760479045,5.935613682092555,334,994,0.09400606574490666
GS_Stromal,CYFIP2,0.157730370759964,0.31118524074554443,8.982035928143713,16.498993963782695,334,994,0.15345486998558044
GS_Stromal,RELB,0.060152966529130936,0.23227429389953613,4.191616766467066,13.279678068410464,334,994,0.1721213273704052
GS_Stromal,ACAT1,0.12567946314811707,0.19831913709640503,6.287425149700598,10.865191146881289,334,994,0.07263967394828796
GS_Stromal,ARMC7,0.021864112466573715,0.08753067255020142,1.4970059880239521,4.929577464788732,334,994,0.0656665600836277
GS_Stromal,PAX8,0.02045254223048687,0.505189061164856,1.1976047904191618,22.736418511066397,334,994,0.4847365189343691
GS_Stromal,ENPEP,0.08260294049978256,0.34797629714012146,3.592814371257485,19.014084507042252,334,994,0.2653733566403389
GS_Stromal,IL1RL1,0.00983059499412775,0.005354678723961115,0.5988023952095809,0.30181086519114686,334,994,-0.0044759162701666355
GS_Stromal,DCN,0.02603675052523613,0.19206926226615906,1.4970059880239521,10.663983903420524,334,994,0.16603251174092293
GS_Stromal,ALDH8A1,0.02767694741487503,0.040197744965553284,1.1976047904191618,2.414486921529175,334,994,0.012520797550678253
GS_Stromal,SLC2A9,0.0,0.550760805606842,0.0,28.87323943661972,334,994,0.550760805606842
GS_Stromal,SLC9A3,0.0,0.04409556835889816,0.0,2.716297786720322,334,994,0.04409556835889816
GS_Stromal,UMOD,0.02585991844534874,0.14284223318099976,1.1976047904191618,5.935613682092555,334,994,0.11698231473565102
GS_Stromal,PPARA,0.05826088413596153,0.42741188406944275,2.9940119760479043,23.038229376257547,334,994,0.3691509999334812
GS_Stromal,AMN,0.013133381493389606,0.03296692669391632,0.5988023952095809,1.8108651911468814,334,994,0.019833545200526714
GS_Stromal,ACTA2,0.047741372138261795,0.1390617936849594,2.9940119760479043,8.048289738430583,334,994,0.09132042154669762
GS_Stromal,KCNJ15,0.03549469634890556,0.3799087107181549,2.3952095808383236,19.41649899396378,334,994,0.34441401436924934
GS_Stromal,PEPD,0.08907245844602585,0.18419185280799866,4.191616766467066,10.362173038229376,334,994,0.09511939436197281
GS_Stromal,TNF,0.42417365312576294,0.008217002265155315,20.958083832335326,0.4024144869215292,334,994,-0.4159566508606076
GS_Stromal,EFHD1,0.010426470078527927,0.30892929434776306,0.8982035928143712,17.20321931589537,334,994,0.29850282426923513
GS_Stromal,SOST,0.00726938946172595,0.008121362887322903,0.29940119760479045,0.4024144869215292,334,994,0.0008519734255969524
GS_Stromal,SLC17A3,0.007479672785848379,0.1431584507226944,0.29940119760479045,7.746478873239436,334,994,0.13567877793684602
GS_Stromal,ALDOB,0.36474817991256714,0.06485165655612946,11.077844311377245,2.61569416498994,334,994,-0.2998965233564377
GS_Stromal,MME,0.07371419668197632,0.31609052419662476,3.293413173652695,16.700201207243463,334,994,0.24237632751464844
GS_Stromal,LGALS2,0.07202562689781189,0.04874825477600098,4.191616766467066,2.8169014084507045,334,994,-0.023277372121810913
GS_Stromal,BDH2,0.06361065059900284,0.07338739186525345,3.592814371257485,3.8229376257545273,334,994,0.00977674126625061
GS_Stromal,FN1,0.10814304649829865,0.1671600639820099,5.389221556886228,9.557344064386317,334,994,0.05901701748371124
GS_Stromal,BICC1,0.020902344956994057,0.8151495456695557,1.4970059880239521,36.116700201207244,334,994,0.7942472007125616
GS_Stromal,ICAM1,0.17921148240566254,0.09545816481113434,10.179640718562874,5.331991951710262,334,994,-0.0837533175945282
GS_Stromal,HAVCR1,0.0,0.11161693930625916,0.0,6.1368209255533195,334,994,0.11161693930625916
GS_Stromal,TDGF1,0.0,0.028618834912776947,0.0,1.6096579476861168,334,994,0.028618834912776947
GS_Stromal,TM7SF3,0.12787233293056488,0.2759351134300232,6.58682634730539,14.88933601609658,334,994,0.1480627804994583
GS_Stromal,CD24,0.1460154801607132,0.37203577160835266,7.48502994011976,19.3158953722334,334,994,0.22602029144763947
GS_Stromal,VCAM1,0.046379122883081436,0.3330632150173187,2.9940119760479043,17.706237424547282,334,994,0.2866840921342373
GS_Stromal,VIM,1.3543508052825928,0.2963871955871582,58.982035928143716,15.392354124748492,334,994,-1.0579636096954346
GS_Stromal,HOXA9,0.01955355331301689,0.03372523933649063,1.4970059880239521,1.9114688128772637,334,994,0.01417168602347374
GS_Stromal,RGL3,0.007052711211144924,0.3235274851322174,0.5988023952095809,18.30985915492958,334,994,0.3164747739210725
GS_Stromal,COL1A1,0.009601311758160591,0.06474760174751282,0.5988023952095809,3.722334004024145,334,994,0.055146289989352226
GS_Stromal,JUN,2.77358341217041,0.06717708706855774,84.13173652694611,3.0181086519114686,334,994,-2.7064063251018524
GS_Stromal,DPEP1,0.03422502428293228,0.07781994342803955,1.4970059880239521,4.426559356136821,334,994,0.04359491914510727
GS_Stromal,TCN2,0.04663035646080971,0.06765041500329971,2.694610778443114,4.0241448692152915,334,994,0.021020058542490005
GS_Stromal,OCIAD2,0.17321263253688812,0.07156790792942047,10.479041916167663,4.225352112676056,334,994,-0.10164472460746765
GS_Stromal,SOX9,0.018989531323313713,0.045553840696811676,0.8982035928143712,2.716297786720322,334,994,0.026564309373497963
GS_Stromal,TWIST1,0.0,0.04992169886827469,0.0,3.0181086519114686,334,994,0.04992169886827469
GS_Stromal,SNAI1,0.11369843035936356,0.0,6.287425149700598,0.0,334,994,-0.11369843035936356
GS_Stromal,BCAM,0.07062135636806488,0.12814980745315552,3.592814371257485,7.142857142857142,334,994,0.05752845108509064
GS_Stromal,CRB2,0.0038018161430954933,0.029354263097047806,0.29940119760479045,1.9114688128772637,334,994,0.025552446953952312
GS_Stromal,CCL2,0.003589966334402561,0.041664574295282364,0.29940119760479045,2.414486921529175,334,994,0.0380746079608798
GS_Stromal,CUBN,0.2069321572780609,0.47612807154655457,8.08383233532934,20.92555331991952,334,994,0.26919591426849365
GS_Stromal,FOS,2.6803183555603027,0.18220597505569458,82.33532934131736,7.645875251509055,334,994,-2.498112380504608
GS_Stromal,ACSF2,0.04389400780200958,0.2238246649503708,2.095808383233533,11.770623742454728,334,994,0.1799306571483612
GS_Stromal,SHMT1,0.0479619987308979,0.19118212163448334,2.9940119760479043,10.160965794768611,334,994,0.14322012290358543
GS_Stromal,AOC1,0.013736133463680744,0.06802928447723389,0.5988023952095809,3.9235412474849096,334,994,0.05429315101355314
GS_Stromal,HNF4A,0.010979361832141876,0.14669302105903625,0.5988023952095809,8.350100603621732,334,994,0.13571365922689438
GS_Stromal,PROM1,0.007948131300508976,0.38148233294487,0.5988023952095809,21.026156941649898,334,994,0.373534201644361
GS_Stromal,ACY1,0.040951188653707504,0.04696481674909592,2.095808383233533,2.5150905432595576,334,994,0.0060136280953884125
Neural_Cells,SLC5A10,0.016222357749938965,0.07438139617443085,0.5235602094240838,3.278688524590164,191,488,0.05815903842449188
Neural_Cells,CYFIP2,0.15913856029510498,0.29084908962249756,9.947643979057592,13.114754098360656,191,488,0.13171052932739258
Neural_Cells,RELB,0.06879716366529465,0.2049040049314499,4.18848167539267,10.245901639344263,191,488,0.13610684126615524
Neural_Cells,ACAT1,0.18022561073303223,0.13888780772686005,8.900523560209423,6.557377049180328,191,488,-0.04133780300617218
Neural_Cells,ARMC7,0.019158698618412018,0.0737556517124176,1.5706806282722512,3.8934426229508197,191,488,0.054596953094005585
Neural_Cells,PAX8,0.005351939704269171,0.6942436099052429,0.5235602094240838,28.688524590163933,191,488,0.6888916702009737
Neural_Cells,ENPEP,0.04273546487092972,0.40524861216545105,1.5706806282722512,18.237704918032787,191,488,0.36251314729452133
Neural_Cells,IL1RL1,0.0,0.017106804996728897,0.0,1.0245901639344261,191,488,0.017106804996728897
Neural_Cells,DCN,0.015908516943454742,0.1968449205160141,1.0471204188481675,8.60655737704918,191,488,0.18093640357255936
Neural_Cells,ALDH8A1,0.0,0.058989267796278,0.0,2.8688524590163933,191,488,0.058989267796278
Neural_Cells,SLC2A9,0.0058334278874099255,0.5731149911880493,0.5235602094240838,25.614754098360653,191,488,0.5672815633006394
Neural_Cells,SLC9A3,0.0,0.023907041177153587,0.0,1.2295081967213115,191,488,0.023907041177153587
Neural_Cells,UMOD,0.045013412833213806,0.05879385024309158,2.094240837696335,2.2540983606557377,191,488,0.013780437409877777
Neural_Cells,PPARA,0.024059278890490532,0.3109070062637329,1.5706806282722512,15.163934426229508,191,488,0.2868477273732424
Neural_Cells,AMN,0.0427408404648304,0.03943514823913574,1.5706806282722512,1.639344262295082,191,488,-0.0033056922256946564
Neural_Cells,ACTA2,0.041349880397319794,0.14707918465137482,2.6178010471204187,6.557377049180328,191,488,0.10572930425405502
Neural_Cells,KCNJ15,0.044667307287454605,0.39364904165267944,2.094240837696335,18.442622950819672,191,488,0.34898173436522484
Neural_Cells,PEPD,0.11256106942892075,0.15354090929031372,5.2356020942408374,7.786885245901639,191,488,0.040979839861392975
Neural_Cells,TNF,0.27315181493759155,0.0037541717756539583,14.659685863874344,0.20491803278688525,191,488,-0.2693976431619376
Neural_Cells,EFHD1,0.027669165283441544,0.21514157950878143,1.5706806282722512,10.450819672131148,191,488,0.1874724142253399
Neural_Cells,SOST,0.0,0.0050352937541902065,0.0,0.20491803278688525,191,488,0.0050352937541902065
Neural_Cells,SLC17A3,0.015520225279033184,0.200738787651062,0.5235602094240838,8.811475409836065,191,488,0.18521856237202883
Neural_Cells,ALDOB,0.22990894317626953,0.047819532454013824,7.329842931937172,1.8442622950819672,191,488,-0.1820894107222557
Neural_Cells,MME,0.03631724789738655,0.29401177167892456,1.5706806282722512,13.524590163934427,191,488,0.257694523781538
Neural_Cells,LGALS2,0.046951569616794586,0.05014006793498993,2.6178010471204187,2.459016393442623,191,488,0.003188498318195343
Neural_Cells,BDH2,0.08835328370332718,0.08108621835708618,5.2356020942408374,3.6885245901639343,191,488,-0.007267065346240997
Neural_Cells,FN1,0.0392364040017128,0.22366425395011902,3.1413612565445024,10.040983606557377,191,488,0.18442784994840622
Neural_Cells,BICC1,0.0,1.066254734992981,0.0,41.59836065573771,191,488,1.066254734992981
Neural_Cells,ICAM1,0.08106302469968796,0.07449431717395782,5.7591623036649215,3.6885245901639343,191,488,-0.006568707525730133
Neural_Cells,HAVCR1,0.0,0.14161697030067444,0.0,6.557377049180328,191,488,0.14161697030067444
Neural_Cells,TDGF1,0.0,0.012231342494487762,0.0,0.6147540983606558,191,488,0.012231342494487762
Neural_Cells,TM7SF3,0.03049720637500286,0.20383399724960327,1.5706806282722512,9.836065573770492,191,488,0.1733367908746004
Neural_Cells,CD24,0.19180244207382202,0.46119439601898193,9.947643979057592,19.87704918032787,191,488,0.2693919539451599
Neural_Cells,VCAM1,0.02663831226527691,0.425530344247818,2.094240837696335,19.262295081967213,191,488,0.3988920319825411
Neural_Cells,VIM,0.7578436732292175,0.38041967153549194,33.50785340314136,16.80327868852459,191,488,-0.3774240016937256
Neural_Cells,HOXA9,0.015769721940159798,0.07039786130189896,1.0471204188481675,3.278688524590164,191,488,0.05462813936173916
Neural_Cells,RGL3,0.0,0.27954310178756714,0.0,13.524590163934427,191,488,0.27954310178756714
Neural_Cells,COL1A1,0.010598047636449337,0.04181120544672012,1.5706806282722512,2.0491803278688523,191,488,0.031213157810270786
Neural_Cells,JUN,2.3706583976745605,0.05501618981361389,70.68062827225131,2.2540983606557377,191,488,-2.3156422078609467
Neural_Cells,DPEP1,0.07228802144527435,0.08120320737361908,2.6178010471204187,3.483606557377049,191,488,0.008915185928344727
Neural_Cells,TCN2,0.01412580069154501,0.025600489228963852,0.5235602094240838,1.2295081967213115,191,488,0.011474688537418842
Neural_Cells,OCIAD2,0.265188604593277,0.08800782263278961,14.659685863874344,4.098360655737705,191,488,-0.17718078196048737
Neural_Cells,SOX9,0.0,0.05597881227731705,0.0,2.8688524590163933,191,488,0.05597881227731705
Neural_Cells,TWIST1,0.0,0.07743654400110245,0.0,3.6885245901639343,191,488,0.07743654400110245
Neural_Cells,SNAI1,0.06082355976104736,0.0,4.712041884816754,0.0,191,488,-0.06082355976104736
Neural_Cells,BCAM,0.028013169765472412,0.14117540419101715,1.5706806282722512,6.967213114754098,191,488,0.11316223442554474
Neural_Cells,CRB2,0.0,0.02677457220852375,0.0,1.2295081967213115,191,488,0.02677457220852375
Neural_Cells,CCL2,0.03745250776410103,0.03903757035732269,2.6178010471204187,1.8442622950819672,191,488,0.0015850625932216644
Neural_Cells,CUBN,0.13940773904323578,0.5222208499908447,5.2356020942408374,20.491803278688526,191,488,0.38281311094760895
Neural_Cells,FOS,1.8275671005249023,0.24543198943138123,59.16230366492147,10.450819672131148,191,488,-1.5821351110935211
Neural_Cells,ACSF2,0.009793108329176903,0.13314147293567657,1.0471204188481675,5.942622950819672,191,488,0.12334836460649967
Neural_Cells,SHMT1,0.016840459778904915,0.12197186797857285,1.0471204188481675,5.532786885245901,191,488,0.10513140819966793
Neural_Cells,AOC1,0.020797019824385643,0.04469931870698929,1.0471204188481675,1.8442622950819672,191,488,0.023902298882603645
Neural_Cells,HNF4A,0.012819302268326283,0.07494064420461655,0.5235602094240838,3.6885245901639343,191,488,0.062121341936290264
Neural_Cells,PROM1,0.01385660469532013,0.4243237376213074,0.5235602094240838,19.672131147540984,191,488,0.41046713292598724
Neural_Cells,ACY1,0.05504477396607399,0.04722757637500763,2.6178010471204187,2.2540983606557377,191,488,-0.00781719759106636
Mac,SLC5A10,0.0023777915630489588,0.03287705034017563,0.2086230876216968,1.7127799736495388,4314,1518,0.03049925877712667
Mac,CYFIP2,0.04022030532360077,0.1658450812101364,3.3379694019471486,8.62977602108037,4314,1518,0.12562477588653564
Mac,RELB,0.09861281514167786,0.23449723422527313,8.205841446453407,12.318840579710146,4314,1518,0.13588441908359528
Mac,ACAT1,0.12977011501789093,0.1034988984465599,9.411219286045434,5.7312252964426875,4314,1518,-0.026271216571331024
Mac,ARMC7,0.023564253002405167,0.06674036383628845,1.854427445526194,3.491436100131752,4314,1518,0.043176110833883286
Mac,PAX8,0.018475506454706192,0.26164698600769043,1.1821974965229485,12.51646903820817,4314,1518,0.24317147955298424
Mac,ENPEP,0.007909011095762253,0.15481677651405334,0.4636068613815485,7.971014492753622,4314,1518,0.1469077654182911
Mac,IL1RL1,0.004484009929001331,0.006188050843775272,0.3245248029670839,0.3952569169960474,4314,1518,0.001704040914773941
Mac,DCN,0.009379750117659569,0.09343310445547104,0.7185906351414001,4.874835309617918,4314,1518,0.08405335433781147
Mac,ALDH8A1,0.0044399164617061615,0.028407415375113487,0.27816411682892905,1.5151515151515151,4314,1518,0.023967498913407326
Mac,SLC2A9,0.025871291756629944,0.5587482452392578,2.0630505331478908,27.07509881422925,4314,1518,0.5328769534826279
Mac,SLC9A3,0.0005558403790928423,0.012955999933183193,0.02318034306907742,0.7905138339920948,4314,1518,0.01240015955409035
Mac,UMOD,0.17244237661361694,0.16286195814609528,8.55354659248957,7.905138339920949,4314,1518,-0.009580418467521667
Mac,PPARA,0.03086666576564312,0.31384405493736267,2.5961984237366713,16.073781291172594,4314,1518,0.28297738917171955
Mac,AMN,0.01753677986562252,0.012873366475105286,1.205377839592026,0.592885375494071,4314,1518,-0.004663413390517235
Mac,ACTA2,0.0383443757891655,0.044254910200834274,2.5730180806675937,2.1080368906455864,4314,1518,0.0059105344116687775
Mac,KCNJ15,0.01733812317252159,0.1716194748878479,1.0662957811775615,8.49802371541502,4314,1518,0.1542813517153263
Mac,PEPD,0.2018911987543106,0.20978020131587982,15.299026425591098,11.001317523056652,4314,1518,0.007889002561569214
Mac,TNF,0.38277068734169006,0.015365608967840672,20.35234121464998,0.8563899868247694,4314,1518,-0.3674050783738494
Mac,EFHD1,0.013354371301829815,0.08180192857980728,0.7881316643486325,4.0184453227931485,4314,1518,0.06844755727797747
Mac,SOST,0.0033959809225052595,0.0014848060673102736,0.18544274455261936,0.06587615283267458,4314,1518,-0.0019111748551949859
Mac,SLC17A3,0.005288238637149334,0.07162859290838242,0.3245248029670839,3.557312252964427,4314,1518,0.06634035427123308
Mac,ALDOB,0.15208099782466888,0.09895612299442291,6.165971256374594,4.545454545454546,4314,1518,-0.05312487483024597
Mac,MME,0.018796833232045174,0.112006776034832,0.9735744089012517,5.401844532279315,4314,1518,0.09320994280278683
Mac,LGALS2,0.40423157811164856,0.028767410665750504,22.39221140472879,1.7127799736495388,4314,1518,-0.37546416744589806
Mac,BDH2,0.04693206027150154,0.05687602981925011,3.546592489568846,3.0961791831357046,4314,1518,0.009943969547748566
Mac,FN1,0.04013849422335625,0.11675814539194107,2.433936022253129,5.401844532279315,4314,1518,0.07661965116858482
Mac,BICC1,0.01533690094947815,0.47407299280166626,0.9040333796940195,19.960474308300398,4314,1518,0.4587360918521881
Mac,ICAM1,0.2965231239795685,0.13985617458820343,19.95827538247566,7.04874835309618,4314,1518,-0.15666694939136505
Mac,HAVCR1,0.0031201494857668877,0.03948240354657173,0.2086230876216968,2.371541501976284,4314,1518,0.036362254060804844
Mac,TDGF1,0.0,0.001157050603069365,0.0,0.06587615283267458,4314,1518,0.001157050603069365
Mac,TM7SF3,0.13353221118450165,0.28724250197410583,10.33843300880853,15.612648221343871,4314,1518,0.1537102907896042
Mac,CD24,0.08657199889421463,0.2340986132621765,4.960593416782568,11.923583662714098,4314,1518,0.14752661436796188
Mac,VCAM1,0.0351562537252903,0.17955930531024933,1.923968474733426,9.22266139657444,4314,1518,0.14440305158495903
Mac,VIM,1.3167014122009277,0.3157093822956085,54.033379694019466,15.876152832674572,4314,1518,-1.0009920299053192
Mac,HOXA9,0.02152775041759014,0.030137525871396065,1.645804357904497,1.7786561264822136,4314,1518,0.008609775453805923
Mac,RGL3,0.005258145742118359,0.10475900769233704,0.27816411682892905,5.7312252964426875,4314,1518,0.09950086195021868
Mac,COL1A1,0.006931019481271505,0.018525255843997,0.6490496059341678,1.0540184453227932,4314,1518,0.011594236362725496
Mac,JUN,2.312208652496338,0.31025776267051697,74.59434399629114,13.636363636363635,4314,1518,-2.001950889825821
Mac,DPEP1,0.023425746709108353,0.030313780531287193,1.576263328697265,1.5151515151515151,4314,1518,0.006888033822178841
Mac,TCN2,0.03675496205687523,0.07316134870052338,2.5034770514603615,3.820816864295125,4314,1518,0.03640638664364815
Mac,OCIAD2,0.09411821514368057,0.03787064552307129,6.768660176170608,2.1080368906455864,4314,1518,-0.05624756962060928
Mac,SOX9,0.007316711358726025,0.015760937705636024,0.4172461752433936,0.922266139657444,4314,1518,0.00844422634691
Mac,TWIST1,0.0020863874815404415,0.00983105693012476,0.2086230876216968,0.5270092226613966,4314,1518,0.007744669448584318
Mac,SNAI1,0.11996705085039139,0.0013234448852017522,9.17941585535466,0.06587615283267458,4314,1518,-0.11864360596518964
Mac,BCAM,0.025627117604017258,0.07088003307580948,1.923968474733426,3.7549407114624502,4314,1518,0.04525291547179222
Mac,CRB2,0.0,0.006992453243583441,0.0,0.32938076416337286,4314,1518,0.006992453243583441
Mac,CCL2,0.1655624508857727,0.05547543242573738,7.394529439035698,2.9644268774703555,4314,1518,-0.11008701846003532
Mac,CUBN,0.05097172036767006,0.3308797776699066,2.5730180806675937,13.504611330698287,4314,1518,0.27990805730223656
Mac,FOS,2.575375556945801,0.5490192174911499,79.94900324524804,23.978919631093547,4314,1518,-2.026356339454651
Mac,ACSF2,0.05846467986702919,0.18385353684425354,4.821511358368104,9.552042160737813,4314,1518,0.12538885697722435
Mac,SHMT1,0.07893343269824982,0.2273196429014206,5.725544738062123,11.989459815546773,4314,1518,0.14838621020317078
Mac,AOC1,0.0143349077552557,0.019778838381171227,1.0199350950394066,1.0540184453227932,4314,1518,0.005443930625915527
Mac,HNF4A,0.0020274589769542217,0.05986074358224869,0.11590171534538712,3.0961791831357046,4314,1518,0.057833284605294466
Mac,PROM1,0.005379865411669016,0.13698315620422363,0.34770514603616137,7.04874835309618,4314,1518,0.13160329079255462
Mac,ACY1,0.05475177615880966,0.024387216195464134,3.8942976356050067,1.3175230566534915,4314,1518,-0.030364559963345528
CD16_Mono,SLC5A10,0.013759041205048561,0.06439895182847977,0.8067769261799113,3.535353535353535,7437,396,0.050639910623431206
CD16_Mono,CYFIP2,0.14003878831863403,0.4779876172542572,7.892967594460131,22.727272727272727,7437,396,0.33794882893562317
CD16_Mono,RELB,0.06345819681882858,0.20353765785694122,3.9397606561785667,9.848484848484848,7437,396,0.14007946103811264
CD16_Mono,ACAT1,0.09523347020149231,0.11163341999053955,5.607099636950384,6.0606060606060606,7437,396,0.01639994978904724
CD16_Mono,ARMC7,0.013796582818031311,0.1072215661406517,0.8605620545919053,5.808080808080808,7437,396,0.09342498332262039
CD16_Mono,PAX8,0.005041340831667185,0.3352747857570648,0.309264488368966,15.909090909090908,7437,396,0.33023344492539763
CD16_Mono,ENPEP,0.0030277057085186243,0.24762941896915436,0.16135538523598225,11.616161616161616,7437,396,0.24460171326063573
CD16_Mono,IL1RL1,0.001267039217054844,0.014813455753028393,0.08067769261799113,0.7575757575757576,7437,396,0.013546416535973549
CD16_Mono,DCN,0.0029089271556586027,0.11282194405794144,0.21514051364797632,5.303030303030303,7437,396,0.10991301690228283
CD16_Mono,ALDH8A1,0.002313069300726056,0.03068578615784645,0.12101653892698667,1.5151515151515151,7437,396,0.028372716857120395
CD16_Mono,SLC2A9,0.008353859186172485,0.38272765278816223,0.5244050020169424,18.434343434343432,7437,396,0.37437379360198975
CD16_Mono,SLC9A3,0.0002127837506122887,0.0601041279733181,0.01344628210299852,3.535353535353535,7437,396,0.05989134422270581
CD16_Mono,UMOD,0.011789623647928238,0.4225797653198242,0.6319752588409304,16.91919191919192,7437,396,0.410790141671896
CD16_Mono,PPARA,0.019289426505565643,0.3314732313156128,1.210165389269867,16.91919191919192,7437,396,0.31218380481004715
CD16_Mono,AMN,0.004748453386127949,0.04230166971683502,0.28237192416296897,2.0202020202020203,7437,396,0.03755321633070707
CD16_Mono,ACTA2,0.011792818084359169,0.07482197880744934,0.8202232082829098,3.2828282828282833,7437,396,0.06302916072309017
CD16_Mono,KCNJ15,0.004648108035326004,0.2700091600418091,0.309264488368966,12.626262626262626,7437,396,0.2653610520064831
CD16_Mono,PEPD,0.12101443111896515,0.1948440819978714,7.314777464031195,9.343434343434344,7437,396,0.07382965087890625
CD16_Mono,TNF,0.26531532406806946,0.04535292461514473,13.701761462955492,2.272727272727273,7437,396,-0.21996239945292473
CD16_Mono,EFHD1,0.0041933986358344555,0.22821477055549622,0.2689256420599704,11.616161616161616,7437,396,0.22402137191966176
CD16_Mono,SOST,0.005062285810709,0.003196390811353922,0.24203307785397335,0.25252525252525254,7437,396,-0.0018658949993550777
CD16_Mono,SLC17A3,0.0027897951658815145,0.09359105676412582,0.16135538523598225,4.040404040404041,7437,396,0.09080126159824431
CD16_Mono,ALDOB,0.040129560977220535,0.18627910315990448,1.761462955492806,8.585858585858585,7437,396,0.14614954218268394
CD16_Mono,MME,0.008587713353335857,0.21168531477451324,0.44372730939895116,9.343434343434344,7437,396,0.2030976014211774
CD16_Mono,LGALS2,0.18216708302497864,0.016194984316825867,9.049347855318004,1.0101010101010102,7437,396,-0.16597209870815277
CD16_Mono,BDH2,0.019012007862329483,0.07708236575126648,1.1294876966518759,4.040404040404041,7437,396,0.058070357888936996
CD16_Mono,FN1,0.01835167594254017,0.08684145659208298,0.954686029312895,4.040404040404041,7437,396,0.06848978064954281
CD16_Mono,BICC1,0.0020463326945900917,0.8775913119316101,0.10757025682398816,34.84848484848485,7437,396,0.87554497923702
CD16_Mono,ICAM1,0.1746004968881607,0.07885049283504486,9.735108242570929,4.292929292929292,7437,396,-0.09575000405311584
CD16_Mono,HAVCR1,0.000377924443455413,0.022484716027975082,0.02689256420599704,1.0101010101010102,7437,396,0.02210679158451967
CD16_Mono,TDGF1,0.0007698956178501248,0.0027400627732276917,0.04033884630899556,0.25252525252525254,7437,396,0.001970167155377567
CD16_Mono,TM7SF3,0.051052339375019073,0.2730350196361542,3.2808928331316394,14.14141414141414,7437,396,0.2219826802611351
CD16_Mono,CD24,0.013650227338075638,0.3747154772281647,0.954686029312895,18.181818181818183,7437,396,0.36106524989008904
CD16_Mono,VCAM1,0.0016434689750894904,0.1281331330537796,0.09412397472098964,6.565656565656567,7437,396,0.1264896640786901
CD16_Mono,VIM,1.5733976364135742,0.2375229299068451,65.33548473846982,11.363636363636363,7437,396,-1.3358747065067291
CD16_Mono,HOXA9,0.0021245761308819056,0.04334256052970886,0.16135538523598225,2.272727272727273,7437,396,0.04121798439882696
CD16_Mono,RGL3,0.0022520150523632765,0.212758868932724,0.12101653892698667,11.11111111111111,7437,396,0.21050685388036072
CD16_Mono,COL1A1,0.002466710517182946,0.025172103196382523,0.20169423154497781,1.5151515151515151,7437,396,0.022705392679199576
CD16_Mono,JUN,2.0626587867736816,0.22965216636657715,69.19456770203038,10.353535353535353,7437,396,-1.8330066204071045
CD16_Mono,DPEP1,0.005194915924221277,0.05461551249027252,0.309264488368966,2.7777777777777777,7437,396,0.049420596566051245
CD16_Mono,TCN2,0.046771157532930374,0.03734853118658066,2.9178432163506787,1.7676767676767675,7437,396,-0.009422626346349716
CD16_Mono,OCIAD2,0.01690533570945263,0.05135524645447731,0.954686029312895,2.525252525252525,7437,396,0.03444991074502468
CD16_Mono,SOX9,0.0010937609476968646,0.004466666840016842,0.08067769261799113,0.25252525252525254,7437,396,0.0033729058923199773
CD16_Mono,TWIST1,0.0,0.01632533222436905,0.0,1.0101010101010102,7437,396,0.01632533222436905
CD16_Mono,SNAI1,0.0587693490087986,0.002311292802914977,3.6439424499125987,0.25252525252525254,7437,396,-0.05645805620588362
CD16_Mono,BCAM,0.008496834896504879,0.14493048191070557,0.4975124378109453,7.07070707070707,7437,396,0.1364336470142007
CD16_Mono,CRB2,0.00026094052009284496,0.005804633256047964,0.01344628210299852,0.25252525252525254,7437,396,0.005543692735955119
CD16_Mono,CCL2,0.004963190294802189,0.057805031538009644,0.309264488368966,3.535353535353535,7437,396,0.052841841243207455
CD16_Mono,CUBN,0.010459771379828453,0.6564672589302063,0.5378512841199408,25.757575757575758,7437,396,0.6460074875503778
CD16_Mono,FOS,2.265240430831909,0.39754366874694824,75.86392362511766,17.929292929292927,7437,396,-1.867696762084961
CD16_Mono,ACSF2,0.02946190908551216,0.22730645537376404,1.7211241091838105,11.363636363636363,7437,396,0.19784454628825188
CD16_Mono,SHMT1,0.027638280764222145,0.11427994817495346,1.627000134462821,6.313131313131313,7437,396,0.08664166741073132
CD16_Mono,AOC1,0.0013128739083185792,0.032645631581544876,0.09412397472098964,1.5151515151515151,7437,396,0.0313327576732263
CD16_Mono,HNF4A,0.0017941314727067947,0.043538715690374374,0.08067769261799113,2.525252525252525,7437,396,0.04174458421766758
CD16_Mono,PROM1,0.0018550243694335222,0.13457226753234863,0.12101653892698667,6.313131313131313,7437,396,0.1327172431629151
CD16_Mono,ACY1,0.011112325824797153,0.04878220334649086,0.7933306440769127,2.525252525252525,7437,396,0.037669877521693707
Neutrophil,SLC5A10,0.005529201589524746,0.028358230367302895,0.4158004158004158,2.3529411764705883,2405,85,0.02282902877777815
Neutrophil,CYFIP2,0.07503650337457657,0.342122882604599,5.155925155925156,22.35294117647059,2405,85,0.26708637923002243
Neutrophil,RELB,0.09640316665172577,0.23004025220870972,6.8191268191268195,15.294117647058824,2405,85,0.13363708555698395
Neutrophil,ACAT1,0.10021880269050598,0.1118488684296608,6.611226611226612,8.235294117647058,2405,85,0.011630065739154816
Neutrophil,ARMC7,0.0124084847047925,0.06008446589112282,1.2474012474012475,4.705882352941177,2405,85,0.04767598118633032
Neutrophil,PAX8,0.01037855539470911,0.19420531392097473,0.6237006237006237,11.76470588235294,2405,85,0.18382675852626562
Neutrophil,ENPEP,0.012113544158637524,0.14246158301830292,0.7900207900207901,8.235294117647058,2405,85,0.1303480388596654
Neutrophil,IL1RL1,0.0021220312919467688,0.018484726548194885,0.12474012474012475,1.1764705882352942,2405,85,0.016362695256248116
Neutrophil,DCN,0.005522837862372398,0.07265353947877884,0.6652806652806653,5.88235294117647,2405,85,0.06713070161640644
Neutrophil,ALDH8A1,0.010813389904797077,0.08218447864055634,0.7484407484407485,4.705882352941177,2405,85,0.07137108873575926
Neutrophil,SLC2A9,0.023011628538370132,0.4999428391456604,1.5384615384615385,31.76470588235294,2405,85,0.47693121060729027
Neutrophil,SLC9A3,0.0001380579633405432,0.0,0.04158004158004158,0.0,2405,85,-0.0001380579633405432
Neutrophil,UMOD,0.06356865167617798,0.2119680494070053,2.869022869022869,12.941176470588237,2405,85,0.14839939773082733
Neutrophil,PPARA,0.02954281121492386,0.35796141624450684,2.37006237006237,24.705882352941178,2405,85,0.328418605029583
Neutrophil,AMN,0.016218112781643867,0.016716068610548973,0.9147609147609148,1.1764705882352942,2405,85,0.0004979558289051056
Neutrophil,ACTA2,0.009979956783354282,0.04293458163738251,0.7900207900207901,3.5294117647058822,2405,85,0.032954624854028225
Neutrophil,KCNJ15,0.11893604695796967,0.18179480731487274,6.902286902286903,12.941176470588237,2405,85,0.06285876035690308
Neutrophil,PEPD,0.1373194307088852,0.25609302520751953,10.187110187110187,17.647058823529413,2405,85,0.11877359449863434
Neutrophil,TNF,0.14833325147628784,0.08027298748493195,9.854469854469855,5.88235294117647,2405,85,-0.0680602639913559
Neutrophil,EFHD1,0.010453416965901852,0.03384597226977348,0.5821205821205822,2.3529411764705883,2405,85,0.02339255530387163
Neutrophil,SOST,0.007510354742407799,0.0,0.498960498960499,0.0,2405,85,-0.007510354742407799
Neutrophil,SLC17A3,0.008333060890436172,0.05908708646893501,0.4573804573804574,3.5294117647058822,2405,85,0.05075402557849884
Neutrophil,ALDOB,0.3427385687828064,0.06753420829772949,13.92931392931393,4.705882352941177,2405,85,-0.2752043604850769
Neutrophil,MME,0.22659051418304443,0.12073832005262375,10.103950103950105,7.0588235294117645,2405,85,-0.10585219413042068
Neutrophil,LGALS2,0.5147817134857178,0.0,24.324324324324326,0.0,2405,85,-0.5147817134857178
Neutrophil,BDH2,0.04938990995287895,0.0940546840429306,2.993762993762994,5.88235294117647,2405,85,0.04466477409005165
Neutrophil,FN1,0.039401594549417496,0.0928012803196907,2.3284823284823286,4.705882352941177,2405,85,0.05339968577027321
Neutrophil,BICC1,0.005531547591090202,0.2951800227165222,0.2910602910602911,16.470588235294116,2405,85,0.289648475125432
Neutrophil,ICAM1,0.37565577030181885,0.12865661084651947,20.24948024948025,9.411764705882353,2405,85,-0.24699915945529938
Neutrophil,HAVCR1,0.0,0.06274633854627609,0.0,4.705882352941177,2405,85,0.06274633854627609
Neutrophil,TDGF1,0.0,0.0,0.0,0.0,2405,85,0.0
Neutrophil,TM7SF3,0.0650244727730751,0.298947811126709,5.114345114345115,20.0,2405,85,0.23392333835363388
Neutrophil,CD24,0.06377387046813965,0.14550688862800598,3.6590436590436592,8.235294117647058,2405,85,0.08173301815986633
Neutrophil,VCAM1,0.004681513179093599,0.13404013216495514,0.33264033264033266,10.588235294117647,2405,85,0.12935861898586154
Neutrophil,VIM,1.970001459121704,0.16741713881492615,70.02079002079003,12.941176470588237,2405,85,-1.802584320306778
Neutrophil,HOXA9,0.0028903798665851355,0.020928923040628433,0.2494802494802495,1.1764705882352942,2405,85,0.018038543174043298
Neutrophil,RGL3,0.0014002352254465222,0.09590348601341248,0.08316008316008316,7.0588235294117645,2405,85,0.09450325078796595
Neutrophil,COL1A1,0.002035000827163458,0.06893046945333481,0.2910602910602911,3.5294117647058822,2405,85,0.06689546862617135
Neutrophil,JUN,1.0413742065429688,0.07809413969516754,40.33264033264034,4.705882352941177,2405,85,-0.9632800668478012
Neutrophil,DPEP1,0.022924883291125298,0.0,1.2474012474012475,0.0,2405,85,-0.022924883291125298
Neutrophil,TCN2,0.051439203321933746,0.06140800938010216,3.991683991683992,5.88235294117647,2405,85,0.009968806058168411
Neutrophil,OCIAD2,0.05100569874048233,0.08124231547117233,3.118503118503119,4.705882352941177,2405,85,0.030236616730690002
Neutrophil,SOX9,0.0038287013303488493,0.011772080324590206,0.2494802494802495,1.1764705882352942,2405,85,0.007943378994241357
Neutrophil,TWIST1,0.0,0.0,0.0,0.0,2405,85,0.0
Neutrophil,SNAI1,0.13098883628845215,0.0,9.18918918918919,0.0,2405,85,-0.13098883628845215
Neutrophil,BCAM,0.005768518429249525,0.09447982162237167,0.2910602910602911,7.0588235294117645,2405,85,0.08871130319312215
Neutrophil,CRB2,0.00041345582576468587,0.0,0.04158004158004158,0.0,2405,85,-0.00041345582576468587
Neutrophil,CCL2,0.017085948958992958,0.10663455724716187,1.2474012474012475,7.0588235294117645,2405,85,0.08954860828816891
Neutrophil,CUBN,0.04755569249391556,0.43469706177711487,2.4116424116424118,20.0,2405,85,0.3871413692831993
Neutrophil,FOS,3.4738378524780273,0.3302691578865051,91.55925155925156,16.470588235294116,2405,85,-3.143568694591522
Neutrophil,ACSF2,0.01628497987985611,0.2059244066476822,1.3305613305613306,14.117647058823529,2405,85,0.18963942676782608
Neutrophil,SHMT1,0.04206551983952522,0.12577363848686218,2.993762993762994,9.411764705882353,2405,85,0.08370811864733696
Neutrophil,AOC1,0.013938249088823795,0.0,0.8316008316008316,0.0,2405,85,-0.013938249088823795
Neutrophil,HNF4A,0.007928754203021526,0.02760910429060459,0.4158004158004158,1.1764705882352942,2405,85,0.019680350087583065
Neutrophil,PROM1,0.001107289339415729,0.11120497435331345,0.08316008316008316,8.235294117647058,2405,85,0.11009768501389772
Neutrophil,ACY1,0.048256851732730865,0.0,2.9106029106029108,0.0,2405,85,-0.048256851732730865
CD4T,SLC5A10,0.0017620366998016834,0.03244512528181076,0.11785503830288745,1.9615692554043236,11879,2498,0.030683088582009077
CD4T,CYFIP2,0.16601558029651642,0.6934662461280823,11.280410808990656,32.746196957566056,11879,2498,0.5274506658315659
CD4T,RELB,0.08869805932044983,0.24033787846565247,5.455004630019362,12.650120096076861,11879,2498,0.15163981914520264
CD4T,ACAT1,0.15634258091449738,0.12461192160844803,9.613603838706961,7.165732586068856,11879,2498,-0.03173065930604935
CD4T,ARMC7,0.022167185321450233,0.0659988597035408,1.4647697617644582,4.1232986389111295,11879,2498,0.04383167438209057
CD4T,PAX8,0.005075311288237572,0.5267456769943237,0.27780116171394903,22.41793434747798,11879,2498,0.5216703657060862
CD4T,ENPEP,0.008206462487578392,0.13265174627304077,0.4714201532115498,6.5652522017614094,11879,2498,0.12444528378546238
CD4T,IL1RL1,0.007231260184198618,0.015041757375001907,0.3788197659735668,0.7205764611689351,11879,2498,0.007810497190803289
CD4T,DCN,0.0071897259913384914,0.14654503762722015,0.690293795774055,6.725380304243394,11879,2498,0.13935531163588166
CD4T,ALDH8A1,0.003364978125318885,0.03509870916604996,0.2525465106490445,1.8014411529223378,11879,2498,0.03173373104073107
CD4T,SLC2A9,0.0023565739393234253,0.21108703315258026,0.16836434043269635,10.288230584467573,11879,2498,0.20873045921325684
CD4T,SLC9A3,0.0008516388479620218,0.047183871269226074,0.07576395319471337,3.1625300240192153,11879,2498,0.04633223242126405
CD4T,UMOD,0.03623674064874649,0.1877736747264862,1.9193534809327384,8.046437149719775,11879,2498,0.15153693407773972
CD4T,PPARA,0.01996486820280552,0.266163170337677,1.5152790638942673,14.451561248999202,11879,2498,0.24619830213487148
CD4T,AMN,0.012635712511837482,0.02759656496345997,0.791312400033673,1.200960768614892,11879,2498,0.014960852451622486
CD4T,ACTA2,0.02894718572497368,0.13339027762413025,1.936189914976008,6.725380304243394,11879,2498,0.10444309189915657
CD4T,KCNJ15,0.00811665877699852,0.1776612251996994,0.505093021298089,8.566853482786229,11879,2498,0.16954456642270088
CD4T,PEPD,0.10222446918487549,0.10347477346658707,6.49886354070208,5.604483586869495,11879,2498,0.0012503042817115784
CD4T,TNF,0.2186221033334732,0.0035191690549254417,11.701321660072397,0.24019215372297836,11879,2498,-0.21510293427854776
CD4T,EFHD1,0.008103430271148682,0.1823626458644867,0.6061116255577069,10.048038430744596,11879,2498,0.174259215593338
CD4T,SOST,0.0021692118607461452,0.0008445852436125278,0.12627325532452224,0.040032025620496396,11879,2498,-0.0013246266171336174
CD4T,SLC17A3,0.00621188385412097,0.06125907972455025,0.3451468978870275,2.602081665332266,11879,2498,0.05504719587042928
CD4T,ALDOB,0.12642106413841248,0.038769591599702835,5.76647865981985,1.8014411529223378,11879,2498,-0.08765147253870964
CD4T,MME,0.01092451997101307,0.09283922612667084,0.7155484468389596,4.523618895116093,11879,2498,0.08191470615565777
CD4T,LGALS2,0.01534795481711626,0.011853211559355259,0.9933496085529085,0.5604483586869495,11879,2498,-0.0034947432577610016
CD4T,BDH2,0.05780826136469841,0.07781762629747391,3.7208519235625896,3.923138510808647,11879,2498,0.020009364932775497
CD4T,FN1,0.010410393588244915,0.11031567305326462,1.0354406936610825,5.084067253803042,11879,2498,0.0999052794650197
CD4T,BICC1,0.00358362914994359,0.868401288986206,0.2357100766057749,34.4275420336269,11879,2498,0.8648176598362625
CD4T,ICAM1,0.07537178695201874,0.051761917769908905,5.2613856385217606,2.602081665332266,11879,2498,-0.023609869182109833
CD4T,HAVCR1,0.001572060864418745,0.08366338908672333,0.12627325532452224,4.1232986389111295,11879,2498,0.08209132822230458
CD4T,TDGF1,0.0,0.008803239092230797,0.0,0.6805444355484388,11879,2498,0.008803239092230797
CD4T,TM7SF3,0.0682261735200882,0.20458032190799713,4.360636417206836,11.008807045636509,11879,2498,0.13635414838790894
CD4T,CD24,0.04168753698468208,0.3839377760887146,3.291522855459214,17.89431545236189,11879,2498,0.3422502391040325
CD4T,VCAM1,0.011576130986213684,0.18825270235538483,0.6566209276875158,9.207365892714172,11879,2498,0.17667657136917114
CD4T,VIM,1.0981810092926025,0.3661014139652252,47.51241687010691,16.373098478783028,11879,2498,-0.7320795953273773
CD4T,HOXA9,0.004035423509776592,0.03351661190390587,0.2357100766057749,2.0816653322658127,11879,2498,0.029481188394129276
CD4T,RGL3,0.001965266652405262,0.19365717470645905,0.12627325532452224,11.20896717373899,11879,2498,0.19169190805405378
CD4T,COL1A1,0.010999892838299274,0.054120950400829315,1.052277127704352,2.762209767814251,11879,2498,0.04312105756253004
CD4T,JUN,2.687286138534546,0.21608984470367432,79.06389426719421,9.247397918334668,11879,2498,-2.4711962938308716
CD4T,DPEP1,0.010578951798379421,0.025891251862049103,0.7155484468389596,1.2810248198558847,11879,2498,0.015312300063669682
CD4T,TCN2,0.006948293186724186,0.014203366823494434,0.42932906810337573,0.9607686148919135,11879,2498,0.007255073636770248
CD4T,OCIAD2,0.41882312297821045,0.09323718398809433,22.653422005219294,4.523618895116093,11879,2498,-0.3255859389901161
CD4T,SOX9,0.002083753002807498,0.034321464598178864,0.1767825574543312,1.8414731785428344,11879,2498,0.032237711595371366
CD4T,TWIST1,0.0011034352937713265,0.005618677008897066,0.05892751915144372,0.28022417934347477,11879,2498,0.00451524171512574
CD4T,SNAI1,0.028628068044781685,0.0013144812546670437,2.2476639447764963,0.08006405124099279,11879,2498,-0.02731358679011464
CD4T,BCAM,0.008946754038333893,0.07456184923648834,0.5724387574711676,4.563650920736589,11879,2498,0.06561509519815445
CD4T,CRB2,0.00024642577045597136,0.00461023673415184,0.016836434043269635,0.28022417934347477,11879,2498,0.004363810963695869
CD4T,CCL2,0.0070921448059380054,0.03774347901344299,0.505093021298089,1.8815052041633307,11879,2498,0.030651334207504988
CD4T,CUBN,0.025188662111759186,0.3018316626548767,1.3637511575048404,12.44995996797438,11879,2498,0.2766430005431175
CD4T,FOS,2.294029951095581,0.2070765495300293,72.39666638605942,9.32746196957566,11879,2498,-2.0869534015655518
CD4T,ACSF2,0.011507739312946796,0.08434738218784332,0.7997306170553076,4.603682946357086,11879,2498,0.07283964287489653
CD4T,SHMT1,0.026332248002290726,0.1079520583152771,1.7257344894351374,6.124899919935949,11879,2498,0.08161981031298637
CD4T,AOC1,0.0042762765660882,0.013485272414982319,0.3451468978870275,0.6405124099279423,11879,2498,0.00920899584889412
CD4T,HNF4A,0.0025255901273339987,0.02769426628947258,0.185200774475966,1.521216973578863,11879,2498,0.02516867616213858
CD4T,PROM1,0.0026369669940322638,0.19918644428253174,0.2357100766057749,10.368294635708567,11879,2498,0.19654947728849947
CD4T,ACY1,0.025325344875454903,0.012654018588364124,1.7257344894351374,0.7205764611689351,11879,2498,-0.012671326287090778
CD8T,SLC5A10,0.0017370160203427076,0.05111163109540939,0.09471832574083262,2.904564315352697,22171,1928,0.049374615075066686
CD8T,CYFIP2,0.1768171638250351,0.7391316890716553,9.453790988227865,34.80290456431535,22171,1928,0.5623145252466202
CD8T,RELB,0.04481206461787224,0.19203150272369385,2.381489332912363,10.632780082987551,22171,1928,0.1472194381058216
CD8T,ACAT1,0.1290982961654663,0.18517670035362244,6.58968923368364,9.802904564315353,22171,1928,0.05607840418815613
CD8T,ARMC7,0.028110573068261147,0.072783924639225,1.465878850750981,4.408713692946058,22171,1928,0.04467335157096386
CD8T,PAX8,0.005418951157480478,0.5981813669204712,0.26611339136710116,27.43775933609959,22171,1928,0.5927624157629907
CD8T,ENPEP,0.005653546657413244,0.2606300711631775,0.3112173560055929,12.655601659751037,22171,1928,0.25497652450576425
CD8T,IL1RL1,0.003036059206351638,0.006243888754397631,0.1623742726985702,0.3630705394190871,22171,1928,0.003207829548045993
CD8T,DCN,0.003080424154177308,0.14085635542869568,0.27062378783095037,6.7946058091286305,22171,1928,0.13777593127451837
CD8T,ALDH8A1,0.004180873278528452,0.04487411677837372,0.26611339136710116,2.3340248962655603,22171,1928,0.040693243499845266
CD8T,SLC2A9,0.002774858148768544,0.3138958215713501,0.1623742726985702,14.885892116182573,22171,1928,0.31112096342258155
CD8T,SLC9A3,0.000249226315645501,0.04149101302027702,0.01804158585539669,2.8526970954356847,22171,1928,0.04124178670463152
CD8T,UMOD,0.020966896787285805,0.3104053735733032,1.014839204366064,12.707468879668049,22171,1928,0.2894384767860174
CD8T,PPARA,0.01948416419327259,0.3708541691303253,1.1366199088899913,18.724066390041493,22171,1928,0.3513700049370527
CD8T,AMN,0.008524902164936066,0.033441655337810516,0.47810202516801226,1.5560165975103735,22171,1928,0.02491675317287445
CD8T,ACTA2,0.031129054725170135,0.07805503904819489,1.6778674845518922,4.149377593360995,22171,1928,0.04692598432302475
CD8T,KCNJ15,0.008263659663498402,0.31760546565055847,0.45555004284876643,15.45643153526971,22171,1928,0.30934180598706007
CD8T,PEPD,0.10827802121639252,0.17583848536014557,5.547787650534482,9.232365145228217,22171,1928,0.06756046414375305
CD8T,TNF,0.22083817422389984,0.010502364486455917,10.02210094267286,0.5186721991701244,22171,1928,-0.21033580973744392
CD8T,EFHD1,0.00700500188395381,0.24022060632705688,0.42848766406567135,12.863070539419086,22171,1928,0.23321560444310308
CD8T,SOST,0.005056232679635286,0.005083655007183552,0.2435614090478553,0.2593360995850622,22171,1928,2.7422327548265457e-05
CD8T,SLC17A3,0.005519537720829248,0.1052708625793457,0.2976861666140454,5.031120331950207,22171,1928,0.09975132485851645
CD8T,ALDOB,0.09797743707895279,0.15435779094696045,4.2036895043074285,6.742738589211618,22171,1928,0.05638035386800766
CD8T,MME,0.009166568517684937,0.2537021338939667,0.5592891615172974,11.721991701244812,22171,1928,0.24453556537628174
CD8T,LGALS2,0.012015069834887981,0.026186879724264145,0.7667673988543593,1.2448132780082988,22171,1928,0.014171809889376163
CD8T,BDH2,0.06394404172897339,0.08205228298902512,3.3782869514230303,4.253112033195021,22171,1928,0.018108241260051727
CD8T,FN1,0.0059964619576931,0.10472570359706879,0.44652924992106807,5.08298755186722,22171,1928,0.09872924163937569
CD8T,BICC1,0.003360649337992072,1.00130033493042,0.20296784087321276,40.71576763485477,22171,1928,0.9979396855924278
CD8T,ICAM1,0.043485548347234726,0.056727033108472824,2.381489332912363,3.0601659751037342,22171,1928,0.013241484761238098
CD8T,HAVCR1,0.0008457115618512034,0.08344186842441559,0.04510396463849173,4.097510373443983,22171,1928,0.08259615686256438
CD8T,TDGF1,0.000734250876121223,0.003865801962092519,0.03608317171079338,0.2074688796680498,22171,1928,0.003131551085971296
CD8T,TM7SF3,0.06258571147918701,0.24057114124298096,3.3286725903206893,12.914937759336102,22171,1928,0.17798542976379395
CD8T,CD24,0.03037036769092083,0.4155507981777191,1.966532858238239,19.761410788381742,22171,1928,0.3851804304867983
CD8T,VCAM1,0.014772465452551842,0.21059907972812653,0.8299129493482478,10.114107883817427,22171,1928,0.19582661427557468
CD8T,VIM,0.7161768078804016,0.2818436026573181,31.248026701547065,13.12240663900415,22171,1928,-0.4343332052230835
CD8T,HOXA9,0.005848583299666643,0.0441545732319355,0.31572775246944207,2.8008298755186725,22171,1928,0.03830598993226886
CD8T,RGL3,0.0018615219742059708,0.25249814987182617,0.10824951513238013,14.21161825726141,22171,1928,0.2506366278976202
CD8T,COL1A1,0.003744679968804121,0.029196830466389656,0.2751341842947995,1.6078838174273857,22171,1928,0.025452150497585535
CD8T,JUN,2.2434277534484863,0.2117232084274292,68.57155743989897,9.906639004149378,22171,1928,-2.031704545021057
CD8T,DPEP1,0.009979965165257454,0.071944460272789,0.5277163862703531,3.5788381742738586,22171,1928,0.06196449510753155
CD8T,TCN2,0.004401691723614931,0.028183473274111748,0.2435614090478553,1.4004149377593362,22171,1928,0.023781781550496817
CD8T,OCIAD2,0.27575546503067017,0.08674890547990799,13.612376527896803,4.408713692946058,22171,1928,-0.18900655955076218
CD8T,SOX9,0.0009971618419513106,0.04221310839056969,0.08569753281313428,2.1784232365145226,22171,1928,0.041215946548618376
CD8T,TWIST1,0.00012903242895845324,0.006788104772567749,0.009020792927698345,0.3630705394190871,22171,1928,0.006659072343609296
CD8T,SNAI1,0.017730651423335075,0.0033415909856557846,1.2764421992693158,0.15560165975103735,22171,1928,-0.01438906043767929
CD8T,BCAM,0.006173204630613327,0.11892443895339966,0.3743629064994813,6.379668049792531,22171,1928,0.11275123432278633
CD8T,CRB2,7.341132732108235e-05,0.004948983900249004,0.0045103964638491725,0.2593360995850622,22171,1928,0.004875572572927922
CD8T,CCL2,0.004767687059938908,0.029316680505871773,0.2570925984394028,1.504149377593361,22171,1928,0.024548993445932865
CD8T,CUBN,0.02232399210333824,0.6762518882751465,1.1321095124261422,26.2448132780083,22171,1928,0.6539278961718082
CD8T,FOS,1.7010315656661987,0.24147595465183258,57.40832619187226,11.047717842323651,22171,1928,-1.4595556110143661
CD8T,ACSF2,0.012145989574491978,0.20542995631694794,0.6900906589689233,10.16597510373444,22171,1928,0.19328396674245596
CD8T,SHMT1,0.02325892262160778,0.13235481083393097,1.3035045780524108,7.157676348547717,22171,1928,0.10909588821232319
CD8T,AOC1,0.004194123204797506,0.026263078674674034,0.2796445807586487,1.4004149377593362,22171,1928,0.022068955469876528
CD8T,HNF4A,0.0024436062667518854,0.0846686065196991,0.1623742726985702,4.2012448132780085,22171,1928,0.08222500025294721
CD8T,PROM1,0.0020700038876384497,0.2022446095943451,0.13982229037932434,10.684647302904564,22171,1928,0.20017460570670664
CD8T,ACY1,0.029357606545090675,0.04131840541958809,1.7184610527265345,2.1265560165975104,22171,1928,0.011960798874497414
NK,SLC5A10,0.0017701744800433517,0.0,0.09735913350371182,0.0,8217,72,-0.0017701744800433517
NK,CYFIP2,0.17967769503593445,1.1133099794387817,9.553364975051721,63.888888888888886,8217,72,0.9336322844028473
NK,RELB,0.06932158768177032,0.12335801124572754,3.5049288061336252,8.333333333333332,8217,72,0.054036423563957214
NK,ACAT1,0.10283538699150085,0.20092734694480896,5.245223317512474,15.277777777777779,8217,72,0.0980919599533081
NK,ARMC7,0.039824437350034714,0.09197945147752762,2.0323719118899843,5.555555555555555,8217,72,0.052155014127492905
NK,PAX8,0.005392173770815134,0.46975600719451904,0.29207740051113545,26.38888888888889,8217,72,0.4643638334237039
NK,ENPEP,0.003518091281875968,0.12000485509634018,0.21905805038335158,6.944444444444445,8217,72,0.11648676381446421
NK,IL1RL1,0.001505080028437078,0.0,0.09735913350371182,0.0,8217,72,-0.001505080028437078
NK,DCN,0.001144392997957766,0.0636490061879158,0.09735913350371182,4.166666666666666,8217,72,0.06250461318995804
NK,ALDH8A1,0.0017782453214749694,0.04342648759484291,0.12169891687963978,2.7777777777777777,8217,72,0.04164824227336794
NK,SLC2A9,0.0014432971365749836,0.20820845663547516,0.12169891687963978,9.722222222222223,8217,72,0.20676515949890018
NK,SLC9A3,0.0,0.1951601356267929,0.0,13.88888888888889,8217,72,0.1951601356267929
NK,UMOD,0.015870647504925728,0.5509431958198547,0.8762322015334063,23.61111111111111,8217,72,0.535072548314929
NK,PPARA,0.021595105528831482,0.5297181010246277,1.1926493854204698,31.944444444444443,8217,72,0.5081229954957962
NK,AMN,0.0076858168467879295,0.0,0.3894365340148473,0.0,8217,72,-0.0076858168467879295
NK,ACTA2,0.020812850445508957,0.11943136155605316,1.058780576852866,8.333333333333332,8217,72,0.0986185111105442
NK,KCNJ15,0.005599050782620907,0.07030200958251953,0.3529268589509553,4.166666666666666,8217,72,0.06470295879989862
NK,PEPD,0.11926734447479248,0.19745920598506927,6.0606060606060606,12.5,8217,72,0.0781918615102768
NK,TNF,0.1643049269914627,0.0,7.046367287331143,0.0,8217,72,-0.1643049269914627
NK,EFHD1,0.005775668192654848,0.5127708911895752,0.36509675063891933,34.72222222222222,8217,72,0.5069952229969203
NK,SOST,0.004059823229908943,0.0,0.1703784836314957,0.0,8217,72,-0.004059823229908943
NK,SLC17A3,0.0037578255869448185,0.04832849279046059,0.19471826700742365,2.7777777777777777,8217,72,0.04457066720351577
NK,ALDOB,0.08411599695682526,0.10347893834114075,3.760496531580869,5.555555555555555,8217,72,0.01936294138431549
NK,MME,0.007601694203913212,0.10194745659828186,0.4259462090787392,6.944444444444445,8217,72,0.09434576239436865
NK,LGALS2,0.007413788698613644,0.01138880755752325,0.43811610076670315,1.3888888888888888,8217,72,0.003975018858909607
NK,BDH2,0.06871278584003448,0.15042941272258759,3.5901180479493733,9.722222222222223,8217,72,0.0817166268825531
NK,FN1,0.0029320025350898504,0.1577044129371643,0.2068881586953876,11.11111111111111,8217,72,0.15477241040207446
NK,BICC1,0.0042803362011909485,1.5546209812164307,0.2677376171352075,65.27777777777779,8217,72,1.5503406450152397
NK,ICAM1,0.06551763415336609,0.17588533461093903,3.3953997809419496,11.11111111111111,8217,72,0.11036770045757294
NK,HAVCR1,0.0036335443146526814,0.06616353988647461,0.18254837531945967,4.166666666666666,8217,72,0.06252999557182193
NK,TDGF1,0.0006115792202763259,0.027017010375857353,0.024339783375927956,1.3888888888888888,8217,72,0.026405431155581027
NK,TM7SF3,0.0920538529753685,0.2982454299926758,4.734087866617987,22.22222222222222,8217,72,0.20619157701730728
NK,CD24,0.021030621603131294,0.4011690616607666,1.3630278690519655,22.22222222222222,8217,72,0.3801384400576353
NK,VCAM1,0.0027516549453139305,0.370323121547699,0.19471826700742365,19.444444444444446,8217,72,0.36757146660238504
NK,VIM,0.3404426872730255,0.1312311440706253,16.161616161616163,8.333333333333332,8217,72,-0.2092115432024002
NK,HOXA9,0.007157489191740751,0.030872050672769547,0.4137763173907752,2.7777777777777777,8217,72,0.023714561481028795
NK,RGL3,0.0027501715812832117,0.4674907326698303,0.14603870025556773,33.33333333333333,8217,72,0.4647405610885471
NK,COL1A1,0.0012452683877199888,0.022964004427194595,0.08518924181574784,1.3888888888888888,8217,72,0.021718736039474607
NK,JUN,2.076713800430298,0.27086588740348816,63.56334428623585,15.277777777777779,8217,72,-1.8058479130268097
NK,DPEP1,0.00655583618208766,0.05218701437115669,0.4016064257028112,2.7777777777777777,8217,72,0.04563117818906903
NK,TCN2,0.0030621441546827555,0.020935993641614914,0.18254837531945967,1.3888888888888888,8217,72,0.01787384948693216
NK,OCIAD2,0.1913101226091385,0.07152041792869568,9.407326274796155,4.166666666666666,8217,72,-0.11978970468044281
NK,SOX9,0.0002616989950183779,0.018734298646450043,0.024339783375927956,1.3888888888888888,8217,72,0.018472599651431665
NK,TWIST1,0.0002884669229388237,0.0,0.024339783375927956,0.0,8217,72,-0.0002884669229388237
NK,SNAI1,0.01203208602964878,0.0,0.7788730680296946,0.0,8217,72,-0.01203208602964878
NK,BCAM,0.007897620089352131,0.0724567174911499,0.3772666423268833,5.555555555555555,8217,72,0.06455909740179777
NK,CRB2,0.0,0.020462481305003166,0.0,1.3888888888888888,8217,72,0.020462481305003166
NK,CCL2,0.005956209730356932,0.024176692590117455,0.3407569672629914,1.3888888888888888,8217,72,0.018220482859760523
NK,CUBN,0.009629192762076855,0.36412250995635986,0.5598150176463429,19.444444444444446,8217,72,0.354493317194283
NK,FOS,1.6643826961517334,0.25149789452552795,56.03018133138615,13.88888888888889,8217,72,-1.4128848016262054
NK,ACSF2,0.01385228056460619,0.0878460481762886,0.7667031763417306,6.944444444444445,8217,72,0.07399376761168242
NK,SHMT1,0.02500343695282936,0.11947812139987946,1.3995375441158575,8.333333333333332,8217,72,0.0944746844470501
NK,AOC1,0.0028439448215067387,0.0,0.1703784836314957,0.0,8217,72,-0.0028439448215067387
NK,HNF4A,0.0023780304472893476,0.027013443410396576,0.13386880856760375,1.3888888888888888,8217,72,0.02463541296310723
NK,PROM1,0.00159161607734859,0.08910492807626724,0.12169891687963978,5.555555555555555,8217,72,0.08751331199891865
NK,ACY1,0.03380757197737694,0.053451113402843475,1.8985031033223805,2.7777777777777777,8217,72,0.019643541425466537
B_Naive,SLC5A10,0.0022038156166672707,0.034493740648031235,0.10050251256281408,1.8469656992084433,5970,379,0.032289925031363964
B_Naive,CYFIP2,0.14401793479919434,0.35732871294021606,6.733668341708543,16.358839050131927,5970,379,0.21331077814102173
B_Naive,RELB,0.08512474596500397,0.12150438129901886,3.869346733668342,6.596306068601583,5970,379,0.03637963533401489
B_Naive,ACAT1,0.10599841922521591,0.1458856612443924,4.857621440536013,7.387862796833773,5970,379,0.03988724201917648
B_Naive,ARMC7,0.024828555062413216,0.028255518525838852,1.0887772194304857,1.8469656992084433,5970,379,0.0034269634634256363
B_Naive,PAX8,0.009818386286497116,0.4647414982318878,0.4522613065326633,20.052770448548813,5970,379,0.4549231119453907
B_Naive,ENPEP,0.0026414762251079082,0.33212810754776,0.1340033500837521,14.511873350923482,5970,379,0.3294866313226521
B_Naive,IL1RL1,0.00028661946998909116,0.005071120802313089,0.016750418760469014,0.2638522427440633,5970,379,0.004784501332323998
B_Naive,DCN,0.0015139802126213908,0.1748199611902237,0.06700167504187605,7.651715039577836,5970,379,0.1733059809776023
B_Naive,ALDH8A1,0.001512743765488267,0.03901652246713638,0.06700167504187605,2.1108179419525066,5970,379,0.037503778701648116
B_Naive,SLC2A9,0.001823077560402453,0.45142966508865356,0.08375209380234507,19.525065963060687,5970,379,0.4496065875282511
B_Naive,SLC9A3,0.0006632820004597306,0.00923568569123745,0.03350083752093803,0.5277044854881267,5970,379,0.008572403690777719
B_Naive,UMOD,0.0029423704836517572,0.1269283890724182,0.1507537688442211,5.540897097625329,5970,379,0.12398601858876646
B_Naive,PPARA,0.009236152283847332,0.31540217995643616,0.4522613065326633,14.775725593667547,5970,379,0.3061660276725888
B_Naive,AMN,0.035980045795440674,0.03354807198047638,1.6080402010050252,1.58311345646438,5970,379,-0.0024319738149642944
B_Naive,ACTA2,0.007683104369789362,0.14208222925662994,0.41876046901172526,6.33245382585752,5970,379,0.13439912488684058
B_Naive,KCNJ15,0.0036867468152195215,0.41172710061073303,0.20100502512562815,17.941952506596305,5970,379,0.4080403537955135
B_Naive,PEPD,0.08595982939004898,0.1770271211862564,3.9865996649916244,8.443271767810026,5970,379,0.09106729179620743
B_Naive,TNF,0.16065388917922974,0.0,7.353433835845896,0.0,5970,379,-0.16065388917922974
B_Naive,EFHD1,0.0036658672615885735,0.11138992756605148,0.1842546063651591,5.277044854881266,5970,379,0.10772406030446291
B_Naive,SOST,0.004604978486895561,0.007188001181930304,0.20100502512562815,0.2638522427440633,5970,379,0.0025830226950347424
B_Naive,SLC17A3,0.0017742590280249715,0.12073966860771179,0.08375209380234507,5.540897097625329,5970,379,0.11896540957968682
B_Naive,ALDOB,0.031046967953443527,0.09594642370939255,1.3232830820770518,3.95778364116095,5970,379,0.06489945575594902
B_Naive,MME,0.006657999008893967,0.1292707473039627,0.33500837520938026,6.33245382585752,5970,379,0.12261274829506874
B_Naive,LGALS2,0.003989962860941887,0.03751461207866669,0.20100502512562815,1.8469656992084433,5970,379,0.0335246492177248
B_Naive,BDH2,0.031097810715436935,0.06874741613864899,1.4237855946398659,3.430079155672823,5970,379,0.03764960542321205
B_Naive,FN1,0.007727333344519138,0.1417819857597351,0.43551088777219427,6.596306068601583,5970,379,0.13405465241521597
B_Naive,BICC1,0.0008748651016503572,1.1421535015106201,0.05025125628140704,41.68865435356201,5970,379,1.1412786364089698
B_Naive,ICAM1,0.06846083700656891,0.045018188655376434,3.2328308207705194,2.3746701846965697,5970,379,-0.023442648351192474
B_Naive,HAVCR1,0.00010744264727691188,0.11765866726636887,0.016750418760469014,5.804749340369393,5970,379,0.11755122461909195
B_Naive,TDGF1,0.0,0.0,0.0,0.0,5970,379,0.0
B_Naive,TM7SF3,0.051979564130306244,0.24843253195285797,2.495812395309883,12.401055408970976,5970,379,0.19645296782255173
B_Naive,CD24,0.48571357131004333,0.4750734865665436,21.32328308207705,20.316622691292878,5970,379,-0.010640084743499756
B_Naive,VCAM1,0.0017812837613746524,0.29275625944137573,0.10050251256281408,13.192612137203167,5970,379,0.2909749756800011
B_Naive,VIM,0.43760985136032104,0.37834927439689636,19.581239530988277,16.886543535620053,5970,379,-0.05926057696342468
B_Naive,HOXA9,0.0019527383847162127,0.02323181927204132,0.10050251256281408,1.3192612137203166,5970,379,0.021279080887325108
B_Naive,RGL3,0.002344221342355013,0.17506995797157288,0.10050251256281408,8.70712401055409,5970,379,0.17272573662921786
B_Naive,COL1A1,0.002865774091333151,0.051690246909856796,0.1842546063651591,2.9023746701846966,5970,379,0.048824472818523645
B_Naive,JUN,2.056265115737915,0.22453027963638306,66.09715242881073,9.498680738786279,5970,379,-1.831734836101532
B_Naive,DPEP1,0.00477360375225544,0.07565410435199738,0.23450586264656617,3.16622691292876,5970,379,0.07088050059974194
B_Naive,TCN2,0.0021366176661103964,0.011174355633556843,0.10050251256281408,0.5277044854881267,5970,379,0.009037737967446446
B_Naive,OCIAD2,0.32279902696609497,0.10493504256010056,14.673366834170853,5.013192612137203,5970,379,-0.21786398440599442
B_Naive,SOX9,0.0005146168987266719,0.049261484295129776,0.03350083752093803,2.3746701846965697,5970,379,0.048746867396403104
B_Naive,TWIST1,0.0,0.0,0.0,0.0,5970,379,0.0
B_Naive,SNAI1,0.0213665459305048,0.0,1.0887772194304857,0.0,5970,379,-0.0213665459305048
B_Naive,BCAM,0.005645772907882929,0.10412304103374481,0.2680067001675042,5.013192612137203,5970,379,0.09847726812586188
B_Naive,CRB2,0.0016901539638638496,0.015580205246806145,0.08375209380234507,0.5277044854881267,5970,379,0.013890051282942295
B_Naive,CCL2,0.0024156614672392607,0.0354805625975132,0.11725293132328309,1.58311345646438,5970,379,0.03306490113027394
B_Naive,CUBN,0.015612284652888775,0.5337648391723633,0.7202680067001676,20.844327176781004,5970,379,0.5181525545194745
B_Naive,FOS,1.2691525220870972,0.2418057918548584,45.44388609715243,10.026385224274406,5970,379,-1.0273467302322388
B_Naive,ACSF2,0.017714133486151695,0.19608847796916962,0.8375209380234505,9.234828496042216,5970,379,0.17837434448301792
B_Naive,SHMT1,0.019960733130574226,0.15304133296012878,0.9547738693467337,7.387862796833773,5970,379,0.13308059982955456
B_Naive,AOC1,0.001405242015607655,0.023442160338163376,0.06700167504187605,1.3192612137203166,5970,379,0.02203691832255572
B_Naive,HNF4A,0.0009164040093310177,0.08303637057542801,0.05025125628140704,4.221635883905013,5970,379,0.08211996656609699
B_Naive,PROM1,0.0,0.33724623918533325,0.0,15.303430079155673,5970,379,0.33724623918533325
B_Naive,ACY1,0.02354380302131176,0.025305677205324173,1.0385259631490789,1.3192612137203166,5970,379,0.001761874184012413
B_memory,SLC5A10,0.003054581582546234,0.0522383414208889,0.2976190476190476,3.2498307379823967,336,1477,0.04918375983834267
B_memory,CYFIP2,0.2609498202800751,0.9132468700408936,19.047619047619047,47.05484089370346,336,1477,0.6522970497608185
B_memory,RELB,0.16572649776935577,0.20878027379512787,11.011904761904761,12.322274881516588,336,1477,0.043053776025772095
B_memory,ACAT1,0.12247065454721451,0.17569467425346375,9.821428571428571,10.088016249153691,336,1477,0.05322401970624924
B_memory,ARMC7,0.027569934725761414,0.04014316201210022,2.083333333333333,2.2342586323628977,336,1477,0.012573227286338806
B_memory,PAX8,0.006805452052503824,0.23793920874595642,0.2976190476190476,12.457684495599187,336,1477,0.2311337566934526
B_memory,ENPEP,0.0034947190433740616,0.20344451069831848,0.2976190476190476,11.103588354773189,336,1477,0.19994979165494442
B_memory,IL1RL1,0.020447151735424995,0.012051266618072987,1.1904761904761905,0.6770480704129994,336,1477,-0.008395885117352009
B_memory,DCN,0.020977593958377838,0.1628699004650116,2.083333333333333,9.27555856465809,336,1477,0.14189230650663376
B_memory,ALDH8A1,0.0038298044819384813,0.022913996130228043,0.2976190476190476,1.2863913337846988,336,1477,0.01908419164828956
B_memory,SLC2A9,0.00686770910397172,0.20959025621414185,0.2976190476190476,11.44211238997969,336,1477,0.20272254711017013
B_memory,SLC9A3,0.0,0.0045472909696400166,0.0,0.2708192281651997,336,1477,0.0045472909696400166
B_memory,UMOD,0.012088756076991558,0.04136190190911293,0.8928571428571428,1.9634394041976981,336,1477,0.029273145832121372
B_memory,PPARA,0.019069144502282143,0.25484371185302734,2.083333333333333,13.947190250507784,336,1477,0.2357745673507452
B_memory,AMN,0.050658032298088074,0.018968503922224045,3.273809523809524,0.9478672985781991,336,1477,-0.03168952837586403
B_memory,ACTA2,0.02557668276131153,0.11293577402830124,2.380952380952381,6.3642518618821935,336,1477,0.08735909126698971
B_memory,KCNJ15,0.0066202012822031975,0.18504437804222107,0.5952380952380952,9.61408259986459,336,1477,0.17842417676001787
B_memory,PEPD,0.08516936749219894,0.12621361017227173,6.547619047619048,7.244414353419093,336,1477,0.041044242680072784
B_memory,TNF,0.19128577411174774,0.0035152107011526823,14.285714285714285,0.2031144211238998,336,1477,-0.18777056341059506
B_memory,EFHD1,0.012792015448212624,0.05903157591819763,1.1904761904761905,2.9790115098171968,336,1477,0.04623956046998501
B_memory,SOST,0.0,0.0031089680269360542,0.0,0.2031144211238998,336,1477,0.0031089680269360542
B_memory,SLC17A3,0.0,0.07518033683300018,0.0,4.129993229519296,336,1477,0.07518033683300018
B_memory,ALDOB,0.13157856464385986,0.019177937880158424,6.25,0.8124576844955992,336,1477,-0.11240062676370144
B_memory,MME,0.03203001245856285,0.15434683859348297,2.380952380952381,8.395396073121193,336,1477,0.12231682613492012
B_memory,LGALS2,0.02664860710501671,0.014663830399513245,2.083333333333333,0.7447528774542992,336,1477,-0.011984776705503464
B_memory,BDH2,0.0609903447329998,0.08629462122917175,5.357142857142857,4.739336492890995,336,1477,0.02530427649617195
B_memory,FN1,0.01341973152011633,0.0928247720003128,1.488095238095238,5.213270142180095,336,1477,0.07940504048019648
B_memory,BICC1,0.0,0.45679107308387756,0.0,21.462423832092078,336,1477,0.45679107308387756
B_memory,ICAM1,0.10619772970676422,0.05379793420433998,7.142857142857142,3.1144211238997968,336,1477,-0.05239979550242424
B_memory,HAVCR1,0.0,0.09108718484640121,0.0,5.416384563303995,336,1477,0.09108718484640121
B_memory,TDGF1,0.0,0.005493392702192068,0.0,0.2708192281651997,336,1477,0.005493392702192068
B_memory,TM7SF3,0.08111004531383514,0.2755085527896881,7.738095238095238,15.910629654705485,336,1477,0.19439850747585297
B_memory,CD24,0.4600064754486084,0.3729497194290161,29.166666666666668,19.29587000677048,336,1477,-0.08705675601959229
B_memory,VCAM1,0.008549647405743599,0.37299612164497375,0.8928571428571428,20.92078537576168,336,1477,0.36444647423923016
B_memory,VIM,0.6114766597747803,0.2751408517360687,37.202380952380956,14.285714285714285,336,1477,-0.33633580803871155
B_memory,HOXA9,0.004640127066522837,0.030507007613778114,0.2976190476190476,1.8280297901150981,336,1477,0.025866880547255278
B_memory,RGL3,0.0,0.057889360934495926,0.0,2.9790115098171968,336,1477,0.057889360934495926
B_memory,COL1A1,0.01630355976521969,0.0636371597647667,1.7857142857142856,3.6560595802301963,336,1477,0.047333599999547005
B_memory,JUN,1.453517198562622,0.046572085469961166,60.416666666666664,2.098849018280298,336,1477,-1.406945113092661
B_memory,DPEP1,0.01272824127227068,0.036643534898757935,0.8928571428571428,2.098849018280298,336,1477,0.023915293626487255
B_memory,TCN2,0.005839597433805466,0.026407349854707718,0.5952380952380952,1.4218009478672986,336,1477,0.020567752420902252
B_memory,OCIAD2,0.2792792022228241,0.08373655378818512,20.535714285714285,4.739336492890995,336,1477,-0.19554264843463898
B_memory,SOX9,0.0020650234073400497,0.03809146583080292,0.2976190476190476,2.4373730534867977,336,1477,0.03602644242346287
B_memory,TWIST1,0.0,0.013347310945391655,0.0,0.7447528774542992,336,1477,0.013347310945391655
B_memory,SNAI1,0.025855861604213715,0.0013605608837679029,2.380952380952381,0.06770480704129993,336,1477,-0.024495300720445812
B_memory,BCAM,0.0066868821159005165,0.038201842457056046,0.5952380952380952,2.098849018280298,336,1477,0.03151496034115553
B_memory,CRB2,0.0,0.00621999055147171,0.0,0.3385240352064997,336,1477,0.00621999055147171
B_memory,CCL2,0.0018893445376306772,0.03846702352166176,0.2976190476190476,2.1665538253215977,336,1477,0.03657767898403108
B_memory,CUBN,0.03188856318593025,0.1786736249923706,1.7857142857142856,7.718348002708192,336,1477,0.14678506180644035
B_memory,FOS,1.726892352104187,0.04831526800990105,63.69047619047619,2.098849018280298,336,1477,-1.678577084094286
B_memory,ACSF2,0.016236206516623497,0.11731157451868057,1.1904761904761905,6.431956668923494,336,1477,0.10107536800205708
B_memory,SHMT1,0.012784164398908615,0.07796139270067215,1.1904761904761905,4.265402843601896,336,1477,0.06517722830176353
B_memory,AOC1,0.00609086686745286,0.014393062330782413,0.8928571428571428,0.8801624915368992,336,1477,0.008302195463329554
B_memory,HNF4A,0.005622609984129667,0.0429624505341053,0.5952380952380952,2.2342586323628977,336,1477,0.037339840549975634
B_memory,PROM1,0.004309875890612602,0.19679108262062073,0.5952380952380952,10.83276912660799,336,1477,0.19248120673000813
B_memory,ACY1,0.06303592026233673,0.02448742836713791,4.761904761904762,1.4218009478672986,336,1477,-0.03854849189519882
Plasma_Cells,SLC5A10,0.0,0.01128049474209547,0.0,0.7936507936507936,254,126,0.01128049474209547
Plasma_Cells,CYFIP2,0.4173979163169861,0.5016241073608398,43.30708661417323,24.6031746031746,254,126,0.08422619104385376
Plasma_Cells,RELB,0.11844754219055176,0.24974918365478516,14.173228346456693,14.285714285714285,254,126,0.1313016414642334
Plasma_Cells,ACAT1,0.13221438229084015,0.1218273863196373,16.535433070866144,7.142857142857142,254,126,-0.01038699597120285
Plasma_Cells,ARMC7,0.06046983599662781,0.019991649314761162,7.480314960629922,0.7936507936507936,254,126,-0.040478186681866646
Plasma_Cells,PAX8,0.01232288870960474,0.11800271272659302,0.7874015748031495,7.142857142857142,254,126,0.10567982401698828
Plasma_Cells,ENPEP,0.0,0.029789282009005547,0.0,1.5873015873015872,254,126,0.029789282009005547
Plasma_Cells,IL1RL1,0.0074025667272508144,0.01888393424451351,0.7874015748031495,0.7936507936507936,254,126,0.011481367517262697
Plasma_Cells,DCN,0.05156838148832321,0.10858262330293655,5.511811023622047,6.349206349206349,254,126,0.05701424181461334
Plasma_Cells,ALDH8A1,0.004509027116000652,0.02592957578599453,0.7874015748031495,1.5873015873015872,254,126,0.021420548669993877
Plasma_Cells,SLC2A9,0.004437553696334362,0.1220124289393425,0.39370078740157477,6.349206349206349,254,126,0.11757487524300814
Plasma_Cells,SLC9A3,0.003833860857412219,0.0,0.39370078740157477,0.0,254,126,-0.003833860857412219
Plasma_Cells,UMOD,0.005911021959036589,0.06120604649186134,0.39370078740157477,3.968253968253968,254,126,0.055295024532824755
Plasma_Cells,PPARA,0.06692583113908768,0.4213863015174866,6.692913385826772,20.634920634920633,254,126,0.3544604703783989
Plasma_Cells,AMN,0.011220484972000122,0.0,1.574803149606299,0.0,254,126,-0.011220484972000122
Plasma_Cells,ACTA2,0.028140217065811157,0.0523827001452446,3.149606299212598,3.1746031746031744,254,126,0.02424248307943344
Plasma_Cells,KCNJ15,0.005069187842309475,0.03181983157992363,0.39370078740157477,1.5873015873015872,254,126,0.026750643737614155
Plasma_Cells,PEPD,0.1062597706913948,0.06560070812702179,13.779527559055119,3.1746031746031744,254,126,-0.040659062564373016
Plasma_Cells,TNF,0.7875090837478638,0.0,52.362204724409445,0.0,254,126,-0.7875090837478638
Plasma_Cells,EFHD1,0.00224019936285913,0.022333698347210884,0.39370078740157477,1.5873015873015872,254,126,0.020093498984351754
Plasma_Cells,SOST,0.0,0.0,0.0,0.0,254,126,0.0
Plasma_Cells,SLC17A3,0.0,0.0654914528131485,0.0,3.968253968253968,254,126,0.0654914528131485
Plasma_Cells,ALDOB,0.034553151577711105,0.06244463473558426,1.574803149606299,3.1746031746031744,254,126,0.027891483157873154
Plasma_Cells,MME,0.020924730226397514,0.10034684091806412,2.7559055118110236,6.349206349206349,254,126,0.0794221106916666
Plasma_Cells,LGALS2,0.007176755927503109,0.019486302509903908,0.7874015748031495,0.7936507936507936,254,126,0.012309546582400799
Plasma_Cells,BDH2,0.06606854498386383,0.05635802075266838,7.874015748031496,3.1746031746031744,254,126,-0.00971052423119545
Plasma_Cells,FN1,0.0654430016875267,0.030938662588596344,8.267716535433072,2.380952380952381,254,126,-0.03450433909893036
Plasma_Cells,BICC1,0.006166878622025251,0.1575489640235901,0.39370078740157477,8.73015873015873,254,126,0.15138208540156484
Plasma_Cells,ICAM1,0.1596839725971222,0.02693910524249077,17.716535433070867,1.5873015873015872,254,126,-0.13274486735463142
Plasma_Cells,HAVCR1,0.0,0.0325600765645504,0.0,2.380952380952381,254,126,0.0325600765645504
Plasma_Cells,TDGF1,0.0,0.010754191316664219,0.0,0.7936507936507936,254,126,0.010754191316664219
Plasma_Cells,TM7SF3,0.07545298337936401,0.13987401127815247,8.661417322834646,7.936507936507936,254,126,0.06442102789878845
Plasma_Cells,CD24,0.6614893078804016,0.24445538222789764,54.330708661417326,11.904761904761903,254,126,-0.41703392565250397
Plasma_Cells,VCAM1,0.018910745158791542,0.1544751673936844,1.968503937007874,9.523809523809524,254,126,0.13556442223489285
Plasma_Cells,VIM,1.0262237787246704,0.3637029528617859,68.89763779527559,17.46031746031746,254,126,-0.6625208258628845
Plasma_Cells,HOXA9,0.0039031587075442076,0.011552855372428894,0.39370078740157477,0.7936507936507936,254,126,0.0076496966648846865
Plasma_Cells,RGL3,0.0,0.11651575565338135,0.0,5.555555555555555,254,126,0.11651575565338135
Plasma_Cells,COL1A1,0.04929708316922188,0.0,6.692913385826772,0.0,254,126,-0.04929708316922188
Plasma_Cells,JUN,3.166531562805176,0.07978559285402298,97.63779527559055,3.1746031746031744,254,126,-3.086745969951153
Plasma_Cells,DPEP1,0.0,0.014223621226847172,0.0,0.7936507936507936,254,126,0.014223621226847172
Plasma_Cells,TCN2,0.0,0.032989297062158585,0.0,1.5873015873015872,254,126,0.032989297062158585
Plasma_Cells,OCIAD2,0.2961995303630829,0.0653800293803215,32.28346456692913,3.1746031746031744,254,126,-0.23081950098276138
Plasma_Cells,SOX9,0.0026076273061335087,0.04110642150044441,0.39370078740157477,1.5873015873015872,254,126,0.038498794194310904
Plasma_Cells,TWIST1,0.0,0.0,0.0,0.0,254,126,0.0
Plasma_Cells,SNAI1,0.1673905998468399,0.0,18.89763779527559,0.0,254,126,-0.1673905998468399
Plasma_Cells,BCAM,0.008321148343384266,0.03425070643424988,0.7874015748031495,2.380952380952381,254,126,0.025929558090865612
Plasma_Cells,CRB2,0.002885162830352783,0.011540867388248444,0.39370078740157477,0.7936507936507936,254,126,0.00865570455789566
Plasma_Cells,CCL2,0.015685629099607468,0.01979958824813366,1.574803149606299,1.5873015873015872,254,126,0.004113959148526192
Plasma_Cells,CUBN,0.01411452516913414,0.21192705631256104,1.1811023622047243,10.317460317460316,254,126,0.1978125311434269
Plasma_Cells,FOS,3.2163023948669434,0.18232975900173187,97.63779527559055,7.936507936507936,254,126,-3.0339726358652115
Plasma_Cells,ACSF2,0.038396503776311874,0.1267910748720169,4.330708661417323,6.349206349206349,254,126,0.08839457109570503
Plasma_Cells,SHMT1,0.027271807193756104,0.045974090695381165,3.543307086614173,2.380952380952381,254,126,0.01870228350162506
Plasma_Cells,AOC1,0.0,0.014070206321775913,0.0,0.7936507936507936,254,126,0.014070206321775913
Plasma_Cells,HNF4A,0.0,0.023647490888834,0.0,1.5873015873015872,254,126,0.023647490888834
Plasma_Cells,PROM1,0.012867041863501072,0.08305125683546066,1.574803149606299,4.761904761904762,254,126,0.07018421497195959
Plasma_Cells,ACY1,0.05438894033432007,0.011939591728150845,6.692913385826772,0.7936507936507936,254,126,-0.042449348606169224
